consumer_id,mean_daily_kwh,std_daily_kwh,coefficient_of_variation,min_daily_kwh,max_daily_kwh,median_daily_kwh,zero_day_fraction,trend_ratio,weekday_weekend_ratio,sudden_drop_count,weekly_cv,near_cap_fraction,max_to_mean_ratio,theft_type,Label
CUST00001,10.197,5.749,0.5637,1.101,19.529,11.321,0.0,0.7005,0.1721,25,0.1949,0.0278,1.9151,periodic_bypass,Theft
CUST00002,15.519,8.9,0.5735,5.538,30.035,8.435,0.0,0.289,0.8765,1,0.5512,0.2722,1.9354,sudden_drop,Theft
CUST00003,17.386,2.52,0.1449,11.052,25.188,17.291,0.0,1.1882,0.9747,0,0.1043,0.2556,1.4488,none,Normal
CUST00004,21.693,2.566,0.1183,16.038,28.356,21.664,0.0,1.0838,0.948,0,0.0538,0.2889,1.3071,none,Normal
CUST00005,8.321,3.551,0.4268,0.0,16.397,8.476,0.0056,0.53,1.2267,4,0.3446,0.1,1.9705,none,Normal
CUST00006,8.747,3.625,0.4144,0.0,18.412,8.613,0.0056,1.7147,0.8807,10,0.3191,0.1278,2.1048,none,Normal
CUST00007,20.696,1.408,0.068,18.002,24.204,20.752,0.0,0.9435,1.085,0,0.0325,0.4778,1.1695,none,Normal
CUST00008,7.897,3.89,0.4927,1.313,13.646,8.767,0.0,0.869,0.222,25,0.1091,0.0722,1.7281,periodic_bypass,Theft
CUST00009,23.904,2.248,0.094,18.969,29.043,24.063,0.0,0.943,0.9302,0,0.0383,0.35,1.215,none,Normal
CUST00010,6.576,2.682,0.4079,0.0,14.444,6.667,0.0111,1.609,0.9956,21,0.3075,0.1,2.1964,none,Normal
CUST00011,7.812,3.388,0.4337,0.0,15.312,7.609,0.0056,1.9149,0.9816,11,0.3683,0.0611,1.9601,none,Normal
CUST00012,25.963,2.847,0.1097,16.351,33.522,26.008,0.0,0.9522,0.9975,0,0.058,0.3167,1.2911,none,Normal
CUST00013,8.084,1.336,0.1652,4.101,11.023,7.998,0.0,1.1705,0.9692,2,0.1068,0.25,1.3635,none,Normal
CUST00014,25.23,2.284,0.0905,19.465,30.177,25.047,0.0,0.9219,0.9374,0,0.0485,0.3944,1.1961,none,Normal
CUST00015,9.958,2.157,0.2166,5.425,16.4,9.697,0.0,1.1158,1.071,0,0.1505,0.1944,1.6469,none,Normal
CUST00016,9.213,2.395,0.26,3.448,15.731,8.935,0.0,1.2239,1.1921,3,0.1764,0.1944,1.7075,none,Normal
CUST00017,22.293,1.484,0.0666,17.904,25.389,22.327,0.0,0.9803,1.0158,0,0.05,0.5167,1.1389,none,Normal
CUST00018,17.757,1.496,0.0842,13.212,20.599,18.047,0.0,0.8991,0.9698,0,0.0687,0.4,1.16,none,Normal
CUST00019,6.153,3.175,0.5159,0.0,13.646,6.186,0.0222,0.4925,1.2925,27,0.3973,0.0722,2.2179,none,Normal
CUST00020,21.474,1.557,0.0725,17.94,25.069,21.304,0.0,0.9007,1.043,0,0.0576,0.4778,1.1674,none,Normal
CUST00021,25.855,3.176,0.1228,16.43,32.273,26.17,0.0,1.1809,1.0714,0,0.0976,0.2944,1.2482,none,Normal
CUST00022,18.839,1.37,0.0727,14.257,19.636,19.636,0.0,0.9211,1.0269,0,0.051,0.7278,1.0423,flattened_cap,Theft
CUST00023,14.204,2.091,0.1472,8.801,19.787,14.041,0.0,1.0029,1.1483,0,0.0404,0.2556,1.393,none,Normal
CUST00024,9.464,1.619,0.171,6.356,12.533,9.584,0.0,0.9393,1.2101,0,0.0418,0.0944,1.3242,none,Normal
CUST00025,16.299,2.191,0.1344,11.164,20.773,16.335,0.0,1.0857,0.8596,0,0.0526,0.2389,1.2745,none,Normal
CUST00026,10.254,1.428,0.1392,6.782,12.863,10.505,0.0,1.2225,0.902,0,0.1237,0.2222,1.2545,none,Normal
CUST00027,14.94,2.345,0.1569,9.134,19.419,14.964,0.0,0.7977,1.092,0,0.122,0.2778,1.2998,none,Normal
CUST00028,23.369,1.958,0.0838,17.497,27.819,23.496,0.0,0.9729,1.0012,0,0.0327,0.4,1.1904,none,Normal
CUST00029,5.156,3.252,0.6308,0.0,11.375,5.335,0.0667,0.2962,1.2716,0,0.5767,0.05,2.2062,none,Normal
CUST00030,3.233,2.307,0.7135,0.0,8.967,2.993,0.1111,0.9727,2.2926,46,0.2168,0.0278,2.7738,none,Normal
CUST00031,12.365,3.335,0.2697,3.972,19.688,12.224,0.0,1.3947,0.8675,2,0.1921,0.1611,1.5922,none,Normal
CUST00032,20.978,2.319,0.1105,17.051,27.053,20.751,0.0,1.1421,0.9299,0,0.0805,0.3444,1.2896,none,Normal
CUST00033,11.171,1.194,0.1069,8.163,13.836,11.219,0.0,1.0921,1.1293,0,0.0631,0.2833,1.2385,none,Normal
CUST00034,13.308,3.581,0.2691,5.679,19.422,14.183,0.0,0.6376,1.0595,0,0.2437,0.0889,1.4594,gradual_underreport,Theft
CUST00035,22.018,1.262,0.0573,17.128,22.77,22.77,0.0,1.0633,1.018,0,0.042,0.7611,1.0342,flattened_cap,Theft
CUST00036,19.379,2.815,0.1453,13.16,25.288,19.188,0.0,0.84,1.1911,0,0.0963,0.2278,1.3049,none,Normal
CUST00037,9.227,2.317,0.2511,3.982,14.3,9.281,0.0,0.7629,0.8987,0,0.1566,0.1389,1.5498,none,Normal
CUST00038,7.745,3.079,0.3975,0.028,12.131,8.321,0.1,1.0528,1.2489,5,0.2778,0.1444,1.5664,zero_stretches,Theft
CUST00039,10.244,2.203,0.215,5.319,15.952,10.335,0.0,0.8136,0.8155,0,0.157,0.1833,1.5572,none,Normal
CUST00040,7.213,3.112,0.4315,1.683,15.755,6.879,0.0,0.5079,0.8195,5,0.3648,0.0833,2.1842,gradual_underreport,Theft
CUST00041,23.129,0.709,0.0307,21.556,25.486,23.041,0.0,1.0386,0.9879,0,0.0236,0.8611,1.1019,none,Normal
CUST00042,21.348,2.496,0.1169,15.96,26.928,21.359,0.0,1.1144,1.1588,0,0.0619,0.3056,1.2614,none,Normal
CUST00043,21.525,3.051,0.1418,15.339,28.408,21.711,0.0,0.8427,1.132,0,0.1038,0.2056,1.3198,none,Normal
CUST00044,4.102,2.827,0.6892,0.0,12.037,3.901,0.1167,1.6537,1.1847,52,0.3481,0.0667,2.9346,none,Normal
CUST00045,10.493,2.855,0.2721,4.344,20.353,10.331,0.0,1.1771,0.7242,8,0.1274,0.1611,1.9397,none,Normal
CUST00046,13.601,2.525,0.1856,7.641,19.797,13.503,0.0,0.7419,1.0021,0,0.1605,0.1389,1.4556,none,Normal
CUST00047,17.636,1.924,0.1091,12.77,21.979,17.53,0.0,0.9064,1.0134,0,0.0555,0.3444,1.2463,none,Normal
CUST00048,14.482,2.945,0.2033,6.278,21.207,14.82,0.0,1.1835,1.1545,2,0.1299,0.1667,1.4643,none,Normal
CUST00049,10.054,2.283,0.2271,4.016,15.023,10.234,0.0,0.9441,0.9385,1,0.1558,0.1556,1.4942,none,Normal
CUST00050,22.633,1.982,0.0876,17.865,27.022,22.711,0.0,0.9797,0.8969,0,0.0382,0.4333,1.1939,none,Normal
CUST00051,21.739,0.891,0.041,17.698,22.26,22.26,0.0,0.9959,0.9709,0,0.012,0.8,1.024,flattened_cap,Theft
CUST00052,11.909,3.016,0.2532,5.356,19.665,12.217,0.0,0.8194,1.3208,4,0.1287,0.1167,1.6513,none,Normal
CUST00053,8.415,2.291,0.2722,3.264,14.299,8.581,0.0,1.008,0.6139,1,0.1201,0.0944,1.6993,none,Normal
CUST00054,11.949,2.859,0.2392,6.829,17.927,11.883,0.0,0.6649,1.0263,0,0.2252,0.1389,1.5003,gradual_underreport,Theft
CUST00055,17.557,3.285,0.1871,11.24,27.744,17.143,0.0,1.2958,1.1171,0,0.1483,0.2611,1.5802,none,Normal
CUST00056,18.154,5.704,0.3142,7.431,29.596,18.573,0.0,0.5781,1.0206,0,0.2932,0.1111,1.6303,gradual_underreport,Theft
CUST00057,8.436,2.212,0.2621,2.43,13.248,8.457,0.0,0.7498,1.153,2,0.1842,0.1444,1.5704,none,Normal
CUST00058,17.912,2.838,0.1585,11.207,26.114,18.122,0.0,0.8213,1.0774,0,0.1238,0.2,1.4579,none,Normal
CUST00059,6.921,2.419,0.3496,0.619,12.796,7.032,0.0,0.8246,1.3432,10,0.2075,0.1444,1.8487,none,Normal
CUST00060,18.845,1.702,0.0903,15.764,21.903,18.752,0.0,1.0386,0.9972,0,0.0216,0.2833,1.1622,none,Normal
CUST00061,12.563,3.412,0.2716,4.964,18.888,13.071,0.0,0.6453,1.0694,0,0.2393,0.1111,1.5034,gradual_underreport,Theft
CUST00062,17.82,1.702,0.0955,12.997,22.009,17.97,0.0,0.9158,0.9824,0,0.0631,0.3222,1.2351,none,Normal
CUST00063,5.483,3.505,0.6392,2.312,14.273,2.962,0.0,0.3392,0.9924,2,0.5984,0.3944,2.6033,sudden_drop,Theft
CUST00064,2.536,2.345,0.9245,0.0,10.963,1.733,0.1333,0.2519,0.7216,37,0.7967,0.0722,4.3224,gradual_underreport,Theft
CUST00065,12.584,1.688,0.1342,8.348,16.61,12.521,0.0,0.9021,0.8491,0,0.064,0.2833,1.32,none,Normal
CUST00066,7.046,1.79,0.254,2.001,11.788,7.191,0.0,1.121,1.1113,7,0.1554,0.1333,1.6729,none,Normal
CUST00067,9.842,2.917,0.2964,1.47,17.478,9.674,0.0,1.0243,1.3238,10,0.1196,0.1556,1.7758,none,Normal
CUST00068,3.096,2.681,0.8659,0.0,10.207,2.95,0.2222,0.2704,1.9097,40,0.6563,0.0444,3.2972,none,Normal
CUST00069,19.331,3.241,0.1677,12.417,27.215,18.761,0.0,1.2644,0.8908,0,0.1378,0.2889,1.4079,none,Normal
CUST00070,15.602,6.589,0.4223,4.656,24.827,18.099,0.0,0.9182,0.2841,26,0.0521,0.1222,1.5912,periodic_bypass,Theft
CUST00071,14.394,2.744,0.1906,7.645,21.066,14.407,0.0,1.2765,0.8665,0,0.1376,0.1667,1.4635,none,Normal
CUST00072,15.232,2.1,0.1378,8.959,19.456,15.163,0.0,1.0997,0.8478,0,0.0662,0.2556,1.2773,none,Normal
CUST00073,10.947,3.28,0.2997,4.921,19.749,10.802,0.0,0.6892,0.7075,0,0.2269,0.1278,1.804,none,Normal
CUST00074,23.79,2.132,0.0896,18.015,28.588,23.62,0.0,0.9875,0.9432,0,0.0313,0.4333,1.2017,none,Normal
CUST00075,2.799,3.076,1.0992,0.0,10.707,1.725,0.3722,0.0945,1.4243,36,0.9561,0.0278,3.8255,none,Normal
CUST00076,15.055,2.929,0.1945,9.442,22.118,14.777,0.0,0.7677,0.9281,0,0.1616,0.2167,1.4692,none,Normal
CUST00077,12.701,5.589,0.44,0.028,20.653,14.267,0.1222,1.2258,1.1166,8,0.2659,0.1389,1.6261,zero_stretches,Theft
CUST00078,14.79,2.882,0.1948,7.619,21.307,14.627,0.0,0.8758,0.8614,0,0.1014,0.2,1.4406,none,Normal
CUST00079,19.046,2.729,0.1433,12.544,26.724,19.322,0.0,1.1768,1.0545,0,0.1181,0.2167,1.4031,none,Normal
CUST00080,4.083,1.714,0.4199,0.284,9.836,4.042,0.0,1.0259,0.6508,29,0.1179,0.1111,2.4092,none,Normal
CUST00081,5.955,1.378,0.2315,2.435,8.461,5.892,0.0,1.3145,1.2843,0,0.1594,0.1778,1.4208,none,Normal
CUST00082,16.029,1.975,0.1232,12.26,21.692,15.85,0.0,0.8997,1.0222,0,0.1071,0.3556,1.3533,none,Normal
CUST00083,4.942,1.565,0.3167,1.001,9.157,4.889,0.0,1.4391,0.7632,1,0.2469,0.1167,1.853,none,Normal
CUST00084,8.255,3.631,0.4398,0.0,16.106,8.824,0.0056,0.4827,0.8361,5,0.3761,0.0667,1.9511,none,Normal
CUST00085,8.526,2.973,0.3487,2.473,15.264,8.462,0.0,0.5903,1.0883,4,0.2885,0.0833,1.7902,none,Normal
CUST00086,12.079,2.498,0.2068,6.832,19.631,11.909,0.0,1.0097,0.8932,1,0.1002,0.1778,1.6253,none,Normal
CUST00087,13.344,2.35,0.1761,7.474,18.132,13.138,0.0,1.1806,0.9645,0,0.1056,0.2444,1.3588,none,Normal
CUST00088,16.901,2.505,0.1482,10.488,22.379,17.401,0.0,1.202,1.0068,0,0.1285,0.2111,1.3241,none,Normal
CUST00089,16.018,3.026,0.1889,7.862,23.077,16.576,0.0,1.3183,1.0127,0,0.1624,0.1333,1.4407,none,Normal
CUST00090,9.815,0.93,0.0947,7.447,12.623,9.893,0.0,1.0427,1.0309,0,0.0442,0.3611,1.286,none,Normal
CUST00091,10.696,1.685,0.1575,5.194,15.375,10.725,0.0,1.1389,0.9682,1,0.0928,0.2444,1.4375,none,Normal
CUST00092,8.338,2.07,0.2483,4.259,13.233,8.542,0.0,1.2075,1.3091,2,0.1041,0.0889,1.587,none,Normal
CUST00093,15.294,1.975,0.1292,11.2,20.182,15.108,0.0,0.9521,1.0758,0,0.0571,0.3278,1.3196,none,Normal
CUST00094,17.509,7.265,0.4149,4.847,26.785,21.168,0.0,1.0813,0.2752,25,0.05,0.2333,1.5298,periodic_bypass,Theft
CUST00095,14.143,3.132,0.2215,5.889,22.255,14.425,0.0,0.7783,0.8305,3,0.147,0.15,1.5736,none,Normal
CUST00096,10.658,2.1,0.197,5.725,15.387,10.564,0.0,0.8955,1.2381,1,0.0817,0.1889,1.4436,none,Normal
CUST00097,4.351,2.903,0.6673,0.0,10.785,4.197,0.1278,0.3459,0.9666,33,0.5237,0.0389,2.4787,none,Normal
CUST00098,18.72,2.895,0.1546,12.713,26.075,18.468,0.0,1.2624,0.9712,0,0.1345,0.2556,1.3929,none,Normal
CUST00099,7.097,2.507,0.3533,1.752,12.892,6.363,0.0,1.7635,0.898,2,0.3166,0.15,1.8166,none,Normal
CUST00100,5.225,2.486,0.4758,0.0,11.069,5.145,0.0167,1.2786,1.7895,29,0.1673,0.1,2.1183,none,Normal
CUST00101,8.366,2.334,0.279,3.233,15.062,8.346,0.0,0.8778,0.7473,14,0.1016,0.1611,1.8005,none,Normal
CUST00102,19.325,2.544,0.1317,14.259,24.743,19.416,0.0,0.8063,1.0514,0,0.1166,0.2278,1.2804,none,Normal
CUST00103,17.805,1.899,0.1066,12.798,21.016,18.103,0.0,1.1059,0.9728,0,0.1,0.2611,1.1804,none,Normal
CUST00104,14.561,2.638,0.1811,7.61,20.956,14.667,0.0,1.0361,1.2029,0,0.0848,0.2111,1.4392,none,Normal
CUST00105,12.732,3.237,0.2543,4.887,18.633,12.832,0.0,1.4027,1.0819,0,0.2007,0.1667,1.4636,none,Normal
CUST00106,11.116,1.806,0.1625,6.518,16.599,11.019,0.0,1.0394,0.8772,0,0.0632,0.2444,1.4932,none,Normal
CUST00107,18.088,6.974,0.3856,6.414,27.913,20.945,0.0,1.1295,0.327,24,0.0742,0.1778,1.5431,periodic_bypass,Theft
CUST00108,11.148,4.057,0.3639,0.03,18.784,12.113,0.0611,1.1677,0.9515,5,0.2373,0.1333,1.6849,zero_stretches,Theft
CUST00109,13.646,1.555,0.114,7.862,14.65,14.65,0.0,1.1575,0.9809,0,0.1021,0.65,1.0735,flattened_cap,Theft
CUST00110,13.059,7.466,0.5717,1.11,22.784,15.778,0.0,0.9007,0.09,26,0.082,0.1,1.7446,periodic_bypass,Theft
CUST00111,20.89,1.983,0.0949,15.718,25.263,21.248,0.0,1.1269,0.9461,0,0.0792,0.3722,1.2093,none,Normal
CUST00112,4.696,2.581,0.5496,0.0,12.094,4.684,0.0333,0.7871,1.5527,43,0.1889,0.05,2.5755,none,Normal
CUST00113,12.139,4.924,0.4056,0.045,21.26,13.162,0.0722,0.5976,0.8775,3,0.3056,0.05,1.7514,zero_stretches,Theft
CUST00114,12.755,10.369,0.8129,3.19,28.97,4.327,0.0,0.1831,1.0745,1,0.7879,0.5167,2.2712,sudden_drop,Theft
CUST00115,20.787,2.095,0.1008,14.428,25.478,20.94,0.0,0.8906,0.99,0,0.0674,0.3056,1.2257,none,Normal
CUST00116,24.585,3.096,0.1259,15.495,30.858,24.859,0.0,1.1736,1.0638,0,0.0923,0.3,1.2552,none,Normal
CUST00117,10.636,2.659,0.25,4.575,15.857,11.036,0.0,0.6708,1.0439,0,0.2204,0.1389,1.4909,gradual_underreport,Theft
CUST00118,15.804,2.637,0.1668,10.024,19.824,16.2,0.0,1.3296,0.9872,0,0.1626,0.1389,1.2544,none,Normal
CUST00119,4.707,1.739,0.3694,0.0,8.853,4.704,0.0056,1.3042,0.811,18,0.2081,0.0667,1.881,none,Normal
CUST00120,20.679,6.962,0.3367,0.018,26.192,23.453,0.0944,1.3331,1.0112,4,0.2729,0.1333,1.2666,zero_stretches,Theft
CUST00121,3.668,3.011,0.8208,0.0,11.503,2.97,0.0222,2.0631,0.1575,33,0.4004,0.0333,3.1362,periodic_bypass,Theft
CUST00122,19.838,1.947,0.0982,15.116,24.191,19.821,0.0,0.9885,0.9194,0,0.0284,0.3722,1.2195,none,Normal
CUST00123,10.514,2.459,0.2338,4.506,17.171,10.496,0.0,1.1248,0.778,9,0.0965,0.1556,1.6333,none,Normal
CUST00124,18.035,2.244,0.1244,12.326,24.458,18.163,0.0,1.126,0.9901,0,0.0788,0.2944,1.3561,none,Normal
CUST00125,2.37,2.135,0.9008,0.0,9.856,2.168,0.2389,1.6829,0.8259,59,0.4048,0.0278,4.1585,none,Normal
CUST00126,19.213,2.065,0.1075,14.789,23.971,19.236,0.0,0.9019,1.128,0,0.0581,0.3222,1.2476,none,Normal
CUST00127,23.103,3.217,0.1392,16.439,31.07,22.88,0.0,0.805,1.0763,0,0.115,0.2444,1.3448,none,Normal
CUST00128,4.117,2.928,0.7111,0.0,12.577,3.233,0.0056,0.2872,0.9155,13,0.6486,0.0611,3.055,gradual_underreport,Theft
CUST00129,20.458,2.405,0.1176,15.171,26.769,20.423,0.0,0.9866,1.0088,0,0.0383,0.2944,1.3085,none,Normal
CUST00130,21.257,1.62,0.0762,17.451,24.09,21.636,0.0,0.8834,0.973,0,0.0679,0.3222,1.1333,none,Normal
CUST00131,23.273,2.326,0.1,16.053,29.337,23.11,0.0,0.9199,1.0619,0,0.05,0.3722,1.2606,none,Normal
CUST00132,9.229,2.597,0.2814,3.081,15.491,9.369,0.0,1.4129,1.1085,10,0.201,0.15,1.6784,none,Normal
CUST00133,10.274,2.69,0.2618,2.102,16.532,10.279,0.0,0.7746,0.9325,1,0.1708,0.15,1.6091,none,Normal
CUST00134,9.905,1.355,0.1368,6.465,13.328,9.852,0.0,1.144,0.9913,0,0.0782,0.2667,1.3455,none,Normal
CUST00135,19.416,1.712,0.0882,16.614,24.397,19.013,0.0,1.099,1.0033,0,0.0742,0.4778,1.2566,none,Normal
CUST00136,17.695,1.82,0.1029,12.673,22.416,17.809,0.0,1.0956,1.0777,0,0.0548,0.35,1.2668,none,Normal
CUST00137,4.082,3.231,0.7915,0.0,13.336,3.46,0.1278,2.4578,1.7685,34,0.5318,0.0556,3.2672,none,Normal
CUST00138,4.211,2.207,0.524,0.459,12.219,3.424,0.0,0.5288,0.9847,16,0.4429,0.1333,2.9015,sudden_drop,Theft
CUST00139,20.605,1.634,0.0793,16.776,23.89,20.589,0.0,1.055,0.9039,0,0.0526,0.4278,1.1594,none,Normal
CUST00140,7.201,4.33,0.6013,0.0,16.648,6.914,0.0722,2.5122,1.0662,21,0.4896,0.0889,2.3119,none,Normal
CUST00141,16.752,2.079,0.1241,10.93,20.839,17.028,0.0,0.8635,1.0407,0,0.096,0.3,1.244,none,Normal
CUST00142,19.023,1.819,0.0956,15.832,22.675,18.87,0.0,1.177,1.0396,0,0.088,0.3167,1.192,none,Normal
CUST00143,9.638,6.011,0.6237,4.767,19.447,5.44,0.0,0.374,1.0065,1,0.6129,0.6389,2.0177,sudden_drop,Theft
CUST00144,24.77,3.181,0.1284,16.218,32.349,24.827,0.0,1.1529,0.9807,0,0.0865,0.2722,1.306,none,Normal
CUST00145,7.695,1.98,0.2573,3.781,11.404,7.624,0.0,0.9001,1.0148,1,0.0732,0.15,1.482,none,Normal
CUST00146,22.062,2.896,0.1313,16.422,26.773,22.12,0.0,1.2543,1.0388,0,0.1264,0.2056,1.2135,none,Normal
CUST00147,5.773,1.875,0.3249,1.645,11.332,5.694,0.0,0.664,0.9154,8,0.2591,0.1056,1.9631,none,Normal
CUST00148,15.175,2.418,0.1594,9.129,20.254,15.05,0.0,1.0999,0.8121,0,0.1039,0.2333,1.3347,none,Normal
CUST00149,14.263,1.857,0.1302,9.41,19.241,14.119,0.0,1.0961,1.0178,2,0.0735,0.3,1.349,none,Normal
CUST00150,7.305,2.867,0.3925,0.719,15.007,7.279,0.0,0.8006,0.8815,17,0.2108,0.0944,2.0542,none,Normal
CUST00151,7.228,2.656,0.3675,1.402,12.782,7.377,0.0,1.7486,0.8327,2,0.3082,0.1056,1.7685,none,Normal
CUST00152,24.204,1.986,0.082,18.106,29.843,24.184,0.0,0.9963,1.0498,0,0.0224,0.4444,1.233,none,Normal
CUST00153,4.795,1.89,0.3942,0.755,8.895,4.774,0.0,1.1241,1.3757,21,0.0965,0.0778,1.855,none,Normal
CUST00154,14.781,2.103,0.1423,11.51,19.6,14.301,0.0,0.8016,1.0767,0,0.1324,0.2944,1.326,none,Normal
CUST00155,16.363,2.014,0.1231,12.847,20.099,16.44,0.0,0.992,0.9956,0,0.0182,0.1944,1.2283,none,Normal
CUST00156,15.914,2.293,0.1441,10.218,22.103,16.045,0.0,1.0768,0.8964,0,0.0733,0.2833,1.3889,none,Normal
CUST00157,9.398,1.887,0.2008,4.073,15.584,9.43,0.0,1.0829,1.0265,6,0.1113,0.1722,1.6582,none,Normal
CUST00158,5.036,1.737,0.3449,0.661,8.287,4.973,0.0,1.4237,0.5717,0,0.2081,0.1333,1.6455,none,Normal
CUST00159,9.669,2.199,0.2274,5.133,14.198,9.624,0.0,1.0375,1.3244,1,0.0519,0.2,1.4684,none,Normal
CUST00160,17.995,2.19,0.1217,13.928,23.179,18.174,0.0,1.0329,1.1263,0,0.0307,0.2111,1.2881,none,Normal
CUST00161,21.43,1.844,0.0861,17.074,25.152,21.662,0.0,1.1299,0.9419,0,0.0741,0.3722,1.1737,none,Normal
CUST00162,16.987,2.205,0.1298,11.711,20.963,16.964,0.0,1.1242,1.1335,0,0.0765,0.2889,1.2341,none,Normal
CUST00163,9.617,2.604,0.2708,3.93,15.865,9.468,0.0,0.8188,0.7145,1,0.1352,0.1444,1.6496,none,Normal
CUST00164,4.94,2.368,0.4794,0.0,11.272,4.892,0.0222,0.67,1.3987,35,0.2796,0.0944,2.2816,none,Normal
CUST00165,5.468,3.33,0.609,0.0,13.387,5.267,0.0611,0.4272,0.6455,33,0.4545,0.0611,2.4481,none,Normal
CUST00166,22.457,2.416,0.1076,15.89,27.797,22.483,0.0,0.9181,1.0432,0,0.0506,0.3778,1.2378,none,Normal
CUST00167,3.854,1.241,0.3219,1.144,6.167,3.898,0.0,0.8463,0.5475,6,0.0963,0.1056,1.6001,none,Normal
CUST00168,15.562,2.8,0.1799,8.151,23.35,15.245,0.0,1.1991,1.0741,0,0.1248,0.2333,1.5004,none,Normal
CUST00169,11.955,2.395,0.2003,6.066,16.721,12.31,0.0,0.7242,1.0817,0,0.169,0.1389,1.3986,none,Normal
CUST00170,12.22,1.491,0.122,9.802,16.224,11.989,0.0,1.1935,1.0209,0,0.1051,0.3889,1.3277,none,Normal
CUST00171,1.733,1.382,0.798,0.0,5.22,1.477,0.15,0.337,0.4472,18,0.7007,0.0444,3.0127,none,Normal
CUST00172,7.766,2.798,0.3603,0.024,14.885,7.742,0.0056,1.3262,0.6733,21,0.1792,0.1111,1.9168,none,Normal
CUST00173,17.903,3.577,0.1998,7.351,25.551,18.063,0.0,1.3178,0.9876,0,0.1559,0.1667,1.4272,none,Normal
CUST00174,7.638,2.011,0.2634,2.961,12.376,7.621,0.0,0.8844,1.2385,4,0.0896,0.15,1.6205,none,Normal
CUST00175,11.783,1.895,0.1608,7.91,17.057,11.564,0.0,1.0489,0.9751,4,0.0574,0.2556,1.4476,none,Normal
CUST00176,19.985,1.864,0.0933,15.024,24.502,20.022,0.0,0.9245,0.8988,0,0.0496,0.4167,1.226,none,Normal
CUST00177,20.136,2.334,0.1159,14.169,25.598,20.178,0.0,1.0455,0.9819,0,0.0474,0.2889,1.2713,none,Normal
CUST00178,12.68,2.826,0.2229,6.633,18.578,12.621,0.0,1.3285,0.7992,0,0.1552,0.1778,1.4651,none,Normal
CUST00179,14.194,1.341,0.0945,11.113,18.157,14.048,0.0,1.0506,0.9236,0,0.0726,0.4056,1.2792,none,Normal
CUST00180,11.301,1.653,0.1463,5.469,12.29,12.29,0.0,0.8536,0.9853,0,0.1035,0.6611,1.0875,flattened_cap,Theft
CUST00181,21.374,2.917,0.1365,12.996,28.095,21.371,0.0,1.1312,0.9127,0,0.0834,0.2833,1.3144,none,Normal
CUST00182,16.377,2.634,0.1608,9.82,21.956,16.513,0.0,1.2111,1.0334,0,0.1189,0.2389,1.3406,none,Normal
CUST00183,5.282,2.292,0.4339,0.023,10.74,5.364,0.0722,1.7944,1.0014,5,0.3674,0.1556,2.0333,zero_stretches,Theft
CUST00184,19.845,1.88,0.0947,14.879,24.774,19.97,0.0,1.0762,0.9489,0,0.0644,0.3611,1.2483,none,Normal
CUST00185,5.882,1.737,0.2953,0.448,9.431,6.003,0.0,1.188,0.743,3,0.2006,0.1111,1.6033,none,Normal
CUST00186,9.69,1.694,0.1748,3.437,10.726,10.726,0.0,0.831,1.0194,0,0.1221,0.65,1.1069,flattened_cap,Theft
CUST00187,6.353,1.496,0.2355,3.027,10.068,6.242,0.0,1.2142,1.1118,0,0.1885,0.1278,1.5846,none,Normal
CUST00188,6.153,3.04,0.4941,0.0,14.843,5.9,0.0167,1.3926,0.8556,28,0.227,0.0833,2.4125,none,Normal
CUST00189,23.494,2.587,0.1101,17.942,27.806,23.993,0.0,1.2066,1.0393,0,0.1054,0.2333,1.1836,none,Normal
CUST00190,9.579,2.91,0.3038,3.377,16.153,9.606,0.0,1.1664,0.6818,10,0.1352,0.1111,1.6864,none,Normal
CUST00191,20.658,3.138,0.1519,15.388,27.765,20.535,0.0,0.7708,1.0347,0,0.1425,0.1833,1.3441,none,Normal
CUST00192,18.2,3.503,0.1925,10.188,27.303,17.828,0.0,1.2984,1.144,0,0.1439,0.1889,1.5002,none,Normal
CUST00193,19.557,1.137,0.0581,17.364,22.732,19.436,0.0,1.0828,1.0463,0,0.0473,0.6278,1.1624,none,Normal
CUST00194,20.64,2.423,0.1174,14.76,27.188,20.608,0.0,1.053,0.9514,0,0.044,0.3111,1.3172,none,Normal
CUST00195,3.943,3.169,0.8038,0.0,12.692,3.375,0.1333,0.2453,0.9879,31,0.7209,0.0278,3.2191,none,Normal
CUST00196,19.066,2.514,0.1318,14.186,26.662,18.651,0.0,0.8531,0.9672,0,0.1025,0.3222,1.3984,none,Normal
CUST00197,8.081,2.006,0.2482,4.003,12.298,7.95,0.0,0.8109,1.1563,1,0.1257,0.1889,1.5217,none,Normal
CUST00198,13.637,1.544,0.1132,9.856,16.92,13.748,0.0,1.0364,1.1328,0,0.0414,0.2722,1.2408,none,Normal
CUST00199,6.012,2.583,0.4297,0.0,13.292,6.165,0.0167,0.6428,1.4231,14,0.2517,0.0722,2.2109,none,Normal
CUST00200,24.05,1.084,0.0451,21.322,26.73,23.989,0.0,1.0443,0.9826,0,0.0269,0.7333,1.1114,none,Normal
CUST00201,13.41,1.784,0.133,9.025,17.836,13.496,0.0,1.0404,0.9415,0,0.0628,0.2722,1.3301,none,Normal
CUST00202,24.92,2.758,0.1107,18.737,30.374,25.274,0.0,1.197,1.0058,0,0.0987,0.2278,1.2189,none,Normal
CUST00203,24.093,1.094,0.0454,21.323,26.689,24.091,0.0,1.0543,0.9829,0,0.0297,0.7,1.1077,none,Normal
CUST00204,12.229,2.46,0.2012,6.214,16.813,12.13,0.0,0.8091,0.7736,0,0.1356,0.2111,1.3748,none,Normal
CUST00205,11.92,3.322,0.2787,3.673,21.163,11.677,0.0,0.7506,1.2934,2,0.1582,0.1556,1.7754,none,Normal
CUST00206,10.838,1.986,0.1832,5.994,15.772,10.783,0.0,1.0935,0.7784,0,0.0911,0.1833,1.4554,none,Normal
CUST00207,14.065,8.968,0.6376,5.328,28.789,6.623,0.0,0.2826,1.049,1,0.6065,0.4889,2.0469,sudden_drop,Theft
CUST00208,19.967,1.702,0.0852,14.511,23.48,20.009,0.0,0.9356,0.9134,0,0.0429,0.3722,1.1759,none,Normal
CUST00209,14.644,2.037,0.1391,10.356,18.852,14.774,0.0,0.8187,0.9306,0,0.1144,0.2333,1.2874,none,Normal
CUST00210,16.299,1.629,0.1,12.706,20.301,16.162,0.0,1.1122,1.0426,0,0.0627,0.3722,1.2455,none,Normal
CUST00211,4.345,2.451,0.5642,0.0,12.102,3.87,0.0056,2.0837,0.9814,21,0.4545,0.0889,2.7854,none,Normal
CUST00212,12.768,3.376,0.2644,6.201,21.432,12.602,0.0,1.4897,0.805,0,0.2195,0.1056,1.6786,none,Normal
CUST00213,10.589,2.724,0.2573,5.154,16.844,10.771,0.0,1.2455,1.2096,0,0.1251,0.1611,1.5907,none,Normal
CUST00214,3.665,2.633,0.7185,0.0,11.298,3.639,0.1056,2.0998,1.763,30,0.5167,0.0444,3.0827,none,Normal
CUST00215,4.332,1.127,0.2602,0.66,7.586,4.363,0.0,1.2639,1.0706,9,0.1529,0.1444,1.7512,none,Normal
CUST00216,18.968,3.098,0.1633,13.617,25.871,18.455,0.0,0.7797,0.8753,0,0.1428,0.2278,1.364,none,Normal
CUST00217,8.438,1.212,0.1436,4.849,10.709,8.378,0.0,0.8238,1.1411,0,0.1034,0.2778,1.269,none,Normal
CUST00218,3.643,2.099,0.5762,0.0,8.741,3.561,0.05,1.3238,1.1117,39,0.2621,0.0889,2.3995,none,Normal
CUST00219,20.878,1.532,0.0734,17.789,24.814,20.731,0.0,1.0483,0.949,0,0.0573,0.5111,1.1885,none,Normal
CUST00220,8.238,2.575,0.3125,1.316,15.354,8.298,0.0,1.32,1.4332,7,0.1591,0.1444,1.8639,none,Normal
CUST00221,23.376,1.462,0.0626,19.928,26.486,23.489,0.0,0.9261,1.0232,0,0.0443,0.5056,1.133,none,Normal
CUST00222,24.629,3.218,0.1307,18.206,30.867,24.529,0.0,0.8297,1.1164,0,0.1021,0.2611,1.2533,none,Normal
CUST00223,20.125,1.474,0.0733,15.215,21.04,21.04,0.0,0.9133,1.0001,0,0.0645,0.7222,1.0455,flattened_cap,Theft
CUST00224,20.675,2.617,0.1266,12.97,26.24,20.874,0.0,0.8435,0.9781,0,0.0964,0.2611,1.2692,none,Normal
CUST00225,18.558,1.745,0.094,14.933,22.485,18.659,0.0,0.8665,1.0025,0,0.0813,0.2833,1.2116,none,Normal
CUST00226,18.588,6.309,0.3394,0.037,27.482,20.088,0.0667,1.4284,0.9493,3,0.2468,0.1056,1.4785,zero_stretches,Theft
CUST00227,6.474,2.226,0.3438,2.375,12.517,6.053,0.0,0.6189,0.7527,0,0.2935,0.1333,1.9333,none,Normal
CUST00228,13.058,3.222,0.2468,6.384,18.421,13.6,0.0,0.6574,1.1308,0,0.2236,0.0889,1.4107,none,Normal
CUST00229,7.241,2.948,0.4072,0.0,14.166,7.292,0.0056,0.5771,1.1725,6,0.2961,0.0833,1.9564,none,Normal
CUST00230,27.005,2.398,0.0888,19.56,33.839,27.088,0.0,1.0447,1.0064,0,0.0613,0.4222,1.2531,none,Normal
CUST00231,22.819,3.111,0.1363,16.388,30.158,22.816,0.0,1.123,0.8478,0,0.0756,0.25,1.3216,none,Normal
CUST00232,13.286,5.737,0.4318,0.003,21.787,14.883,0.1,1.0547,0.7646,7,0.2329,0.2333,1.6399,zero_stretches,Theft
CUST00233,15.889,2.375,0.1495,11.573,20.51,16.035,0.0,0.7701,0.9934,0,0.1428,0.1833,1.2908,none,Normal
CUST00234,4.864,3.253,0.6688,0.0,11.47,4.566,0.0889,0.3446,1.2087,29,0.5533,0.0611,2.3582,none,Normal
CUST00235,12.546,2.973,0.2369,6.67,19.626,12.723,0.0,0.6872,0.8915,0,0.2033,0.1278,1.5642,gradual_underreport,Theft
CUST00236,14.616,2.231,0.1526,7.821,19.781,14.588,0.0,1.0339,0.9865,0,0.0775,0.3056,1.3534,none,Normal
CUST00237,10.881,1.164,0.107,6.912,13.746,10.981,0.0,1.0582,1.0431,0,0.0743,0.2833,1.2633,none,Normal
CUST00238,11.798,2.476,0.2098,4.849,18.512,11.752,0.0,1.1237,0.8324,4,0.1053,0.1944,1.5692,none,Normal
CUST00239,15.456,2.412,0.1561,9.52,21.248,15.459,0.0,1.0636,1.0237,0,0.0783,0.2333,1.3747,none,Normal
CUST00240,7.744,3.378,0.4361,0.0,15.414,7.905,0.0111,1.856,0.8655,8,0.3394,0.0611,1.9904,none,Normal
CUST00241,14.103,1.706,0.121,9.308,16.646,14.458,0.0,0.8298,1.0418,0,0.1048,0.2556,1.1803,none,Normal
CUST00242,4.4,2.161,0.4911,0.0,10.46,4.413,0.0333,0.7736,1.1388,33,0.1977,0.05,2.3774,none,Normal
CUST00243,13.747,1.182,0.086,8.954,14.427,14.427,0.0,1.0549,1.0629,0,0.0479,0.7056,1.0495,flattened_cap,Theft
CUST00244,15.407,2.496,0.162,9.704,20.492,15.734,0.0,1.261,1.0144,0,0.1383,0.1611,1.33,none,Normal
CUST00245,13.551,1.698,0.1253,9.288,17.958,13.527,0.0,1.04,1.1286,0,0.0535,0.2889,1.3253,none,Normal
CUST00246,9.266,1.307,0.1411,5.809,12.449,9.353,0.0,1.0848,0.8382,0,0.0618,0.2667,1.3435,none,Normal
CUST00247,20.42,1.745,0.0855,17.193,24.32,20.445,0.0,0.9435,0.96,0,0.0424,0.3778,1.1909,none,Normal
CUST00248,6.556,1.566,0.2388,3.548,10.081,6.595,0.0,0.8483,0.9688,0,0.0909,0.1222,1.5376,none,Normal
CUST00249,18.568,2.139,0.1152,14.184,24.474,18.44,0.0,1.1384,1.0791,0,0.0808,0.2944,1.3181,none,Normal
CUST00250,20.551,3.044,0.1481,13.621,26.957,20.83,0.0,1.2701,1.1032,0,0.1338,0.2,1.3117,none,Normal
CUST00251,23.268,2.961,0.1272,15.917,29.821,23.426,0.0,0.8584,1.0122,0,0.0955,0.2278,1.2816,none,Normal
CUST00252,19.168,1.962,0.1024,14.413,24.209,19.022,0.0,0.9755,0.9613,0,0.0533,0.3556,1.263,none,Normal
CUST00253,19.674,2.554,0.1298,14.32,26.058,19.397,0.0,0.8417,0.8893,0,0.1057,0.2667,1.3245,none,Normal
CUST00254,14.394,6.765,0.47,3.862,28.135,14.229,0.0,0.4234,0.9709,0,0.4397,0.0667,1.9546,gradual_underreport,Theft
CUST00255,8.147,2.179,0.2674,3.482,13.571,8.419,0.0,0.8462,1.0188,8,0.0996,0.1,1.6657,none,Normal
CUST00256,12.371,1.995,0.1613,7.859,16.692,12.355,0.0,1.1102,0.9548,0,0.0558,0.2056,1.3493,none,Normal
CUST00257,18.799,2.554,0.1359,10.924,24.586,18.841,0.0,0.976,0.857,0,0.0337,0.2889,1.3078,none,Normal
CUST00258,6.916,0.956,0.1382,2.31,7.467,7.467,0.0,1.1308,0.9383,0,0.073,0.6667,1.0796,flattened_cap,Theft
CUST00259,12.072,2.637,0.2185,3.374,18.545,12.002,0.0,0.8354,1.3146,2,0.1101,0.1833,1.5362,none,Normal
CUST00260,8.353,0.634,0.0758,5.78,8.73,8.73,0.0,1.032,0.903,0,0.0314,0.6833,1.0451,flattened_cap,Theft
CUST00261,3.738,2.386,0.6384,0.0,11.382,3.721,0.1056,0.5285,0.7121,37,0.3399,0.0556,3.0451,none,Normal
CUST00262,14.292,4.481,0.3135,0.021,19.16,15.683,0.0444,0.8991,1.0341,3,0.2364,0.1722,1.3406,zero_stretches,Theft
CUST00263,11.98,1.116,0.0932,9.657,15.012,11.786,0.0,1.1003,0.9701,0,0.059,0.3556,1.2532,none,Normal
CUST00264,3.092,1.706,0.5517,0.0,6.574,3.09,0.0222,0.6956,2.1586,34,0.2088,0.0556,2.1259,none,Normal
CUST00265,21.06,2.963,0.1407,13.71,29.206,21.267,0.0,0.9811,0.9976,0,0.0724,0.2333,1.3868,none,Normal
CUST00266,4.58,3.492,0.7626,0.0,12.433,4.428,0.1889,3.3034,0.9113,36,0.6232,0.0389,2.715,none,Normal
CUST00267,19.873,10.215,0.514,2.606,30.845,24.637,0.0,0.887,0.1524,24,0.0769,0.1333,1.5521,periodic_bypass,Theft
CUST00268,16.914,2.074,0.1226,11.436,23.862,17.05,0.0,1.0899,1.0413,0,0.0821,0.2722,1.4108,none,Normal
CUST00269,2.96,3.039,1.0268,0.0,10.093,2.104,0.3167,4.5699,0.5999,45,0.75,0.0278,3.4103,zero_stretches,Theft
CUST00270,8.039,1.191,0.1482,3.882,8.774,8.774,0.0,1.1676,1.0621,0,0.0967,0.6611,1.0914,flattened_cap,Theft
CUST00271,9.0,2.218,0.2464,4.581,15.949,8.806,0.0,0.7782,1.09,6,0.1914,0.1611,1.7721,none,Normal
CUST00272,14.594,1.698,0.1164,10.891,19.837,14.357,0.0,0.9734,1.0597,0,0.0457,0.3833,1.3593,none,Normal
CUST00273,20.439,3.22,0.1575,13.102,28.057,20.563,0.0,1.2015,1.0287,0,0.1154,0.2444,1.3727,none,Normal
CUST00274,22.697,2.229,0.0982,15.681,27.493,22.773,0.0,0.9514,0.9864,0,0.048,0.3722,1.2113,none,Normal
CUST00275,5.443,2.397,0.4405,0.0,11.298,5.53,0.0111,0.7586,0.7714,21,0.1988,0.0944,2.0757,none,Normal
CUST00276,10.985,2.908,0.2647,5.457,18.383,11.175,0.0,0.8106,1.1877,4,0.1607,0.1167,1.6735,none,Normal
CUST00277,14.278,3.349,0.2346,7.131,22.795,14.118,0.0,0.73,0.8121,1,0.1761,0.1722,1.5965,none,Normal
CUST00278,14.943,2.184,0.1461,9.672,20.37,15.35,0.0,1.1327,1.0871,0,0.0832,0.1722,1.3632,none,Normal
CUST00279,11.994,1.959,0.1633,7.409,16.862,12.084,0.0,0.7983,0.9877,0,0.1315,0.1944,1.4059,none,Normal
CUST00280,17.215,2.653,0.1541,12.015,23.418,17.035,0.0,1.1991,0.9959,0,0.1031,0.2611,1.3603,none,Normal
CUST00281,19.962,3.04,0.1523,10.979,26.472,19.942,0.0,1.1419,1.1347,0,0.0874,0.2556,1.3261,none,Normal
CUST00282,19.704,2.893,0.1468,12.792,27.999,19.892,0.0,1.0789,0.8693,0,0.0768,0.2278,1.421,none,Normal
CUST00283,14.583,3.653,0.2505,6.12,22.698,14.253,0.0,1.3969,0.9117,1,0.1877,0.1389,1.5565,none,Normal
CUST00284,25.63,2.34,0.0913,18.821,31.112,25.754,0.0,0.927,0.9598,0,0.0502,0.4,1.2139,none,Normal
CUST00285,9.54,2.379,0.2494,4.645,13.22,9.886,0.0,1.5398,0.9259,0,0.2406,0.0778,1.3858,none,Normal
CUST00286,10.85,2.953,0.2722,4.439,17.277,10.961,0.0,1.5233,1.2124,2,0.2269,0.1167,1.5923,none,Normal
CUST00287,11.579,6.369,0.55,3.508,21.107,14.564,0.0,0.3579,0.9688,1,0.5172,0.1611,1.8229,sudden_drop,Theft
CUST00288,10.471,2.223,0.2123,4.853,15.328,10.684,0.0,0.8729,1.0232,1,0.1472,0.1833,1.4639,none,Normal
CUST00289,17.53,1.645,0.0938,12.149,20.844,17.773,0.0,1.0579,1.0111,0,0.0561,0.2722,1.1891,none,Normal
CUST00290,5.983,3.353,0.5605,0.0,15.139,5.262,0.0056,2.4182,0.8672,11,0.4822,0.0778,2.5303,none,Normal
CUST00291,7.013,2.461,0.351,1.088,11.069,7.455,0.0,0.5533,0.925,0,0.3084,0.0667,1.5784,none,Normal
CUST00292,17.706,2.245,0.1268,11.316,24.377,17.768,0.0,0.9536,1.0863,0,0.0447,0.2667,1.3768,none,Normal
CUST00293,9.698,4.416,0.4553,2.603,16.111,11.313,0.0,1.0481,0.2422,25,0.0341,0.1556,1.6612,periodic_bypass,Theft
CUST00294,5.331,3.543,0.6647,0.0,11.897,5.865,0.1222,0.349,0.7249,28,0.5397,0.0333,2.2317,none,Normal
CUST00295,16.882,1.878,0.1112,12.162,21.154,17.11,0.0,0.9229,0.9615,0,0.0588,0.3111,1.2531,none,Normal
CUST00296,12.213,2.039,0.167,6.714,18.416,12.18,0.0,0.8758,1.0125,3,0.0931,0.2056,1.5079,none,Normal
CUST00297,21.246,1.935,0.0911,16.871,25.762,20.961,0.0,1.0446,0.908,0,0.0336,0.4,1.2126,none,Normal
CUST00298,10.438,1.245,0.1193,7.109,14.856,10.394,0.0,1.1234,0.97,0,0.0745,0.3611,1.4232,none,Normal
CUST00299,17.612,2.763,0.1569,11.838,23.424,17.593,0.0,0.7959,1.1692,0,0.1244,0.2278,1.33,none,Normal
CUST00300,25.532,2.523,0.0988,19.505,30.535,25.865,0.0,0.8953,0.9423,0,0.0711,0.3667,1.1959,none,Normal
CUST00301,14.068,1.335,0.0949,10.977,17.118,13.905,0.0,1.0393,1.0019,0,0.0333,0.3889,1.2168,none,Normal
CUST00302,8.767,1.116,0.1273,6.059,11.16,8.792,0.0,1.048,0.8635,0,0.0385,0.2556,1.2729,none,Normal
CUST00303,11.884,2.843,0.2392,4.362,20.176,11.748,0.0,0.7554,0.8624,0,0.167,0.1778,1.6977,none,Normal
CUST00304,5.768,2.079,0.3604,1.311,10.44,5.857,0.0,0.752,0.5432,6,0.156,0.1,1.8099,none,Normal
CUST00305,13.963,2.384,0.1707,8.578,20.043,14.074,0.0,1.0232,0.8636,4,0.036,0.1833,1.4355,none,Normal
CUST00306,8.826,1.545,0.175,5.002,12.72,8.901,0.0,0.899,0.9201,1,0.0712,0.2,1.4412,none,Normal
CUST00307,18.906,4.699,0.2485,0.034,25.12,19.729,0.0389,0.9345,1.0976,3,0.1666,0.3556,1.3286,zero_stretches,Theft
CUST00308,9.805,2.481,0.253,2.482,16.486,9.559,0.0,1.2931,0.923,2,0.1863,0.15,1.6814,none,Normal
CUST00309,23.994,2.071,0.0863,18.947,28.886,23.975,0.0,0.9627,0.8862,0,0.0353,0.3889,1.2039,none,Normal
CUST00310,23.178,3.16,0.1363,15.312,28.768,23.236,0.0,0.8472,1.1198,0,0.0942,0.3333,1.2412,none,Normal
CUST00311,9.628,0.679,0.0705,8.144,11.323,9.558,0.0,0.966,0.9569,0,0.045,0.4778,1.176,none,Normal
CUST00312,7.163,1.652,0.2307,3.712,11.077,7.031,0.0,1.1767,1.3211,0,0.1155,0.1778,1.5464,none,Normal
CUST00313,10.446,3.605,0.3451,2.402,18.903,10.142,0.0,1.6586,0.7243,1,0.2813,0.1056,1.8096,none,Normal
CUST00314,3.436,1.97,0.5733,0.0,7.705,3.291,0.0389,0.6241,1.3747,35,0.2818,0.0778,2.2422,none,Normal
CUST00315,21.63,1.253,0.0579,19.06,24.26,21.634,0.0,0.9439,0.9535,0,0.0309,0.5722,1.1216,none,Normal
CUST00316,11.976,3.474,0.2901,2.359,19.095,12.324,0.0,0.6412,1.1158,1,0.2446,0.1333,1.5944,none,Normal
CUST00317,20.107,2.514,0.125,13.837,26.767,20.097,0.0,1.0027,0.9889,0,0.0628,0.3,1.3312,none,Normal
CUST00318,13.27,2.162,0.1629,7.504,18.36,13.21,0.0,1.069,0.99,0,0.0811,0.2167,1.3835,none,Normal
CUST00319,17.652,1.902,0.1078,10.91,22.562,17.686,0.0,0.962,0.9241,0,0.0569,0.3611,1.2782,none,Normal
CUST00320,25.609,2.539,0.0992,18.899,31.777,25.698,0.0,1.0842,0.9478,0,0.0596,0.3722,1.2409,none,Normal
CUST00321,18.865,2.03,0.1076,13.97,24.947,18.581,0.0,1.0362,0.9789,0,0.0665,0.3167,1.3224,none,Normal
CUST00322,6.331,2.592,0.4095,0.297,10.215,6.868,0.0,2.0706,1.0482,0,0.3995,0.0444,1.6136,none,Normal
CUST00323,8.858,7.706,0.8699,2.185,21.699,3.075,0.0,0.1943,0.9496,4,0.8459,0.5333,2.4496,sudden_drop,Theft
CUST00324,4.297,2.856,0.6645,0.257,12.585,3.236,0.0,0.3399,1.1081,19,0.505,0.1111,2.9285,sudden_drop,Theft
CUST00325,20.485,2.539,0.1239,14.891,27.754,20.651,0.0,1.027,1.1098,0,0.0375,0.2722,1.3548,none,Normal
CUST00326,19.717,2.092,0.1061,15.299,24.373,19.944,0.0,0.9655,0.8397,0,0.0286,0.2556,1.2361,none,Normal
CUST00327,21.753,2.506,0.1152,16.153,29.167,21.478,0.0,1.1334,1.0885,0,0.0744,0.3778,1.3408,none,Normal
CUST00328,4.888,2.311,0.4728,0.0,9.976,4.88,0.0167,1.3872,1.6337,25,0.2187,0.0833,2.041,none,Normal
CUST00329,3.798,1.929,0.5079,0.0,8.322,3.773,0.05,1.784,0.6286,22,0.3377,0.0778,2.1913,none,Normal
CUST00330,7.287,2.608,0.3578,0.0,14.295,7.196,0.0056,0.8384,0.6734,14,0.1726,0.1333,1.9617,none,Normal
CUST00331,8.735,1.641,0.1879,5.737,11.923,8.789,0.0,1.3825,0.9692,0,0.176,0.1278,1.3649,none,Normal
CUST00332,14.451,4.336,0.3,6.761,22.896,14.393,0.0,0.5893,0.9084,0,0.2802,0.1,1.5844,gradual_underreport,Theft
CUST00333,5.621,2.793,0.4969,0.325,12.141,5.478,0.0,2.1937,1.5183,0,0.4171,0.0778,2.1598,none,Normal
CUST00334,21.352,2.317,0.1085,16.988,26.977,21.273,0.0,0.8729,0.9643,0,0.0846,0.3444,1.2635,none,Normal
CUST00335,23.168,2.004,0.0865,17.162,28.923,23.283,0.0,1.0413,1.008,0,0.0418,0.3722,1.2484,none,Normal
CUST00336,5.154,3.045,0.5909,0.0,12.231,4.657,0.0278,0.393,0.7865,30,0.4739,0.0833,2.3734,none,Normal
CUST00337,12.318,2.53,0.2054,5.158,17.989,12.487,0.0,0.94,1.2811,7,0.0549,0.1444,1.4604,none,Normal
CUST00338,21.734,1.054,0.0485,19.964,24.131,21.615,0.0,1.0819,1.0091,0,0.042,0.6333,1.1103,none,Normal
CUST00339,19.646,2.148,0.1093,13.946,23.622,20.268,0.0,0.8488,1.0239,0,0.0927,0.2667,1.2024,none,Normal
CUST00340,8.225,7.629,0.9276,1.82,22.105,3.176,0.0,0.1921,0.8895,1,0.8918,0.3611,2.6877,sudden_drop,Theft
CUST00341,16.266,2.416,0.1485,10.957,22.163,16.403,0.0,0.9354,0.8981,0,0.0597,0.2556,1.3625,none,Normal
CUST00342,3.366,3.115,0.9254,0.0,10.009,2.554,0.2278,0.1882,1.1403,16,0.7616,0.0444,2.9733,zero_stretches,Theft
CUST00343,20.615,2.818,0.1367,15.141,26.784,20.45,0.0,0.8195,0.925,0,0.1128,0.2833,1.2992,none,Normal
CUST00344,10.952,0.549,0.0501,8.927,11.303,11.303,0.0,1.0318,1.0136,0,0.0307,0.7389,1.0321,flattened_cap,Theft
CUST00345,9.718,2.405,0.2475,3.8,16.226,9.652,0.0,0.7702,0.7619,0,0.167,0.1722,1.6697,none,Normal
CUST00346,7.299,2.152,0.2949,1.663,11.65,7.187,0.0,1.1804,0.8624,2,0.1787,0.1389,1.5961,none,Normal
CUST00347,10.472,0.928,0.0886,8.048,12.816,10.418,0.0,1.0906,0.998,0,0.0622,0.3833,1.2238,none,Normal
CUST00348,11.694,2.538,0.217,4.928,17.046,11.754,0.0,0.8536,0.914,6,0.1025,0.1778,1.4577,none,Normal
CUST00349,2.851,1.828,0.641,0.0,7.18,2.878,0.1,0.7199,1.1977,45,0.2946,0.0556,2.5182,none,Normal
CUST00350,18.159,1.552,0.0855,14.185,21.661,18.128,0.0,0.9465,1.0071,0,0.0477,0.4056,1.1929,none,Normal
CUST00351,3.633,2.132,0.5868,0.0,9.774,3.77,0.0833,1.6056,0.8436,42,0.2939,0.0444,2.6904,none,Normal
CUST00352,17.2,1.452,0.0844,14.014,20.121,17.319,0.0,0.9674,0.9156,0,0.0277,0.3278,1.1698,none,Normal
CUST00353,6.356,2.513,0.3954,0.258,12.698,6.222,0.0,1.2943,1.0502,19,0.2117,0.1222,1.9978,none,Normal
CUST00354,19.52,2.341,0.1199,12.091,25.498,19.511,0.0,0.9514,0.9067,0,0.0577,0.3056,1.3063,none,Normal
CUST00355,22.655,2.406,0.1062,16.931,27.594,22.711,0.0,1.1466,0.9703,0,0.0767,0.3722,1.218,none,Normal
CUST00356,7.514,3.547,0.4721,1.615,11.992,9.254,0.0,1.0214,0.2074,26,0.0617,0.0944,1.596,periodic_bypass,Theft
CUST00357,3.012,3.438,1.1416,0.0,12.775,1.219,0.1667,0.0983,1.2611,22,1.0371,0.0889,4.2418,sudden_drop,Theft
CUST00358,22.223,2.446,0.1101,16.785,28.383,22.226,0.0,0.9344,0.8912,0,0.0627,0.3167,1.2772,none,Normal
CUST00359,9.49,2.862,0.3015,1.938,14.766,9.851,0.0,1.6034,1.0582,1,0.2549,0.1333,1.5559,none,Normal
CUST00360,19.723,8.221,0.4168,5.594,28.688,24.015,0.0,1.0932,0.2757,25,0.0702,0.1,1.4545,periodic_bypass,Theft
CUST00361,15.468,2.305,0.149,9.038,19.867,15.621,0.0,0.8543,0.9662,0,0.1034,0.2833,1.2844,none,Normal
CUST00362,15.294,2.709,0.1771,9.605,22.696,15.261,0.0,1.1724,0.8989,1,0.1108,0.1944,1.484,none,Normal
CUST00363,10.187,3.012,0.2957,3.357,17.271,10.319,0.0,0.7412,0.9871,3,0.1658,0.1278,1.6953,none,Normal
CUST00364,8.881,1.724,0.1941,5.126,12.392,8.742,0.0,1.0527,1.3,0,0.0625,0.1722,1.3954,none,Normal
CUST00365,8.926,2.747,0.3077,2.519,14.293,9.318,0.0,1.5941,0.9157,6,0.2589,0.0722,1.6013,none,Normal
CUST00366,21.85,2.68,0.1227,14.867,26.906,22.479,0.0,0.8242,0.9854,0,0.1087,0.2167,1.2314,none,Normal
CUST00367,3.405,2.11,0.6196,0.0,8.672,3.325,0.0667,0.725,1.8011,44,0.1908,0.0833,2.547,gradual_underreport,Theft
CUST00368,17.067,2.589,0.1517,12.018,22.765,17.215,0.0,1.1612,0.8483,0,0.0854,0.2,1.3339,none,Normal
CUST00369,17.941,1.822,0.1015,14.034,21.604,17.815,0.0,0.9295,1.1458,0,0.0462,0.35,1.2042,none,Normal
CUST00370,12.477,6.689,0.5361,1.642,21.195,15.369,0.0,0.9287,0.1222,26,0.0572,0.1222,1.6987,periodic_bypass,Theft
CUST00371,7.615,1.93,0.2535,3.514,12.36,7.637,0.0,1.2914,0.8069,1,0.1429,0.1389,1.6232,none,Normal
CUST00372,17.287,2.013,0.1165,11.462,22.11,17.463,0.0,0.8899,0.9682,0,0.0876,0.3333,1.279,none,Normal
CUST00373,20.391,3.88,0.1903,11.686,29.105,20.671,0.0,1.2957,1.0624,0,0.1474,0.1833,1.4274,none,Normal
CUST00374,15.444,1.853,0.12,10.848,20.86,15.189,0.0,1.1222,0.9856,0,0.0862,0.3444,1.3507,none,Normal
CUST00375,8.028,1.895,0.236,3.533,13.355,8.028,0.0,1.1204,0.703,4,0.0866,0.1444,1.6635,none,Normal
CUST00376,3.556,2.194,0.6171,0.0,12.777,3.315,0.0444,0.5905,1.6199,35,0.3666,0.0611,3.5933,none,Normal
CUST00377,7.61,0.836,0.1098,3.008,8.088,8.088,0.0,0.9663,1.0163,1,0.0347,0.6611,1.0628,flattened_cap,Theft
CUST00378,6.526,3.79,0.5808,0.51,11.925,7.945,0.0,0.7433,0.1177,25,0.1852,0.05,1.8273,periodic_bypass,Theft
CUST00379,23.283,2.042,0.0877,17.464,28.573,23.279,0.0,0.9135,0.9525,0,0.0589,0.45,1.2272,none,Normal
CUST00380,17.355,2.137,0.1231,13.08,21.936,17.041,0.0,1.2244,1.0075,0,0.1128,0.3,1.264,none,Normal
CUST00381,22.937,1.876,0.0818,17.763,27.55,23.182,0.0,0.9272,0.9569,0,0.0603,0.4389,1.2011,none,Normal
CUST00382,19.68,1.964,0.0998,14.3,23.814,19.782,0.0,1.0342,0.982,0,0.0439,0.3778,1.2101,none,Normal
CUST00383,20.009,2.479,0.1239,14.689,25.572,19.963,0.0,1.0985,1.1157,0,0.0552,0.3167,1.278,none,Normal
CUST00384,9.228,2.041,0.2212,4.353,15.011,9.41,0.0,0.7968,0.8826,3,0.1375,0.1611,1.6267,none,Normal
CUST00385,6.838,1.622,0.2373,2.485,10.65,6.714,0.0,0.8488,0.9458,3,0.1245,0.1611,1.5576,none,Normal
CUST00386,14.313,1.991,0.1391,6.521,19.689,14.406,0.0,1.0631,0.9969,0,0.0553,0.2444,1.3757,none,Normal
CUST00387,5.416,3.653,0.6745,0.0,15.254,4.721,0.0111,0.3066,0.9851,11,0.6186,0.0889,2.8166,gradual_underreport,Theft
CUST00388,16.776,6.611,0.3941,6.368,32.613,15.546,0.0,0.4968,1.0899,0,0.3676,0.1,1.944,gradual_underreport,Theft
CUST00389,2.586,2.52,0.9743,0.0,8.141,1.778,0.3056,7.8122,1.1197,20,0.8992,0.0167,3.1478,none,Normal
CUST00390,24.054,2.385,0.0991,17.371,31.443,24.042,0.0,1.0794,1.0879,0,0.0587,0.3556,1.3072,none,Normal
CUST00391,16.067,2.246,0.1398,9.796,22.185,16.049,0.0,0.9682,1.0528,0,0.0496,0.2611,1.3808,none,Normal
CUST00392,7.835,2.007,0.2562,3.266,13.216,7.825,0.0,0.9142,0.807,3,0.097,0.1389,1.6867,none,Normal
CUST00393,17.727,2.177,0.1228,13.436,22.025,17.519,0.0,1.0251,1.1947,0,0.0333,0.2778,1.2425,none,Normal
CUST00394,14.374,2.631,0.183,7.916,20.797,14.839,0.0,1.2757,1.0981,0,0.1516,0.1333,1.4469,none,Normal
CUST00395,5.001,1.791,0.3583,1.227,9.874,5.208,0.0,1.3917,1.1618,11,0.2018,0.0833,1.9745,none,Normal
CUST00396,7.423,2.277,0.3067,1.523,14.262,7.232,0.0,1.2967,0.8536,8,0.1608,0.1778,1.9213,none,Normal
CUST00397,15.241,2.319,0.1521,10.238,20.172,15.242,0.0,1.195,1.1939,0,0.1025,0.2778,1.3235,none,Normal
CUST00398,10.938,1.155,0.1056,7.991,13.738,10.856,0.0,1.1024,0.8983,0,0.0553,0.3778,1.256,none,Normal
CUST00399,19.319,1.489,0.0771,16.449,22.307,19.398,0.0,1.0201,0.975,0,0.0168,0.3778,1.1546,none,Normal
CUST00400,19.74,2.447,0.124,13.786,25.641,19.931,0.0,1.0768,0.8606,0,0.0557,0.2556,1.299,none,Normal
CUST00401,5.233,2.69,0.514,0.0,10.497,5.213,0.0444,0.5684,1.8514,20,0.305,0.0722,2.0062,none,Normal
CUST00402,10.032,2.12,0.2113,4.879,14.367,10.079,0.0,1.2999,1.1299,0,0.1634,0.2,1.4322,none,Normal
CUST00403,15.014,0.596,0.0397,12.27,15.38,15.38,0.0,1.0344,1.029,0,0.0207,0.7778,1.0244,flattened_cap,Theft
CUST00404,23.894,2.813,0.1177,17.728,28.116,24.734,0.0,0.8254,1.0244,0,0.1066,0.1889,1.1767,none,Normal
CUST00405,16.252,3.185,0.196,11.248,24.273,15.347,0.0,1.3637,0.9581,0,0.1748,0.2556,1.4935,none,Normal
CUST00406,4.011,3.108,0.7749,0.0,11.794,3.538,0.15,0.2663,0.4911,20,0.6355,0.0667,2.9405,none,Normal
CUST00407,7.897,1.034,0.1309,4.986,10.173,7.88,0.0,1.0931,0.8357,0,0.0609,0.2722,1.2882,none,Normal
CUST00408,4.196,2.096,0.4995,0.0,8.784,4.208,0.0111,1.5174,0.517,23,0.2485,0.05,2.0936,none,Normal
CUST00409,9.13,3.395,0.3718,4.623,19.074,8.345,0.0,0.5559,0.9997,0,0.3438,0.1333,2.0891,gradual_underreport,Theft
CUST00410,10.776,3.209,0.2978,3.966,17.783,10.903,0.0,0.6204,0.9473,0,0.257,0.1056,1.6502,none,Normal
CUST00411,11.871,1.958,0.1649,7.039,15.225,12.296,0.0,0.773,1.038,0,0.1454,0.1389,1.2825,none,Normal
CUST00412,14.294,2.5,0.1749,8.016,19.483,14.465,0.0,0.9269,0.7695,0,0.0615,0.15,1.363,none,Normal
CUST00413,6.682,2.371,0.3548,1.187,11.96,6.638,0.0,0.6208,1.1217,6,0.2781,0.0611,1.7899,none,Normal
CUST00414,13.044,2.048,0.157,8.808,18.988,12.808,0.0,1.1115,0.9712,1,0.0877,0.2667,1.4556,none,Normal
CUST00415,2.815,2.289,0.8131,0.0,11.289,2.817,0.1833,1.2859,0.7847,48,0.386,0.0333,4.011,none,Normal
CUST00416,21.006,2.094,0.0997,16.678,25.591,21.057,0.0,1.0398,0.9501,0,0.0262,0.3111,1.2183,none,Normal
CUST00417,7.682,3.257,0.424,2.089,14.968,7.097,0.0,2.1017,0.8542,0,0.3997,0.0833,1.9485,none,Normal
CUST00418,16.507,1.68,0.1018,13.107,21.043,16.208,0.0,0.8966,1.0193,0,0.0905,0.4222,1.2748,none,Normal
CUST00419,4.684,3.48,0.7429,0.0,12.295,3.976,0.1222,0.2418,1.0154,23,0.6665,0.05,2.6247,none,Normal
CUST00420,16.91,2.67,0.1579,12.792,24.655,16.585,0.0,1.2394,1.106,0,0.1334,0.2333,1.458,none,Normal
CUST00421,7.83,2.398,0.3062,0.92,15.035,7.942,0.0,0.9062,1.1193,14,0.1895,0.0944,1.9201,none,Normal
CUST00422,23.014,1.343,0.0584,20.294,26.43,22.842,0.0,0.9159,0.9876,0,0.0513,0.5667,1.1484,none,Normal
CUST00423,20.668,2.265,0.1096,16.457,24.934,20.57,0.0,0.9838,1.1794,0,0.0229,0.3222,1.2064,none,Normal
CUST00424,21.423,1.233,0.0576,18.368,24.148,21.407,0.0,0.9601,0.9359,0,0.0276,0.5944,1.1272,none,Normal
CUST00425,11.389,3.307,0.2904,4.434,18.945,11.008,0.0,1.4968,0.8108,2,0.2354,0.1278,1.6635,none,Normal
CUST00426,5.988,1.697,0.2834,1.458,10.955,6.01,0.0,0.8445,1.0883,13,0.1291,0.1556,1.8295,none,Normal
CUST00427,12.658,0.792,0.0626,9.49,13.135,13.135,0.0,1.0093,0.971,0,0.0303,0.7222,1.0377,flattened_cap,Theft
CUST00428,18.785,7.619,0.4056,0.079,28.833,21.066,0.1222,1.0787,1.0162,7,0.2494,0.2389,1.5349,zero_stretches,Theft
CUST00429,15.564,4.664,0.2997,0.048,22.944,16.47,0.0667,1.0947,1.1083,4,0.2052,0.2333,1.4742,zero_stretches,Theft
CUST00430,23.9,2.887,0.1208,18.274,29.977,23.583,0.0,1.223,0.9668,0,0.1099,0.2778,1.2543,none,Normal
CUST00431,16.74,2.377,0.142,11.255,21.351,17.275,0.0,0.7911,1.0035,0,0.1278,0.1444,1.2755,none,Normal
CUST00432,8.285,3.015,0.364,0.0,15.615,8.647,0.0056,0.8918,1.0646,14,0.2053,0.0889,1.8847,none,Normal
CUST00433,3.991,2.929,0.7339,0.0,11.549,3.651,0.0944,0.4864,1.8875,29,0.5377,0.0389,2.8934,none,Normal
CUST00434,6.58,1.931,0.2934,3.027,11.498,6.605,0.0,0.8531,1.4167,6,0.1484,0.15,1.7474,none,Normal
CUST00435,19.702,1.309,0.0665,16.565,22.216,19.885,0.0,0.9562,0.9268,0,0.0349,0.4778,1.1276,none,Normal
CUST00436,12.568,2.197,0.1748,6.6,17.807,12.678,0.0,1.0646,1.0164,1,0.0608,0.2111,1.4168,none,Normal
CUST00437,16.872,2.637,0.1563,10.566,22.83,16.969,0.0,0.8006,1.0448,0,0.1275,0.2389,1.3531,none,Normal
CUST00438,21.832,2.543,0.1165,15.945,28.758,21.664,0.0,1.154,0.9133,0,0.081,0.2833,1.3172,none,Normal
CUST00439,20.978,3.064,0.1461,12.994,27.117,21.034,0.0,1.1995,1.0701,0,0.1107,0.2778,1.2927,none,Normal
CUST00440,8.242,2.351,0.2852,1.671,13.516,8.051,0.0,0.8288,1.0581,12,0.1391,0.1611,1.6399,none,Normal
CUST00441,12.385,3.163,0.2554,5.222,19.175,12.189,0.0,0.6943,0.9662,0,0.1967,0.1667,1.5482,none,Normal
CUST00442,25.599,2.934,0.1146,17.547,32.446,25.773,0.0,1.1425,1.1232,0,0.0865,0.3389,1.2675,none,Normal
CUST00443,7.992,2.274,0.2846,2.547,13.019,7.909,0.0,1.1124,1.1443,16,0.118,0.1667,1.6291,none,Normal
CUST00444,19.088,0.837,0.0438,17.471,21.397,18.999,0.0,0.9724,1.0243,0,0.0341,0.7278,1.1209,none,Normal
CUST00445,21.762,2.609,0.1199,15.554,29.082,21.783,0.0,0.9924,1.0472,0,0.0289,0.2944,1.3364,none,Normal
CUST00446,15.708,1.966,0.1252,10.808,20.604,15.761,0.0,1.1299,1.0706,0,0.0945,0.2889,1.3117,none,Normal
CUST00447,11.071,2.188,0.1976,5.315,17.527,11.159,0.0,0.8095,0.9369,0,0.1359,0.2667,1.5831,none,Normal
CUST00448,15.957,0.757,0.0474,12.995,16.388,16.388,0.0,0.9524,0.9894,0,0.0358,0.7778,1.027,flattened_cap,Theft
CUST00449,2.223,1.536,0.6907,0.0,6.248,2.127,0.1111,1.5239,0.8715,48,0.4347,0.0444,2.8105,none,Normal
CUST00450,14.209,2.655,0.1869,7.574,20.71,14.163,0.0,0.8961,0.8621,5,0.0905,0.2056,1.4575,none,Normal
CUST00451,3.551,1.003,0.2826,0.0,4.141,4.141,0.0111,0.9337,0.7294,11,0.1259,0.6222,1.1661,flattened_cap,Theft
CUST00452,4.931,3.432,0.6961,0.0,12.652,4.868,0.1167,2.6855,1.5935,30,0.5443,0.0278,2.5659,none,Normal
CUST00453,12.628,3.07,0.2431,5.518,22.496,12.324,0.0,0.7844,0.9768,3,0.1907,0.1889,1.7814,none,Normal
CUST00454,13.494,1.666,0.1234,9.395,18.226,13.545,0.0,1.1473,1.0582,0,0.086,0.3111,1.3506,none,Normal
CUST00455,16.234,7.082,0.4363,4.498,24.868,19.596,0.0,0.9424,0.255,24,0.0566,0.1611,1.5318,periodic_bypass,Theft
CUST00456,21.201,2.27,0.1071,15.717,26.8,21.236,0.0,0.9878,1.1261,0,0.0195,0.3167,1.2641,none,Normal
CUST00457,14.197,1.467,0.1033,9.281,17.923,14.101,0.0,0.9589,1.0043,0,0.0583,0.3944,1.2625,none,Normal
CUST00458,5.367,2.96,0.5515,0.114,13.068,4.891,0.0056,0.3903,0.7675,7,0.4862,0.0778,2.4347,none,Normal
CUST00459,9.902,2.291,0.2313,3.12,15.385,9.996,0.0,0.9408,1.0953,1,0.1378,0.15,1.5537,none,Normal
CUST00460,23.458,1.198,0.0511,20.232,25.722,23.468,0.0,1.0015,1.0273,0,0.0337,0.6056,1.0965,none,Normal
CUST00461,26.725,1.943,0.0727,21.939,30.718,26.678,0.0,0.95,1.0557,0,0.0425,0.4778,1.1494,none,Normal
CUST00462,9.968,5.438,0.5455,1.135,17.993,11.743,0.0,0.9938,0.1406,26,0.056,0.0667,1.8051,periodic_bypass,Theft
CUST00463,12.903,2.844,0.2204,6.629,19.732,12.98,0.0,1.1062,0.9194,1,0.0859,0.1333,1.5292,none,Normal
CUST00464,7.301,0.771,0.1057,5.693,10.108,7.222,0.0,0.9015,1.0125,0,0.0856,0.4833,1.3844,gradual_underreport,Theft
CUST00465,6.048,2.873,0.4751,0.0,12.481,6.209,0.0056,1.4017,0.6032,27,0.2125,0.05,2.0637,none,Normal
CUST00466,5.199,2.407,0.4629,0.0,11.651,5.089,0.0222,1.205,0.4765,28,0.1571,0.05,2.241,none,Normal
CUST00467,11.108,2.597,0.2338,4.758,17.964,10.966,0.0,0.7575,0.8314,0,0.1551,0.1889,1.6172,none,Normal
CUST00468,16.786,1.451,0.0864,13.651,20.38,16.838,0.0,0.9197,0.9034,0,0.0492,0.3722,1.2141,none,Normal
CUST00469,8.245,2.046,0.2482,3.529,13.031,7.934,0.0,1.064,0.7408,8,0.1176,0.2056,1.5806,none,Normal
CUST00470,15.831,1.134,0.0716,12.831,18.458,15.999,0.0,1.0844,1.0142,0,0.0588,0.4667,1.166,none,Normal
CUST00471,9.836,0.826,0.084,7.577,11.606,9.808,0.0,0.9315,1.0221,0,0.0424,0.4111,1.1799,none,Normal
CUST00472,2.856,2.524,0.8838,0.0,9.066,2.485,0.2611,3.8942,1.2975,37,0.6667,0.0333,3.1742,none,Normal
CUST00473,5.346,2.923,0.5467,0.0,13.361,5.17,0.0389,2.2456,0.8486,24,0.4352,0.0722,2.4993,none,Normal
CUST00474,6.021,1.09,0.181,3.727,8.453,6.133,0.0,1.0151,1.2285,0,0.0323,0.1722,1.4039,none,Normal
CUST00475,9.013,2.77,0.3073,4.295,15.04,8.672,0.0,1.7252,0.9702,0,0.2927,0.1056,1.6686,none,Normal
CUST00476,7.549,1.636,0.2167,3.385,11.959,7.6,0.0,1.1207,0.7438,2,0.075,0.1944,1.5841,none,Normal
CUST00477,17.905,1.703,0.0951,14.2,21.006,17.899,0.0,1.0518,0.9146,0,0.0298,0.3167,1.1732,none,Normal
CUST00478,25.791,1.883,0.073,20.584,30.279,25.97,0.0,0.9796,1.0065,0,0.0441,0.45,1.174,none,Normal
CUST00479,18.531,1.929,0.1041,12.402,22.643,18.827,0.0,1.1183,1.0384,0,0.081,0.3444,1.2219,none,Normal
CUST00480,21.805,2.275,0.1043,16.284,28.509,21.685,0.0,1.0845,1.044,0,0.0547,0.3833,1.3074,none,Normal
CUST00481,16.289,2.596,0.1593,11.191,22.862,16.441,0.0,1.1485,1.0239,0,0.0808,0.1833,1.4035,none,Normal
CUST00482,12.878,7.587,0.5891,4.982,28.025,8.049,0.0,0.4028,0.8584,2,0.559,0.3,2.1762,sudden_drop,Theft
CUST00483,16.894,2.027,0.12,11.474,22.112,17.081,0.0,1.0755,0.9665,0,0.0537,0.2611,1.3089,none,Normal
CUST00484,5.908,2.762,0.4674,0.0,12.9,6.105,0.0389,0.5614,1.2135,23,0.3394,0.1167,2.1834,none,Normal
CUST00485,22.861,3.402,0.1488,14.654,29.141,23.308,0.0,0.8163,0.9608,0,0.1128,0.2167,1.2747,none,Normal
CUST00486,13.772,5.275,0.383,0.006,20.149,14.926,0.1056,0.7625,0.9834,6,0.2619,0.2278,1.463,zero_stretches,Theft
CUST00487,13.987,2.95,0.2109,6.206,21.291,13.686,0.0,1.2044,1.2121,1,0.1084,0.2,1.5221,none,Normal
CUST00488,15.892,2.501,0.1574,10.75,22.586,16.076,0.0,0.8005,1.0971,0,0.1205,0.2056,1.4213,none,Normal
CUST00489,7.963,1.244,0.1563,3.177,8.698,8.698,0.0,1.1954,0.9682,0,0.1345,0.6944,1.0923,flattened_cap,Theft
CUST00490,3.221,0.889,0.276,0.0,3.717,3.717,0.0167,0.9103,0.9368,17,0.1096,0.65,1.1538,flattened_cap,Theft
CUST00491,14.26,2.01,0.141,8.844,19.182,14.311,0.0,1.0508,0.838,0,0.0557,0.2611,1.3452,none,Normal
CUST00492,11.779,7.074,0.6006,4.234,23.12,5.68,0.0,0.2697,0.8729,1,0.5685,0.4056,1.9628,sudden_drop,Theft
CUST00493,14.688,1.116,0.076,11.779,17.129,14.593,0.0,1.0039,0.9966,0,0.053,0.5,1.1662,none,Normal
CUST00494,10.413,2.068,0.1986,5.761,14.406,10.461,0.0,1.1799,0.7313,0,0.0967,0.1611,1.3834,none,Normal
CUST00495,13.153,1.72,0.1308,8.824,18.207,13.119,0.0,0.9901,0.9969,0,0.0852,0.25,1.3843,none,Normal
CUST00496,13.418,0.887,0.0661,8.646,13.879,13.879,0.0,1.0023,1.0392,0,0.028,0.7611,1.0344,flattened_cap,Theft
CUST00497,13.259,2.395,0.1806,7.914,19.422,13.032,0.0,1.1001,1.0376,1,0.1064,0.2167,1.4648,none,Normal
CUST00498,21.42,3.375,0.1576,13.721,30.351,21.365,0.0,0.829,1.0598,0,0.1104,0.2167,1.417,none,Normal
CUST00499,4.591,3.507,0.7638,0.0,13.052,3.97,0.0944,0.266,1.1103,25,0.6638,0.0833,2.8427,none,Normal
CUST00500,9.371,4.465,0.4765,1.958,15.545,11.118,0.0,0.8079,0.218,26,0.1165,0.0833,1.6589,periodic_bypass,Theft
CUST00501,18.908,2.413,0.1276,13.039,25.297,18.996,0.0,0.8564,1.0337,0,0.0835,0.3,1.3379,none,Normal
CUST00502,7.703,0.97,0.1259,5.742,9.945,7.518,0.0,0.8244,1.0352,0,0.1096,0.3278,1.2911,none,Normal
CUST00503,5.596,4.63,0.8273,1.394,16.271,2.855,0.0,0.2886,1.104,8,0.7949,0.2389,2.9075,sudden_drop,Theft
CUST00504,22.645,2.054,0.0907,16.072,28.837,22.499,0.0,1.0083,0.9974,0,0.031,0.4056,1.2735,none,Normal
CUST00505,22.752,0.825,0.0362,20.272,24.519,22.79,0.0,0.9763,1.0199,0,0.0183,0.8333,1.0777,none,Normal
CUST00506,18.002,3.133,0.174,11.33,25.871,17.889,0.0,0.7945,1.11,0,0.1271,0.2167,1.4371,none,Normal
CUST00507,19.175,2.259,0.1178,13.451,26.057,18.911,0.0,1.0306,1.0853,0,0.0698,0.35,1.3589,none,Normal
CUST00508,24.111,2.324,0.0964,19.115,28.588,24.539,0.0,0.8608,1.0324,0,0.082,0.2833,1.1857,none,Normal
CUST00509,10.64,1.806,0.1698,7.529,16.576,10.415,0.0,1.1864,0.9371,0,0.1405,0.2167,1.5579,none,Normal
CUST00510,12.526,4.254,0.3396,0.082,18.55,13.436,0.0389,1.0045,0.9643,4,0.2162,0.1278,1.481,zero_stretches,Theft
CUST00511,4.424,2.859,0.6463,0.0,10.162,4.409,0.1,2.1779,1.5548,32,0.4652,0.0667,2.297,none,Normal
CUST00512,23.974,1.514,0.0631,19.498,28.164,24.077,0.0,0.929,1.0251,0,0.0409,0.5556,1.1748,none,Normal
CUST00513,23.632,1.91,0.0808,18.601,27.879,23.985,0.0,0.9026,1.0096,0,0.067,0.4278,1.1797,none,Normal
CUST00514,17.502,1.911,0.1092,11.773,23.271,17.414,0.0,0.9068,1.0016,0,0.0547,0.3389,1.3296,none,Normal
CUST00515,6.775,2.697,0.3981,0.711,12.283,7.044,0.0,1.9235,1.0997,9,0.3505,0.0889,1.813,none,Normal
CUST00516,19.83,1.808,0.0912,16.182,24.732,19.654,0.0,1.0985,1.0223,0,0.075,0.4,1.2472,none,Normal
CUST00517,7.475,2.419,0.3236,1.768,14.045,7.615,0.0,1.1338,0.7015,17,0.1117,0.1,1.879,none,Normal
CUST00518,15.463,4.199,0.2716,7.73,25.732,15.147,0.0,0.6417,0.8982,0,0.245,0.1,1.6641,gradual_underreport,Theft
CUST00519,19.908,2.432,0.1222,14.462,26.425,19.917,0.0,1.0664,1.0598,0,0.0676,0.2944,1.3273,none,Normal
CUST00520,25.194,1.39,0.0552,22.18,27.941,25.342,0.0,0.9149,1.0269,0,0.0476,0.5556,1.109,none,Normal
CUST00521,10.855,1.945,0.1792,6.052,14.783,11.13,0.0,0.7879,0.9699,0,0.1482,0.2444,1.3619,gradual_underreport,Theft
CUST00522,20.344,3.623,0.1781,10.902,29.457,20.644,0.0,1.2794,1.0225,0,0.1462,0.1833,1.448,none,Normal
CUST00523,20.768,0.497,0.0239,19.084,21.066,21.066,0.0,0.998,0.9971,0,0.0119,0.8944,1.0143,flattened_cap,Theft
CUST00524,7.34,4.061,0.5533,2.493,15.495,5.519,0.0,0.3263,1.3013,1,0.5016,0.1944,2.111,sudden_drop,Theft
CUST00525,16.82,1.695,0.1007,12.779,21.049,16.806,0.0,1.0643,1.0445,0,0.0366,0.3389,1.2514,none,Normal
CUST00526,7.438,3.41,0.4584,0.0,13.975,8.032,0.0333,0.5182,0.6588,9,0.355,0.0722,1.8788,none,Normal
CUST00527,17.405,3.091,0.1776,10.568,25.877,17.169,0.0,1.2116,1.2217,0,0.1175,0.2667,1.4868,none,Normal
CUST00528,10.306,2.869,0.2784,3.574,17.273,10.567,0.0,1.1233,1.2347,11,0.0958,0.1,1.6761,none,Normal
CUST00529,4.946,1.338,0.2705,1.068,8.597,5.018,0.0,0.7902,1.0683,11,0.1633,0.1167,1.738,none,Normal
CUST00530,4.508,2.203,0.4888,0.084,9.973,4.441,0.0111,0.5643,0.6227,21,0.3147,0.0833,2.2126,none,Normal
CUST00531,16.637,1.667,0.1002,13.467,20.559,16.88,0.0,1.1004,0.8657,0,0.0555,0.2833,1.2357,none,Normal
CUST00532,7.214,1.154,0.16,5.091,10.571,7.071,0.0,0.8463,1.0159,0,0.1309,0.2389,1.4654,none,Normal
CUST00533,13.482,2.058,0.1526,8.787,17.694,13.557,0.0,0.8218,0.8678,0,0.1052,0.25,1.3124,none,Normal
CUST00534,6.946,3.121,0.4494,1.645,14.67,6.563,0.0,0.4939,1.3145,0,0.3887,0.0833,2.112,none,Normal
CUST00535,5.022,2.852,0.5679,0.0,12.473,4.915,0.05,1.1495,1.8145,36,0.1483,0.0944,2.4834,none,Normal
CUST00536,13.891,3.701,0.2664,6.017,23.416,14.01,0.0,1.4525,1.1929,0,0.2095,0.0889,1.6857,none,Normal
CUST00537,22.446,2.606,0.1161,16.8,29.285,22.311,0.0,0.873,1.1403,0,0.0792,0.3167,1.3047,none,Normal
CUST00538,21.518,3.568,0.1658,12.489,27.976,21.613,0.0,1.3293,0.9962,0,0.1574,0.1667,1.3001,none,Normal
CUST00539,16.075,1.171,0.0728,11.671,16.78,16.78,0.0,1.0368,1.0584,0,0.0287,0.7056,1.0439,flattened_cap,Theft
CUST00540,9.654,4.701,0.487,2.069,17.223,10.903,0.0,0.8852,0.2196,25,0.0801,0.0944,1.7841,periodic_bypass,Theft
CUST00541,8.335,3.806,0.4566,0.17,15.219,8.544,0.0,0.4505,0.7856,0,0.4042,0.0556,1.8259,none,Normal
CUST00542,21.812,2.311,0.106,16.931,27.903,21.636,0.0,1.069,1.0524,0,0.0509,0.3611,1.2792,none,Normal
CUST00543,16.434,3.069,0.1867,8.739,23.42,16.455,0.0,1.2568,1.0343,0,0.13,0.2,1.4251,none,Normal
CUST00544,17.616,1.741,0.0988,13.106,21.046,17.757,0.0,0.9362,0.8752,0,0.0414,0.3,1.1947,none,Normal
CUST00545,21.9,3.038,0.1387,15.061,27.719,22.233,0.0,0.7984,0.9447,0,0.1239,0.1667,1.2657,none,Normal
CUST00546,7.394,2.262,0.3059,2.883,12.84,7.379,0.0,1.6377,0.988,0,0.2773,0.1167,1.7365,none,Normal
CUST00547,14.024,1.486,0.106,10.953,17.66,14.074,0.0,0.9502,1.1244,0,0.0605,0.2944,1.2593,none,Normal
CUST00548,13.242,3.32,0.2507,5.925,22.181,13.283,0.0,1.2272,0.7773,1,0.1384,0.1667,1.675,none,Normal
CUST00549,18.966,1.441,0.076,15.169,22.058,19.135,0.0,1.035,0.9524,0,0.0624,0.4667,1.163,none,Normal
CUST00550,6.751,0.771,0.1142,4.995,8.752,6.782,0.0,0.8868,1.0623,0,0.0706,0.3,1.2966,none,Normal
CUST00551,7.921,1.538,0.1941,3.772,12.482,7.852,0.0,0.9305,1.0198,4,0.0725,0.2389,1.5759,none,Normal
CUST00552,15.606,2.257,0.1446,10.756,21.885,15.631,0.0,0.827,1.1197,0,0.1085,0.2222,1.4023,none,Normal
CUST00553,25.14,2.033,0.0809,19.573,31.108,25.186,0.0,1.0539,1.0051,0,0.04,0.4556,1.2374,none,Normal
CUST00554,17.81,2.435,0.1367,11.596,24.029,17.682,0.0,0.8955,1.048,0,0.0968,0.3,1.3492,none,Normal
CUST00555,10.081,2.491,0.2471,2.851,16.142,10.227,0.0,1.229,0.7868,8,0.1341,0.1389,1.6012,none,Normal
CUST00556,18.37,2.675,0.1456,11.973,25.582,18.396,0.0,0.9342,0.84,0,0.0535,0.2444,1.3926,none,Normal
CUST00557,7.565,0.677,0.0895,5.745,9.308,7.584,0.0,0.9659,0.9657,0,0.0436,0.4056,1.2304,none,Normal
CUST00558,20.841,2.313,0.111,13.111,26.334,20.727,0.0,0.9872,1.1275,0,0.047,0.3111,1.2636,none,Normal
CUST00559,19.575,3.417,0.1745,13.581,27.061,19.272,0.0,1.2805,0.8206,0,0.1357,0.2444,1.3824,none,Normal
CUST00560,23.858,3.003,0.1259,16.964,29.366,24.088,0.0,0.8374,1.1387,0,0.0959,0.3,1.2309,none,Normal
CUST00561,9.987,2.073,0.2076,4.553,15.554,9.853,0.0,0.9797,1.1798,4,0.0985,0.15,1.5574,none,Normal
CUST00562,6.515,3.131,0.4806,0.0,17.189,6.449,0.0167,1.9007,0.9529,17,0.3776,0.0833,2.6385,none,Normal
CUST00563,13.984,1.495,0.1069,10.638,18.545,13.923,0.0,1.0752,1.0032,0,0.0525,0.3667,1.3262,none,Normal
CUST00564,14.643,1.893,0.1293,10.685,18.714,14.558,0.0,0.9933,1.039,0,0.0307,0.2556,1.278,none,Normal
CUST00565,5.993,3.727,0.6218,0.0,15.822,5.226,0.0444,2.1495,0.9316,16,0.4844,0.1,2.64,zero_stretches,Theft
CUST00566,10.495,4.552,0.4337,2.368,17.935,12.249,0.0,0.9856,0.2712,27,0.0874,0.1278,1.7088,periodic_bypass,Theft
CUST00567,22.868,3.447,0.1507,16.56,30.106,22.648,0.0,1.2393,0.8674,0,0.1183,0.2056,1.3165,none,Normal
CUST00568,22.945,2.482,0.1082,16.731,26.93,23.707,0.0,1.1749,1.0169,0,0.1055,0.3056,1.1737,none,Normal
CUST00569,7.435,2.028,0.2727,3.343,11.81,7.383,0.0,1.4582,1.0973,0,0.2062,0.1222,1.5884,none,Normal
CUST00570,18.302,3.103,0.1695,13.158,24.451,18.042,0.0,1.3316,1.0965,0,0.1556,0.2222,1.336,none,Normal
CUST00571,24.952,2.397,0.0961,19.147,29.445,24.821,0.0,0.8959,1.1259,0,0.0599,0.4,1.1801,none,Normal
CUST00572,12.308,3.111,0.2528,6.108,19.383,11.836,0.0,1.4729,0.8473,1,0.2133,0.15,1.5748,none,Normal
CUST00573,7.471,3.434,0.4596,0.0,15.514,7.586,0.0167,0.5836,1.5382,13,0.3056,0.0611,2.0766,none,Normal
CUST00574,12.354,8.437,0.683,2.826,22.724,18.281,0.0,0.2307,0.9613,1,0.6562,0.4167,1.8394,sudden_drop,Theft
CUST00575,11.111,1.597,0.1437,7.836,15.66,11.191,0.0,1.0165,0.9843,0,0.0492,0.2222,1.4094,none,Normal
CUST00576,17.912,2.539,0.1417,12.348,23.726,17.949,0.0,0.8286,1.1072,0,0.1041,0.2167,1.3246,none,Normal
CUST00577,15.672,0.872,0.0556,12.127,16.2,16.2,0.0,0.9742,0.9915,0,0.0218,0.7389,1.0337,flattened_cap,Theft
CUST00578,15.673,1.898,0.1211,10.596,19.177,15.833,0.0,0.9146,0.9276,0,0.092,0.3278,1.2236,none,Normal
CUST00579,14.747,1.88,0.1275,9.38,19.667,14.862,0.0,1.0928,1.1283,0,0.0581,0.2778,1.3336,none,Normal
CUST00580,6.338,2.921,0.4608,0.0,12.522,6.221,0.0222,0.5791,0.5342,14,0.3027,0.1278,1.9758,none,Normal
CUST00581,14.029,2.584,0.1842,8.33,19.818,13.862,0.0,1.1578,0.8896,2,0.087,0.2056,1.4126,none,Normal
CUST00582,24.191,1.568,0.0648,21.175,27.308,24.085,0.0,0.9747,1.1065,0,0.0195,0.4722,1.1288,none,Normal
CUST00583,13.679,6.632,0.4848,0.014,22.248,15.847,0.1056,1.2054,1.0633,7,0.2885,0.1056,1.6264,zero_stretches,Theft
CUST00584,4.407,2.182,0.4952,0.0,9.105,4.467,0.0444,1.3775,1.7594,33,0.1979,0.0944,2.0662,none,Normal
CUST00585,21.198,1.166,0.055,18.423,23.929,21.21,0.0,1.073,0.9779,0,0.0429,0.6,1.1288,none,Normal
CUST00586,16.353,1.132,0.0692,12.782,19.228,16.358,0.0,1.0397,1.008,0,0.0344,0.5056,1.1758,none,Normal
CUST00587,20.854,1.133,0.0544,17.567,23.982,20.753,0.0,1.0447,0.9847,0,0.0297,0.6444,1.15,none,Normal
CUST00588,5.682,2.518,0.4432,1.332,9.638,6.535,0.0,1.0794,0.2728,25,0.0531,0.0556,1.6963,periodic_bypass,Theft
CUST00589,14.637,3.689,0.252,7.468,23.86,14.191,0.0,1.4787,0.974,0,0.2126,0.1556,1.6302,none,Normal
CUST00590,20.526,2.964,0.1444,15.221,29.394,20.218,0.0,1.2109,1.0182,0,0.1125,0.2556,1.432,none,Normal
CUST00591,8.891,3.939,0.443,0.0,15.873,9.783,0.1056,1.3143,1.278,9,0.2871,0.1444,1.7853,zero_stretches,Theft
CUST00592,4.153,2.686,0.6466,0.0,12.072,3.948,0.0722,2.0571,0.5151,39,0.3871,0.0556,2.9065,none,Normal
CUST00593,9.93,2.916,0.2937,5.136,17.125,9.546,0.0,0.6107,0.9906,0,0.281,0.1167,1.7245,gradual_underreport,Theft
CUST00594,15.404,2.624,0.1703,8.655,21.571,15.529,0.0,0.8548,0.8632,0,0.0978,0.1833,1.4004,none,Normal
CUST00595,21.866,1.566,0.0716,18.007,25.939,21.907,0.0,1.0446,0.9571,0,0.0272,0.4667,1.1863,none,Normal
CUST00596,24.344,3.266,0.1341,18.791,29.975,24.359,0.0,0.7896,1.0031,0,0.1283,0.2167,1.2313,none,Normal
CUST00597,21.284,2.357,0.1107,15.36,26.21,21.368,0.0,0.8616,0.9557,0,0.0821,0.3556,1.2314,none,Normal
CUST00598,21.726,2.237,0.103,16.495,25.946,22.042,0.0,0.859,1.0425,0,0.0842,0.2944,1.1942,none,Normal
CUST00599,3.472,2.21,0.6367,0.0,8.276,3.486,0.0667,1.1531,1.0831,45,0.1121,0.0556,2.3839,none,Normal
CUST00600,3.802,3.348,0.8804,0.0,10.894,3.322,0.2333,0.1398,0.7424,19,0.8049,0.0333,2.8652,none,Normal
CUST00601,5.413,1.949,0.3601,0.682,11.137,5.353,0.0,0.7018,1.0838,14,0.2573,0.1,2.0576,none,Normal
CUST00602,11.943,2.594,0.2172,0.003,15.495,12.405,0.0222,0.9544,0.8778,2,0.1436,0.3667,1.2974,zero_stretches,Theft
CUST00603,5.026,1.81,0.3601,0.0,9.803,5.175,0.0111,1.396,0.864,17,0.2408,0.1,1.9504,none,Normal
CUST00604,21.339,3.452,0.1618,15.632,29.947,21.304,0.0,1.3131,1.0315,0,0.1495,0.1944,1.4033,none,Normal
CUST00605,14.678,3.977,0.2709,0.005,20.516,15.144,0.0444,1.408,1.1074,3,0.2063,0.1944,1.3977,zero_stretches,Theft
CUST00606,7.893,2.686,0.3403,2.335,16.711,7.874,0.0,1.2631,1.2592,10,0.1847,0.0778,2.1173,none,Normal
CUST00607,12.756,2.241,0.1756,7.47,19.325,12.667,0.0,0.9041,1.2391,1,0.0776,0.2167,1.5149,none,Normal
CUST00608,6.583,2.045,0.3106,2.176,11.742,6.608,0.0,0.9584,1.4215,13,0.0944,0.1056,1.7838,none,Normal
CUST00609,13.68,6.458,0.4721,2.739,21.943,16.702,0.0,0.9034,0.2025,25,0.0752,0.1444,1.604,periodic_bypass,Theft
CUST00610,22.293,2.561,0.1149,17.102,28.029,22.338,0.0,0.9606,1.0795,0,0.0344,0.2611,1.2573,none,Normal
CUST00611,9.58,1.113,0.1161,6.288,12.58,9.521,0.0,1.169,1.0596,0,0.0883,0.3111,1.3131,none,Normal
CUST00612,18.201,3.06,0.1681,11.753,23.941,18.621,0.0,0.7621,0.923,0,0.1452,0.15,1.3154,none,Normal
CUST00613,23.782,3.686,0.155,14.366,31.356,24.254,0.0,0.805,1.079,0,0.1232,0.1944,1.3184,none,Normal
CUST00614,6.85,2.066,0.3017,1.556,11.628,6.785,0.0,0.9246,1.0748,3,0.2344,0.1333,1.6975,none,Normal
CUST00615,26.619,1.722,0.0647,21.012,31.547,26.687,0.0,0.9733,1.0131,0,0.0373,0.6167,1.1851,none,Normal
CUST00616,4.635,1.762,0.3802,0.462,7.525,4.779,0.0,1.7108,0.6555,0,0.3113,0.1,1.6235,none,Normal
CUST00617,10.733,1.815,0.1691,5.737,14.793,10.89,0.0,1.0629,1.0992,2,0.0501,0.1944,1.3782,none,Normal
CUST00618,19.192,2.609,0.1359,13.417,24.327,19.184,0.0,1.1473,0.9009,0,0.0778,0.2778,1.2675,none,Normal
CUST00619,9.669,3.918,0.4052,2.589,17.745,10.821,0.0,0.8391,0.3398,26,0.1111,0.0722,1.8351,periodic_bypass,Theft
CUST00620,7.798,2.448,0.314,1.737,14.865,7.448,0.0,1.2889,0.9741,12,0.2281,0.15,1.9063,none,Normal
CUST00621,25.193,1.957,0.0777,19.864,29.844,25.242,0.0,0.9937,0.9183,0,0.0305,0.4333,1.1846,none,Normal
CUST00622,11.911,3.168,0.2659,4.23,17.731,12.245,0.0,1.4761,0.9615,0,0.2236,0.1389,1.4886,none,Normal
CUST00623,5.008,2.552,0.5096,0.0,10.693,5.034,0.0056,0.4666,1.2227,9,0.4032,0.0556,2.135,none,Normal
CUST00624,23.826,1.181,0.0496,18.035,24.531,24.531,0.0,1.0154,1.0305,0,0.0303,0.7556,1.0296,flattened_cap,Theft
CUST00625,13.494,2.215,0.1641,7.954,19.515,13.417,0.0,1.0649,1.1107,0,0.0897,0.2167,1.4462,none,Normal
CUST00626,15.6,2.99,0.1917,7.209,21.968,15.416,0.0,1.0482,0.88,0,0.078,0.2111,1.4082,none,Normal
CUST00627,7.907,1.628,0.2059,4.604,12.134,7.763,0.0,0.7325,0.9449,0,0.1764,0.1667,1.5346,none,Normal
CUST00628,21.517,2.852,0.1325,15.382,27.045,21.279,0.0,1.1708,1.1524,0,0.0901,0.3056,1.2569,none,Normal
CUST00629,14.095,1.699,0.1205,8.749,18.347,14.077,0.0,1.0974,1.0246,0,0.0629,0.3056,1.3017,none,Normal
CUST00630,6.195,2.216,0.3576,0.0,11.445,6.4,0.0056,0.9614,0.699,27,0.107,0.0611,1.8473,none,Normal
CUST00631,1.877,2.001,1.0662,0.0,7.093,1.286,0.3167,0.2134,0.4411,39,0.8979,0.0611,3.7788,none,Normal
CUST00632,10.071,2.611,0.2592,3.164,16.723,10.029,0.0,0.9002,0.7522,6,0.1039,0.1389,1.6605,none,Normal
CUST00633,13.156,3.419,0.2599,6.077,21.716,13.059,0.0,0.7203,0.9489,0,0.1863,0.1778,1.6507,none,Normal
CUST00634,18.137,2.173,0.1198,13.156,23.319,18.041,0.0,1.0546,1.1205,0,0.0409,0.2778,1.2857,none,Normal
CUST00635,21.283,2.875,0.1351,14.061,28.149,21.085,0.0,0.8909,1.0616,0,0.0711,0.2778,1.3226,none,Normal
CUST00636,23.117,1.757,0.076,18.477,26.66,23.231,0.0,0.9979,1.0078,0,0.0195,0.35,1.1533,none,Normal
CUST00637,9.84,2.758,0.2803,3.356,16.144,9.909,0.0,1.5486,1.0843,0,0.2354,0.1222,1.6407,none,Normal
CUST00638,7.92,1.223,0.1544,3.442,8.646,8.646,0.0,1.0032,1.13,1,0.0577,0.6556,1.0916,flattened_cap,Theft
CUST00639,8.361,1.145,0.137,5.635,11.017,8.448,0.0,0.9431,0.9104,0,0.0596,0.2722,1.3177,none,Normal
CUST00640,13.912,3.024,0.2173,7.559,21.489,13.606,0.0,0.7148,1.053,0,0.1894,0.1722,1.5447,none,Normal
CUST00641,11.153,8.338,0.7476,4.89,26.606,5.9,0.0,0.3412,0.9017,1,0.7261,0.65,2.3856,sudden_drop,Theft
CUST00642,9.493,1.784,0.1879,4.449,14.019,9.569,0.0,0.9385,0.9383,3,0.0691,0.1944,1.4767,none,Normal
CUST00643,18.331,1.552,0.0847,14.777,22.182,18.093,0.0,0.9353,0.9588,0,0.0581,0.4444,1.2101,none,Normal
CUST00644,22.158,2.078,0.0938,17.487,26.09,22.179,0.0,1.1252,0.8988,0,0.0703,0.4222,1.1775,none,Normal
CUST00645,10.564,3.901,0.3693,0.006,16.588,11.483,0.0611,1.0836,1.0062,6,0.2146,0.1833,1.5703,zero_stretches,Theft
CUST00646,5.167,2.557,0.4948,0.0,11.094,5.016,0.0333,0.919,0.495,32,0.1574,0.0722,2.1471,none,Normal
CUST00647,22.162,2.572,0.1161,15.342,28.601,22.488,0.0,1.1478,1.0595,0,0.0879,0.3167,1.2906,none,Normal
CUST00648,8.538,2.301,0.2695,3.779,13.729,8.436,0.0,0.9619,0.6554,6,0.0662,0.0944,1.608,none,Normal
CUST00649,3.625,3.064,0.8452,0.0,11.217,2.755,0.1444,0.2382,0.67,21,0.7569,0.0611,3.0945,none,Normal
CUST00650,4.584,2.999,0.6542,0.0,12.326,4.472,0.1167,2.3334,1.6161,37,0.4662,0.0722,2.6887,none,Normal
CUST00651,25.39,2.161,0.0851,20.424,29.957,25.187,0.0,0.9958,0.9843,0,0.0192,0.3722,1.1799,none,Normal
CUST00652,12.032,2.564,0.2131,5.454,18.33,12.168,0.0,1.0376,1.2869,0,0.0441,0.1222,1.5235,none,Normal
CUST00653,18.606,2.448,0.1316,12.688,23.072,18.552,0.0,0.8887,0.9315,0,0.0659,0.3,1.24,none,Normal
CUST00654,7.274,2.767,0.3804,0.0,14.25,7.454,0.0056,0.6981,1.2988,18,0.2151,0.1222,1.9591,none,Normal
CUST00655,3.4,1.153,0.339,0.0,6.436,3.463,0.0111,0.713,1.1194,15,0.2038,0.0944,1.8926,none,Normal
CUST00656,3.971,2.459,0.6191,0.0,10.358,3.874,0.0722,0.7652,1.8348,38,0.2204,0.0778,2.6082,none,Normal
CUST00657,16.532,1.688,0.1021,9.846,17.613,17.613,0.0,1.1287,1.0301,0,0.0819,0.6611,1.0654,flattened_cap,Theft
CUST00658,3.995,1.794,0.4491,0.013,7.193,4.271,0.0944,1.2636,1.35,5,0.3417,0.0611,1.8003,zero_stretches,Theft
CUST00659,12.471,2.101,0.1685,6.384,17.834,12.724,0.0,1.1347,1.0245,0,0.1304,0.2333,1.43,none,Normal
CUST00660,6.706,3.472,0.5177,2.358,12.137,8.572,0.0,0.3604,1.119,1,0.4948,0.2333,1.8099,sudden_drop,Theft
CUST00661,5.33,1.225,0.2298,1.606,8.258,5.319,0.0,0.7828,0.9111,0,0.1309,0.1833,1.5492,none,Normal
CUST00662,5.401,1.426,0.264,1.819,9.199,5.39,0.0,1.272,1.1261,11,0.1596,0.1222,1.7033,none,Normal
CUST00663,11.617,2.216,0.1908,6.011,16.566,11.73,0.0,0.8998,0.8405,0,0.1188,0.1944,1.426,none,Normal
CUST00664,24.091,1.911,0.0793,19.897,28.782,23.841,0.0,1.0597,0.9945,0,0.0391,0.4389,1.1947,none,Normal
CUST00665,8.06,1.01,0.1253,5.374,10.829,8.07,0.0,0.8976,1.0819,0,0.0759,0.2778,1.3436,none,Normal
CUST00666,19.341,2.219,0.1147,13.725,25.025,19.401,0.0,1.1387,1.065,0,0.0769,0.2611,1.2939,none,Normal
CUST00667,13.172,1.218,0.0925,8.169,13.883,13.883,0.0,0.9013,1.0125,0,0.0703,0.6944,1.054,flattened_cap,Theft
CUST00668,18.872,1.383,0.0733,15.524,22.85,18.951,0.0,0.9359,1.0516,0,0.0392,0.5056,1.2108,none,Normal
CUST00669,0.509,0.515,1.012,0.0,2.349,0.432,0.3611,1.7599,0.5846,40,0.571,0.0222,4.6126,sudden_drop,Theft
CUST00670,9.696,1.86,0.1918,5.999,12.551,9.927,0.0,1.3928,0.9659,0,0.1846,0.1167,1.2944,none,Normal
CUST00671,18.814,2.114,0.1124,12.679,24.921,18.669,0.0,1.0895,0.9002,0,0.0489,0.3444,1.3246,none,Normal
CUST00672,11.047,2.187,0.198,6.977,17.036,11.019,0.0,1.0184,0.7582,0,0.0733,0.1611,1.5421,none,Normal
CUST00673,3.949,2.388,0.6046,0.0,9.882,3.83,0.0556,1.459,0.7258,44,0.2538,0.0778,2.5023,none,Normal
CUST00674,5.537,2.175,0.3928,0.0,12.887,5.608,0.0056,1.0124,1.0756,25,0.2312,0.0833,2.3274,none,Normal
CUST00675,10.02,3.329,0.3322,0.101,14.648,11.199,0.0444,1.3202,1.0111,4,0.271,0.1278,1.4618,zero_stretches,Theft
CUST00676,19.24,2.128,0.1106,14.399,24.951,18.987,0.0,1.1435,1.0838,0,0.0768,0.3056,1.2968,none,Normal
CUST00677,18.261,8.965,0.491,7.399,28.628,24.723,0.0,0.4056,1.0184,1,0.4674,0.3778,1.5677,sudden_drop,Theft
CUST00678,24.456,2.26,0.0924,18.374,28.851,24.852,0.0,0.9064,0.9815,0,0.0716,0.4167,1.1797,none,Normal
CUST00679,21.403,2.349,0.1097,16.368,24.867,22.045,0.0,1.2088,1.0088,0,0.1072,0.2,1.1618,none,Normal
CUST00680,3.913,2.075,0.5303,0.643,9.639,3.539,0.0,1.4236,0.3934,45,0.2433,0.0667,2.4633,periodic_bypass,Theft
CUST00681,3.22,2.121,0.6586,0.0,8.4,3.122,0.0833,1.0452,1.4553,46,0.1861,0.0556,2.6084,none,Normal
CUST00682,10.278,3.729,0.3628,0.585,17.273,10.544,0.0,0.5823,1.1471,1,0.2849,0.1,1.6805,none,Normal
CUST00683,3.359,1.619,0.4822,0.0,8.091,3.203,0.0111,1.6201,1.4525,15,0.3676,0.1222,2.4089,none,Normal
CUST00684,14.86,2.041,0.1373,10.642,18.247,15.32,0.0,1.2634,0.9971,0,0.1325,0.15,1.2279,none,Normal
CUST00685,12.528,0.715,0.057,10.683,14.125,12.589,0.0,0.9581,1.0492,0,0.0317,0.6167,1.1275,none,Normal
CUST00686,16.814,3.263,0.1941,10.29,25.765,15.966,0.0,0.7323,0.9397,0,0.1785,0.2333,1.5324,none,Normal
CUST00687,21.394,10.524,0.4919,3.99,32.947,26.509,0.0,1.0103,0.17,25,0.0551,0.1778,1.54,periodic_bypass,Theft
CUST00688,9.062,3.387,0.3738,0.631,15.594,9.499,0.0,1.6947,0.6803,1,0.3134,0.0722,1.7209,none,Normal
CUST00689,12.248,1.698,0.1386,7.93,16.384,12.2,0.0,0.8578,0.8863,0,0.0863,0.2778,1.3378,none,Normal
CUST00690,22.757,2.871,0.1262,16.153,28.844,22.929,0.0,0.8517,0.9917,0,0.0913,0.2333,1.2675,none,Normal
CUST00691,15.494,2.787,0.1799,8.343,21.559,15.307,0.0,1.2646,1.1401,0,0.1326,0.2111,1.3915,none,Normal
CUST00692,13.769,1.839,0.1336,8.619,18.574,13.646,0.0,0.9722,0.969,1,0.0503,0.2722,1.349,none,Normal
CUST00693,22.177,2.979,0.1343,15.641,28.851,22.31,0.0,1.1639,0.9724,0,0.0865,0.2778,1.301,none,Normal
CUST00694,11.969,2.361,0.1973,5.665,18.001,12.023,0.0,1.2119,0.8083,0,0.1146,0.15,1.504,none,Normal
CUST00695,10.847,1.597,0.1473,7.338,14.063,10.859,0.0,1.1308,0.7969,0,0.0687,0.2222,1.2965,none,Normal
CUST00696,6.411,3.523,0.5495,0.0,12.497,6.508,0.0556,0.4418,1.6443,8,0.4191,0.0722,1.9495,none,Normal
CUST00697,16.34,4.294,0.2628,7.03,26.727,16.378,0.0,0.6844,0.8794,0,0.2101,0.1333,1.6357,none,Normal
CUST00698,21.844,3.079,0.141,14.625,28.641,21.796,0.0,0.8293,0.9099,0,0.1081,0.2722,1.3112,none,Normal
CUST00699,5.446,4.006,0.7356,0.0,14.316,5.031,0.0111,2.1728,0.1662,25,0.4276,0.0333,2.6289,periodic_bypass,Theft
CUST00700,21.387,1.078,0.0504,19.372,23.963,21.296,0.0,0.9843,1.0234,0,0.0428,0.6444,1.1204,none,Normal
CUST00701,4.587,2.864,0.6245,0.0,11.37,4.587,0.1,2.1529,0.896,36,0.434,0.0722,2.4787,none,Normal
CUST00702,20.812,1.924,0.0925,16.173,26.751,20.846,0.0,0.9353,1.0076,0,0.0547,0.4167,1.2853,none,Normal
CUST00703,13.16,2.164,0.1644,7.77,19.073,13.02,0.0,1.0692,0.7868,0,0.0502,0.2333,1.4493,none,Normal
CUST00704,12.44,6.002,0.4825,2.477,19.555,14.971,0.0,0.8625,0.1926,25,0.0811,0.1222,1.572,periodic_bypass,Theft
CUST00705,13.485,1.642,0.1217,8.541,14.529,14.529,0.0,1.1665,1.0201,0,0.12,0.6778,1.0774,flattened_cap,Theft
CUST00706,20.639,1.967,0.0953,15.408,25.074,20.67,0.0,1.0,1.0457,0,0.0226,0.3389,1.2149,none,Normal
CUST00707,22.719,1.799,0.0792,18.285,27.762,22.608,0.0,1.0077,1.1154,0,0.0205,0.4222,1.222,none,Normal
CUST00708,19.414,2.618,0.1349,12.258,28.059,19.208,0.0,1.0011,1.1439,0,0.0617,0.2778,1.4453,none,Normal
CUST00709,17.587,2.175,0.1237,12.607,22.149,17.836,0.0,1.0031,0.9613,0,0.0345,0.2056,1.2594,none,Normal
CUST00710,22.733,1.977,0.087,16.831,27.586,23.045,0.0,0.9958,0.9726,0,0.0309,0.3667,1.2135,none,Normal
CUST00711,19.89,1.645,0.0827,15.409,23.694,19.979,0.0,0.9914,0.9666,0,0.0308,0.4,1.1912,none,Normal
CUST00712,5.174,1.753,0.3389,0.549,8.864,5.293,0.0,0.729,0.6951,9,0.2311,0.0833,1.7133,none,Normal
CUST00713,3.608,2.175,0.6028,0.0,9.726,3.543,0.05,0.8826,0.4437,41,0.3445,0.0333,2.6956,none,Normal
CUST00714,12.662,3.378,0.2668,4.577,19.231,13.531,0.0,0.6611,1.0035,0,0.2362,0.1222,1.5187,none,Normal
CUST00715,15.628,5.622,0.3597,0.0,20.261,17.087,0.1111,0.8084,0.9965,6,0.2423,0.4333,1.2964,zero_stretches,Theft
CUST00716,17.008,2.272,0.1336,10.223,21.422,16.956,0.0,0.8738,1.1079,0,0.0798,0.3222,1.2595,none,Normal
CUST00717,14.287,2.705,0.1893,7.158,19.601,14.296,0.0,0.9217,1.2635,0,0.1011,0.2,1.372,none,Normal
CUST00718,13.915,2.005,0.1441,8.795,18.988,13.822,0.0,0.9915,1.2389,1,0.0312,0.2389,1.3645,none,Normal
CUST00719,6.208,2.906,0.4682,0.0,14.081,5.936,0.0056,1.9835,1.0213,15,0.3769,0.1111,2.2682,none,Normal
CUST00720,11.104,2.236,0.2014,5.805,16.28,11.1,0.0,0.8272,1.1397,3,0.1351,0.2056,1.4662,none,Normal
CUST00721,5.554,2.769,0.4986,0.0,12.414,5.549,0.0444,1.6012,1.1674,29,0.3425,0.0722,2.2352,none,Normal
CUST00722,18.072,0.795,0.044,16.352,19.84,17.928,0.0,1.0069,1.0277,0,0.0369,0.6944,1.0979,none,Normal
CUST00723,16.847,1.863,0.1106,13.898,21.404,16.452,0.0,1.1913,1.0079,0,0.0977,0.3444,1.2705,none,Normal
CUST00724,21.699,2.421,0.1116,16.172,26.835,21.756,0.0,0.8619,0.8839,0,0.083,0.3056,1.2367,none,Normal
CUST00725,17.903,9.083,0.5074,2.984,26.128,22.729,0.0,0.9624,0.1473,25,0.0465,0.1667,1.4594,periodic_bypass,Theft
CUST00726,23.197,1.682,0.0725,18.99,25.996,23.716,0.0,0.9141,1.0131,0,0.0644,0.4611,1.1206,none,Normal
CUST00727,5.191,3.295,0.6347,0.0,12.858,5.329,0.0722,0.3551,0.6112,22,0.5152,0.0222,2.4768,none,Normal
CUST00728,4.051,1.541,0.3803,0.985,7.509,4.191,0.0,1.0151,1.7156,18,0.0841,0.1056,1.8534,none,Normal
CUST00729,17.57,2.059,0.1172,12.144,21.481,17.701,0.0,1.129,1.0445,0,0.0792,0.3389,1.2226,none,Normal
CUST00730,15.952,7.025,0.4404,4.43,22.482,19.588,0.0,0.9665,0.2332,25,0.0204,0.2778,1.4093,periodic_bypass,Theft
CUST00731,23.53,1.973,0.0838,18.096,28.127,23.518,0.0,0.9921,0.8811,0,0.022,0.3778,1.1954,none,Normal
CUST00732,4.576,1.987,0.4343,0.253,8.976,4.659,0.0,1.2712,0.6829,18,0.1424,0.0722,1.9612,none,Normal
CUST00733,16.178,2.035,0.1258,11.848,20.238,16.054,0.0,0.9491,0.8458,0,0.0535,0.2667,1.251,none,Normal
CUST00734,14.898,3.476,0.2333,7.891,24.158,14.796,0.0,0.7433,1.2278,0,0.1719,0.1667,1.6216,none,Normal
CUST00735,18.561,5.871,0.3163,0.063,25.675,20.05,0.0833,0.8762,0.9692,4,0.2066,0.3222,1.3833,zero_stretches,Theft
CUST00736,7.39,3.754,0.5079,1.485,14.38,8.508,0.0,0.75,0.2106,26,0.1678,0.0444,1.9459,periodic_bypass,Theft
CUST00737,15.984,1.547,0.0968,13.318,19.87,15.711,0.0,1.1065,0.9817,0,0.0835,0.4389,1.2431,none,Normal
CUST00738,6.971,2.567,0.3683,0.478,13.386,6.979,0.0,1.4477,1.4311,7,0.2119,0.0889,1.9203,none,Normal
CUST00739,11.857,5.379,0.4536,2.49,21.942,13.755,0.0,1.0331,0.267,26,0.0957,0.1222,1.8504,periodic_bypass,Theft
CUST00740,11.343,3.271,0.2884,3.071,17.554,11.546,0.0,0.6795,0.8232,0,0.2123,0.1333,1.5475,none,Normal
CUST00741,10.224,2.603,0.2546,2.854,16.642,10.169,0.0,0.891,1.127,3,0.1392,0.1444,1.6277,none,Normal
CUST00742,17.856,2.738,0.1533,11.741,24.821,17.755,0.0,1.0441,1.1774,0,0.0618,0.2222,1.39,none,Normal
CUST00743,21.427,2.305,0.1076,15.597,28.322,21.319,0.0,0.9161,0.9655,0,0.0535,0.4056,1.3218,none,Normal
CUST00744,17.125,8.061,0.4707,3.862,27.025,21.534,0.0,0.9843,0.1979,24,0.0405,0.1833,1.5781,periodic_bypass,Theft
CUST00745,25.026,2.18,0.0871,18.765,30.745,25.036,0.0,0.9659,1.0691,0,0.0276,0.3944,1.2285,none,Normal
CUST00746,6.124,3.619,0.5909,0.608,12.448,6.007,0.0,0.5865,0.1852,25,0.2936,0.05,2.0328,periodic_bypass,Theft
CUST00747,9.671,1.723,0.1781,5.138,13.755,9.518,0.0,1.0585,0.8658,0,0.0472,0.2222,1.4223,none,Normal
CUST00748,13.16,3.299,0.2507,8.115,20.347,12.39,0.0,0.6474,0.9293,0,0.242,0.1389,1.5461,none,Normal
CUST00749,1.536,1.761,1.1459,0.0,6.779,1.036,0.3778,0.4389,0.2102,46,0.8233,0.0111,4.4123,none,Normal
CUST00750,15.693,3.56,0.2269,6.893,24.613,15.544,0.0,1.3197,0.8314,0,0.1592,0.1722,1.5685,none,Normal
CUST00751,7.937,2.613,0.3292,1.247,12.198,8.308,0.0,0.6158,1.1128,0,0.2664,0.1,1.5369,none,Normal
CUST00752,6.72,1.704,0.2536,1.933,10.753,6.802,0.0,0.7086,1.125,1,0.1887,0.1222,1.6002,none,Normal
CUST00753,3.062,2.685,0.8768,0.0,12.853,2.76,0.2389,2.0405,0.3259,47,0.5056,0.0444,4.1978,none,Normal
CUST00754,25.068,2.343,0.0935,19.617,33.627,24.903,0.0,0.9492,0.9508,0,0.0507,0.4056,1.3414,none,Normal
CUST00755,2.42,1.458,0.6022,0.0,5.444,2.486,0.0556,0.8098,0.2523,33,0.2411,0.0333,2.2491,none,Normal
CUST00756,18.575,1.921,0.1034,15.059,22.583,18.695,0.0,1.0999,0.9216,0,0.0521,0.3222,1.2158,none,Normal
CUST00757,6.691,3.976,0.5942,2.057,14.484,7.108,0.0,0.4331,0.8114,1,0.5537,0.2278,2.1647,sudden_drop,Theft
CUST00758,8.465,1.954,0.2309,2.017,13.2,8.581,0.0,0.9007,1.0871,5,0.082,0.1444,1.5594,none,Normal
CUST00759,9.7,2.423,0.2498,4.743,16.324,9.653,0.0,0.9003,0.8514,0,0.1547,0.1667,1.6829,none,Normal
CUST00760,4.011,2.189,0.5457,0.0,8.728,3.989,0.0556,1.8449,1.5453,25,0.3452,0.0611,2.1759,none,Normal
CUST00761,12.12,5.162,0.4259,3.276,23.284,13.05,0.0,0.7501,0.3494,27,0.1609,0.0722,1.9211,periodic_bypass,Theft
CUST00762,22.052,2.349,0.1065,17.098,27.714,21.642,0.0,0.928,0.9534,0,0.0854,0.4111,1.2567,none,Normal
CUST00763,6.637,3.407,0.5134,0.059,15.164,6.698,0.0056,2.2377,1.1086,20,0.4431,0.0833,2.2846,none,Normal
CUST00764,8.083,1.216,0.1505,3.078,8.801,8.801,0.0,1.0796,1.0416,2,0.0647,0.6722,1.0888,flattened_cap,Theft
CUST00765,24.162,2.366,0.0979,18.063,30.725,24.118,0.0,0.9939,1.1427,0,0.0192,0.3444,1.2716,none,Normal
CUST00766,4.616,2.418,0.5239,0.0,12.081,4.429,0.0167,0.6473,0.7572,37,0.3722,0.1,2.6171,none,Normal
CUST00767,6.014,1.794,0.2983,1.49,10.744,6.046,0.0,0.8571,1.1585,6,0.1044,0.1278,1.7864,none,Normal
CUST00768,2.481,2.528,1.0188,0.0,9.898,2.102,0.3167,0.2773,0.8308,42,0.77,0.0444,3.9895,none,Normal
CUST00769,13.361,2.703,0.2023,5.028,18.945,13.752,0.0,1.1775,0.888,1,0.14,0.1944,1.4179,none,Normal
CUST00770,9.282,2.878,0.3101,1.56,16.146,9.521,0.0,1.3687,0.9081,5,0.2207,0.1278,1.7395,none,Normal
CUST00771,7.351,3.108,0.4227,0.0,15.706,7.371,0.0111,1.4021,0.8064,22,0.2897,0.1389,2.1365,none,Normal
CUST00772,4.954,2.897,0.5847,1.681,10.807,3.305,0.0,0.385,1.0348,1,0.5572,0.1611,2.1815,sudden_drop,Theft
CUST00773,5.424,1.536,0.2832,2.701,8.345,5.388,0.0,0.9329,1.4098,1,0.0528,0.1,1.5385,none,Normal
CUST00774,20.818,3.333,0.1601,13.09,29.924,20.724,0.0,1.2842,0.9636,0,0.1374,0.2056,1.4374,none,Normal
CUST00775,11.028,3.124,0.2833,5.135,19.846,10.883,0.0,0.743,0.9188,7,0.2053,0.1222,1.7996,none,Normal
CUST00776,17.14,2.517,0.1468,11.862,23.525,16.874,0.0,1.1705,0.9497,0,0.1081,0.2778,1.3726,none,Normal
CUST00777,10.056,2.943,0.2927,3.336,16.604,10.062,0.0,1.3608,0.6912,0,0.1839,0.0833,1.6512,none,Normal
CUST00778,14.966,3.217,0.215,8.214,25.222,14.816,0.0,0.8184,1.0799,3,0.1347,0.1611,1.6854,none,Normal
CUST00779,10.34,1.866,0.1805,5.25,14.824,10.573,0.0,1.2262,1.0368,1,0.1306,0.1889,1.4336,none,Normal
CUST00780,24.536,2.043,0.0833,20.035,28.985,24.552,0.0,1.0435,0.9207,0,0.031,0.3944,1.1813,none,Normal
CUST00781,6.487,1.971,0.3039,2.202,11.267,6.684,0.0,0.8843,0.7283,1,0.1586,0.0778,1.737,none,Normal
CUST00782,12.151,2.174,0.1789,7.121,17.32,12.121,0.0,0.8361,1.1364,0,0.1038,0.1889,1.4254,none,Normal
CUST00783,18.385,1.981,0.1078,13.097,22.189,18.622,0.0,0.9141,0.9397,0,0.0832,0.3056,1.2069,none,Normal
CUST00784,7.789,2.018,0.2591,2.841,13.24,7.77,0.0,0.7009,1.04,0,0.1982,0.1333,1.6998,gradual_underreport,Theft
CUST00785,19.817,2.925,0.1476,12.547,27.614,19.742,0.0,0.8849,0.9189,0,0.0889,0.2444,1.3934,none,Normal
CUST00786,21.761,3.238,0.1488,15.328,29.708,21.535,0.0,1.2145,1.11,0,0.1181,0.2611,1.3652,none,Normal
CUST00787,24.079,3.17,0.1316,17.203,31.734,24.016,0.0,1.2015,0.9577,0,0.1032,0.2667,1.3179,none,Normal
CUST00788,23.073,3.541,0.1535,15.331,30.893,22.845,0.0,0.7794,0.9698,0,0.1415,0.2,1.3389,none,Normal
CUST00789,1.502,1.735,1.1552,0.0,6.721,0.749,0.2611,2.0591,0.2413,48,0.6404,0.1,4.4752,periodic_bypass,Theft
CUST00790,23.026,2.065,0.0897,18.317,28.55,23.009,0.0,1.0658,0.9741,0,0.0484,0.3833,1.2399,none,Normal
CUST00791,15.02,2.403,0.16,8.456,20.594,14.784,0.0,0.8347,0.9686,0,0.1252,0.2833,1.3712,none,Normal
CUST00792,15.91,1.223,0.0769,12.573,19.238,15.844,0.0,1.0153,1.0864,0,0.0267,0.4722,1.2092,none,Normal
CUST00793,18.528,2.568,0.1386,12.306,24.211,18.891,0.0,0.8112,0.9574,0,0.1111,0.1722,1.3067,none,Normal
CUST00794,8.454,1.171,0.1385,3.486,9.125,9.125,0.0,1.1125,1.0728,0,0.0861,0.6667,1.0795,flattened_cap,Theft
CUST00795,17.392,1.246,0.0716,13.605,19.739,17.533,0.0,1.0772,1.0573,0,0.0498,0.4889,1.1349,none,Normal
CUST00796,2.295,0.382,0.1666,0.933,2.538,2.538,0.0,0.8875,1.1159,0,0.0714,0.6444,1.106,flattened_cap,Theft
CUST00797,17.268,2.408,0.1394,11.829,22.286,17.199,0.0,1.0256,1.2203,0,0.0487,0.2444,1.2906,none,Normal
CUST00798,7.932,2.269,0.2861,2.86,14.521,8.086,0.0,0.7227,1.1253,1,0.1859,0.0722,1.8306,none,Normal
CUST00799,13.172,2.121,0.1611,8.267,17.455,13.03,0.0,0.8545,0.844,0,0.0896,0.2444,1.3252,none,Normal
CUST00800,9.738,3.013,0.3094,1.24,16.157,10.108,0.0,1.5249,0.8454,5,0.2433,0.0667,1.6591,none,Normal
CUST00801,7.364,3.215,0.4365,2.026,15.11,6.648,0.0,2.0699,1.0142,2,0.4074,0.1056,2.0517,none,Normal
CUST00802,9.87,1.888,0.1913,5.64,14.703,9.746,0.0,1.2752,0.8092,0,0.1362,0.2111,1.4897,none,Normal
CUST00803,20.952,2.462,0.1175,14.368,25.936,21.076,0.0,0.9112,0.9219,0,0.0668,0.3111,1.2379,none,Normal
CUST00804,20.555,2.455,0.1194,14.216,28.034,20.314,0.0,0.8811,1.063,0,0.0892,0.3,1.3638,none,Normal
CUST00805,15.281,9.525,0.6233,5.258,30.478,7.873,0.0,0.2906,0.9232,1,0.5985,0.3778,1.9945,sudden_drop,Theft
CUST00806,12.812,2.686,0.2096,7.691,19.348,12.754,0.0,0.8144,0.7825,0,0.1256,0.1556,1.5101,none,Normal
CUST00807,10.329,2.42,0.2343,4.939,15.297,10.454,0.0,0.7981,1.1898,0,0.1267,0.1444,1.481,none,Normal
CUST00808,4.263,2.525,0.5923,0.0,9.964,4.408,0.0722,0.675,1.1831,41,0.2638,0.0444,2.337,none,Normal
CUST00809,14.274,2.48,0.1738,7.791,19.084,14.551,0.0,0.7953,1.0902,0,0.1316,0.1444,1.3369,none,Normal
CUST00810,15.94,1.482,0.093,12.255,20.18,15.926,0.0,0.9502,1.0625,0,0.0672,0.3667,1.266,none,Normal
CUST00811,23.551,1.803,0.0765,20.196,27.866,23.392,0.0,0.8862,1.0022,0,0.0669,0.4389,1.1833,none,Normal
CUST00812,9.541,2.333,0.2445,3.359,14.394,9.489,0.0,0.8608,0.7661,1,0.1357,0.1667,1.5087,none,Normal
CUST00813,12.074,1.899,0.1573,8.063,15.995,11.915,0.0,0.8849,1.1761,0,0.0659,0.2333,1.3248,none,Normal
CUST00814,14.377,2.686,0.1868,7.009,20.36,14.246,0.0,1.1354,1.153,0,0.1126,0.1889,1.4161,none,Normal
CUST00815,22.048,3.041,0.1379,15.27,29.452,22.196,0.0,0.8779,0.9457,0,0.087,0.25,1.3358,none,Normal
CUST00816,2.895,2.142,0.74,0.0,8.914,3.039,0.1389,1.2062,1.3329,41,0.1882,0.0333,3.0795,none,Normal
CUST00817,14.569,3.076,0.2112,6.123,23.052,14.31,0.0,1.2083,0.8561,1,0.1061,0.2333,1.5823,none,Normal
CUST00818,23.666,3.67,0.1551,12.191,31.744,23.762,0.0,1.2328,0.9016,0,0.1246,0.2222,1.3413,none,Normal
CUST00819,11.766,1.963,0.1669,8.112,15.816,11.661,0.0,0.9717,1.2019,0,0.0328,0.15,1.3442,none,Normal
CUST00820,13.283,2.998,0.2257,6.39,20.668,13.393,0.0,1.3954,0.8634,0,0.183,0.15,1.556,none,Normal
CUST00821,18.767,0.71,0.0378,16.554,19.21,19.21,0.0,0.9756,0.9514,0,0.0161,0.7611,1.0236,flattened_cap,Theft
CUST00822,3.443,1.934,0.5616,0.0,8.458,3.164,0.0222,0.487,0.8278,19,0.4804,0.1,2.4563,none,Normal
CUST00823,8.359,3.704,0.4432,0.473,18.243,8.327,0.0,0.5421,0.9188,19,0.3363,0.0889,2.1823,none,Normal
CUST00824,11.975,2.24,0.187,7.087,18.974,12.098,0.0,1.0827,1.2089,5,0.0557,0.1778,1.5845,none,Normal
CUST00825,20.921,2.159,0.1032,16.508,27.53,20.515,0.0,1.1033,1.0049,0,0.0753,0.4167,1.3159,none,Normal
CUST00826,5.313,2.604,0.4901,0.0,10.896,5.416,0.0278,0.6335,1.4253,21,0.2592,0.1,2.051,none,Normal
CUST00827,5.611,2.955,0.5266,0.016,12.521,5.652,0.0056,0.525,0.555,11,0.3638,0.0722,2.2315,none,Normal
CUST00828,10.231,3.304,0.3229,4.182,18.565,10.023,0.0,0.6052,0.9165,1,0.2773,0.0889,1.8146,gradual_underreport,Theft
CUST00829,16.997,1.846,0.1086,12.171,20.898,17.111,0.0,0.8692,0.9103,0,0.0822,0.3444,1.2295,none,Normal
CUST00830,27.362,1.977,0.0723,22.384,31.858,27.412,0.0,1.0218,1.0625,0,0.0477,0.4556,1.1644,none,Normal
CUST00831,3.851,2.217,0.5758,0.0,9.681,3.629,0.0111,0.4943,1.3376,10,0.4841,0.0444,2.514,none,Normal
CUST00832,11.277,6.224,0.5519,3.744,19.239,15.447,0.0,0.3092,0.9829,1,0.5286,0.2556,1.7061,sudden_drop,Theft
CUST00833,3.962,2.124,0.536,0.0,10.337,3.811,0.05,1.6677,1.1192,32,0.3357,0.1167,2.6092,none,Normal
CUST00834,15.201,0.938,0.0617,12.526,17.298,15.188,0.0,1.0239,0.983,0,0.0428,0.5333,1.1379,none,Normal
CUST00835,8.652,3.081,0.3561,1.77,14.397,8.691,0.0,0.568,0.7966,0,0.2978,0.0833,1.6641,none,Normal
CUST00836,2.931,2.134,0.7282,0.0,9.915,2.885,0.1278,2.9247,0.9323,43,0.5323,0.0444,3.3834,none,Normal
CUST00837,9.765,3.315,0.3395,1.765,16.315,10.184,0.0,1.7466,1.1468,0,0.3125,0.0778,1.6708,none,Normal
CUST00838,20.392,1.305,0.064,17.05,24.714,20.337,0.0,1.0186,0.9814,0,0.0228,0.5222,1.212,none,Normal
CUST00839,10.155,1.741,0.1714,5.42,13.917,10.189,0.0,1.0902,0.7934,0,0.1065,0.2,1.3705,none,Normal
CUST00840,13.712,2.076,0.1514,9.084,17.701,13.841,0.0,0.9211,1.1243,0,0.0599,0.2111,1.2909,none,Normal
CUST00841,16.466,2.223,0.135,10.043,22.487,16.577,0.0,1.102,1.0213,0,0.0994,0.2611,1.3656,none,Normal
CUST00842,13.254,2.47,0.1864,5.939,19.911,13.147,0.0,1.1235,1.0731,3,0.0959,0.2222,1.5023,none,Normal
CUST00843,14.127,4.19,0.2966,6.231,24.66,14.068,0.0,0.6108,1.023,0,0.2733,0.1111,1.7456,gradual_underreport,Theft
CUST00844,14.377,4.028,0.2802,7.394,21.913,14.403,0.0,0.6128,1.0278,0,0.2677,0.1111,1.5242,gradual_underreport,Theft
CUST00845,22.752,2.025,0.089,18.785,27.828,22.328,0.0,1.1563,1.0236,0,0.0814,0.4056,1.2231,none,Normal
CUST00846,10.731,2.427,0.2261,5.627,15.783,10.91,0.0,1.0662,0.8422,0,0.1298,0.15,1.4707,none,Normal
CUST00847,8.236,1.946,0.2362,2.577,12.957,8.444,0.0,0.782,0.8736,2,0.1524,0.1667,1.5733,none,Normal
CUST00848,13.509,3.41,0.2524,7.19,22.518,13.352,0.0,1.4029,0.8754,0,0.1827,0.1444,1.6668,none,Normal
CUST00849,5.95,3.445,0.5789,0.0,13.726,6.427,0.0889,1.315,0.721,25,0.3889,0.0944,2.3068,zero_stretches,Theft
CUST00850,19.648,1.388,0.0706,17.024,22.354,19.685,0.0,1.0421,1.0351,0,0.0232,0.4167,1.1377,none,Normal
CUST00851,9.634,2.565,0.2662,2.795,15.124,9.815,0.0,1.2981,1.0216,8,0.1806,0.15,1.5698,none,Normal
CUST00852,7.323,4.008,0.5473,0.0,16.243,7.16,0.0278,2.313,1.15,8,0.4551,0.05,2.2181,none,Normal
CUST00853,7.249,1.406,0.194,4.241,11.476,7.031,0.0,0.7925,1.0227,0,0.1611,0.2111,1.583,none,Normal
CUST00854,10.739,2.318,0.2159,6.047,15.778,10.783,0.0,0.9684,1.2798,0,0.1196,0.1611,1.4692,none,Normal
CUST00855,11.015,1.556,0.1412,6.333,15.429,11.165,0.0,1.105,0.9504,0,0.0671,0.2389,1.4007,none,Normal
CUST00856,17.76,2.955,0.1664,10.829,25.049,17.541,0.0,0.8276,1.146,0,0.1093,0.2611,1.4104,none,Normal
CUST00857,15.084,1.852,0.1228,10.965,19.788,15.133,0.0,0.9434,1.1066,0,0.037,0.3,1.3119,none,Normal
CUST00858,0.988,0.914,0.9252,0.0,4.443,0.88,0.2778,1.4787,0.646,49,0.518,0.0333,4.4949,gradual_underreport,Theft
CUST00859,9.402,2.746,0.292,4.168,16.546,9.611,0.0,0.7965,0.9471,1,0.1718,0.0944,1.7598,none,Normal
CUST00860,9.954,1.757,0.1765,5.472,13.009,9.924,0.0,0.803,1.0418,0,0.1288,0.2389,1.3069,none,Normal
CUST00861,23.476,2.104,0.0896,16.637,28.585,23.582,0.0,1.067,0.9175,0,0.0631,0.3833,1.2176,none,Normal
CUST00862,19.278,2.529,0.1312,14.025,25.401,19.303,0.0,1.1223,1.1485,0,0.0657,0.2611,1.3176,none,Normal
CUST00863,15.165,2.245,0.148,10.441,20.243,15.218,0.0,0.806,0.9611,0,0.1211,0.1833,1.3348,none,Normal
CUST00864,19.504,2.48,0.1272,14.737,25.658,18.931,0.0,1.1937,0.9691,0,0.1067,0.3444,1.3155,none,Normal
CUST00865,17.073,1.786,0.1046,11.812,21.663,16.986,0.0,1.0348,0.9219,0,0.0342,0.4167,1.2689,none,Normal
CUST00866,25.886,1.379,0.0533,22.572,28.931,25.962,0.0,0.9535,0.9958,0,0.0376,0.6167,1.1176,none,Normal
CUST00867,25.607,2.29,0.0894,19.757,31.783,25.66,0.0,1.0211,1.0743,0,0.0352,0.4833,1.2411,none,Normal
CUST00868,1.533,1.706,1.1131,0.0,7.035,1.003,0.3611,0.695,0.2962,51,0.6308,0.0111,4.59,none,Normal
CUST00869,3.626,2.432,0.6708,0.0,10.391,3.256,0.0667,0.2937,0.9412,13,0.6036,0.0556,2.8656,none,Normal
CUST00870,14.653,2.323,0.1585,7.764,18.922,14.819,0.0,0.8665,1.0662,0,0.0944,0.2389,1.2913,none,Normal
CUST00871,8.976,2.315,0.2579,4.443,14.86,9.024,0.0,1.1065,0.725,0,0.1324,0.1167,1.6555,none,Normal
CUST00872,18.663,2.865,0.1535,12.725,23.772,19.02,0.0,0.7707,0.9832,0,0.1411,0.1444,1.2738,none,Normal
CUST00873,18.375,3.803,0.207,10.796,26.235,18.596,0.0,0.7146,1.0284,0,0.1831,0.1278,1.4277,none,Normal
CUST00874,20.446,3.078,0.1505,13.324,28.671,20.407,0.0,0.8365,1.0043,0,0.1131,0.2556,1.4023,none,Normal
CUST00875,12.741,2.827,0.2219,6.635,18.08,12.529,0.0,0.7665,1.2786,0,0.1465,0.2222,1.419,none,Normal
CUST00876,4.381,3.6,0.8217,0.428,14.141,2.528,0.0,0.2692,0.582,22,0.6998,0.1167,3.228,sudden_drop,Theft
CUST00877,9.091,1.112,0.1223,6.467,11.613,9.125,0.0,0.9529,1.1398,0,0.0682,0.2556,1.2775,none,Normal
CUST00878,2.8,1.543,0.5509,0.0,6.043,2.581,0.0111,0.9939,0.4133,35,0.132,0.05,2.158,none,Normal
CUST00879,12.196,5.848,0.4795,1.979,20.995,14.711,0.0,1.042,0.2148,27,0.0581,0.0944,1.7215,periodic_bypass,Theft
CUST00880,10.975,1.503,0.137,7.911,14.868,10.829,0.0,1.1347,1.061,0,0.1026,0.2944,1.3548,none,Normal
CUST00881,8.65,3.184,0.368,1.186,17.062,8.502,0.0,0.6522,0.6819,8,0.243,0.1111,1.9725,none,Normal
CUST00882,9.826,2.37,0.2412,4.679,15.735,9.814,0.0,0.8678,0.7108,6,0.0972,0.1722,1.6013,none,Normal
CUST00883,7.113,1.168,0.1641,3.033,10.645,7.091,0.0,0.9259,1.0204,4,0.0717,0.2444,1.4965,none,Normal
CUST00884,17.156,3.948,0.2301,7.428,25.486,17.293,0.0,0.7189,1.1051,1,0.178,0.1389,1.4856,none,Normal
CUST00885,4.47,2.344,0.5243,0.0,9.952,4.512,0.0667,1.128,0.4175,40,0.18,0.1056,2.2265,none,Normal
CUST00886,4.816,2.136,0.4435,0.0,10.348,4.885,0.0111,1.0028,0.9684,29,0.2378,0.1056,2.1488,none,Normal
CUST00887,2.691,1.238,0.4602,0.175,5.782,2.673,0.0,0.9756,1.4612,32,0.0912,0.0944,2.1485,none,Normal
CUST00888,6.843,2.595,0.3793,3.983,13.74,5.74,0.0,0.5455,0.9531,0,0.372,0.1667,2.0079,gradual_underreport,Theft
CUST00889,5.355,1.42,0.2651,1.334,8.249,5.569,0.0,1.3544,1.2142,1,0.2216,0.1167,1.5403,none,Normal
CUST00890,10.645,2.951,0.2772,4.244,17.912,9.981,0.0,1.5897,1.1326,0,0.2522,0.1611,1.6827,none,Normal
CUST00891,22.881,2.163,0.0945,17.712,28.731,22.958,0.0,1.0656,0.9314,0,0.0439,0.3778,1.2557,none,Normal
CUST00892,17.908,2.807,0.1568,10.767,23.83,17.977,0.0,0.8095,0.9091,0,0.1161,0.2389,1.3307,none,Normal
CUST00893,14.577,2.577,0.1768,9.166,19.655,14.644,0.0,1.3013,1.1791,0,0.1448,0.1778,1.3483,none,Normal
CUST00894,23.0,2.023,0.088,17.756,29.043,23.007,0.0,1.0317,0.9797,0,0.0404,0.4278,1.2627,none,Normal
CUST00895,20.399,1.985,0.0973,15.781,25.115,20.59,0.0,0.8964,0.9771,0,0.0764,0.3,1.2312,none,Normal
CUST00896,10.778,1.664,0.1543,7.374,15.436,10.789,0.0,0.8347,1.0557,0,0.1037,0.2278,1.4322,none,Normal
CUST00897,18.859,3.375,0.179,11.651,26.564,19.09,0.0,0.7538,0.9529,0,0.1573,0.1611,1.4086,none,Normal
CUST00898,21.028,2.055,0.0977,16.491,25.511,21.106,0.0,0.8973,0.9683,0,0.0605,0.3278,1.2132,none,Normal
CUST00899,21.505,2.714,0.1262,13.978,28.177,21.353,0.0,0.9884,1.1814,0,0.0298,0.2611,1.3102,none,Normal
CUST00900,22.222,1.731,0.0779,16.812,26.834,22.285,0.0,1.0016,0.9518,0,0.0307,0.4667,1.2075,none,Normal
CUST00901,10.484,2.377,0.2267,5.342,15.458,10.317,0.0,1.2229,0.71,0,0.1211,0.1778,1.4744,none,Normal
CUST00902,19.988,1.143,0.0572,16.327,22.536,20.065,0.0,0.9391,1.0372,0,0.042,0.5722,1.1275,none,Normal
CUST00903,18.271,3.39,0.1856,10.16,24.849,18.556,0.0,1.2898,1.1011,0,0.146,0.1889,1.36,none,Normal
CUST00904,16.731,10.851,0.6486,3.319,32.47,22.637,0.0,0.2762,1.1099,1,0.6152,0.2333,1.9407,sudden_drop,Theft
CUST00905,13.173,2.173,0.1649,7.274,17.369,13.636,0.0,1.2718,1.0115,0,0.1451,0.2278,1.3186,none,Normal
CUST00906,17.629,6.772,0.3841,0.012,25.177,19.536,0.1,0.8639,0.869,5,0.2702,0.3167,1.4281,zero_stretches,Theft
CUST00907,5.57,2.444,0.4389,0.522,11.339,5.853,0.0,0.8542,1.0281,22,0.1306,0.0611,2.0358,none,Normal
CUST00908,10.808,4.649,0.4302,0.066,19.598,11.79,0.0667,0.8655,1.0021,13,0.282,0.1278,1.8133,zero_stretches,Theft
CUST00909,3.913,3.131,0.8,0.0,11.046,3.656,0.1611,0.2205,0.6153,22,0.6734,0.0444,2.8228,none,Normal
CUST00910,26.688,2.32,0.0869,20.394,31.577,26.746,0.0,1.0983,0.9979,0,0.0628,0.3944,1.1832,none,Normal
CUST00911,2.82,1.376,0.488,0.143,6.446,2.5,0.0056,1.175,1.0528,0,0.4528,0.1,2.2859,none,Normal
CUST00912,20.1,3.235,0.1609,10.24,27.871,20.199,0.0,1.1866,1.1051,0,0.1048,0.2278,1.3866,none,Normal
CUST00913,11.884,1.287,0.1083,8.188,15.045,12.02,0.0,0.8681,0.9243,0,0.0856,0.2611,1.266,none,Normal
CUST00914,3.494,1.611,0.4612,0.0,8.412,3.226,0.0111,1.6722,0.8303,7,0.386,0.0944,2.4079,none,Normal
CUST00915,4.949,3.34,0.675,0.0,12.67,4.974,0.1056,2.5126,0.5364,30,0.4872,0.0389,2.5602,none,Normal
CUST00916,6.165,3.017,0.4893,0.0,14.528,5.854,0.0056,0.5287,0.7711,19,0.4,0.0833,2.3565,none,Normal
CUST00917,8.279,1.921,0.232,4.234,12.192,8.355,0.0,0.9516,1.2479,0,0.0759,0.1222,1.4727,none,Normal
CUST00918,10.201,1.604,0.1573,5.839,15.465,10.21,0.0,1.1181,1.0894,0,0.086,0.2111,1.5161,none,Normal
CUST00919,5.386,3.027,0.562,0.128,11.878,5.512,0.0222,1.3784,0.5099,39,0.2713,0.0556,2.2052,zero_stretches,Theft
CUST00920,16.347,1.555,0.0951,13.41,19.652,16.417,0.0,1.0097,1.126,0,0.0461,0.2722,1.2021,none,Normal
CUST00921,9.798,2.795,0.2853,4.994,16.399,9.444,0.0,0.6235,1.102,0,0.2683,0.1222,1.6737,gradual_underreport,Theft
CUST00922,12.055,0.462,0.0383,10.292,12.362,12.362,0.0,0.9859,0.9933,0,0.0324,0.7389,1.0255,flattened_cap,Theft
CUST00923,5.356,1.103,0.206,2.113,7.884,5.422,0.0,1.1611,1.0809,0,0.1561,0.1778,1.4719,none,Normal
CUST00924,15.865,2.306,0.1453,10.036,21.592,15.841,0.0,0.9492,1.0488,0,0.0812,0.2333,1.361,none,Normal
CUST00925,24.646,2.671,0.1084,18.37,31.948,24.622,0.0,1.1131,0.9619,0,0.0716,0.3389,1.2963,none,Normal
CUST00926,13.769,1.757,0.1276,9.406,19.296,13.554,0.0,1.142,1.0196,0,0.0745,0.3333,1.4014,none,Normal
CUST00927,7.317,1.354,0.185,4.93,10.937,7.162,0.0,1.2228,1.0446,0,0.1392,0.2278,1.4946,none,Normal
CUST00928,18.715,2.336,0.1248,13.826,24.685,18.511,0.0,0.8402,0.9953,0,0.1026,0.3222,1.319,none,Normal
CUST00929,19.244,3.397,0.1765,11.892,27.152,19.348,0.0,1.3,1.1043,0,0.1435,0.1833,1.4109,none,Normal
CUST00930,5.685,1.727,0.3037,2.654,11.351,5.465,0.0,0.7683,1.1587,1,0.2591,0.1056,1.9965,none,Normal
CUST00931,4.961,2.546,0.5133,0.0,10.796,4.694,0.0056,0.4352,0.7104,4,0.4363,0.05,2.1764,none,Normal
CUST00932,13.115,1.768,0.1348,9.016,16.849,13.099,0.0,0.9302,1.2019,0,0.0502,0.2167,1.2847,none,Normal
CUST00933,23.221,1.571,0.0676,19.354,28.78,23.17,0.0,0.9609,1.0092,0,0.029,0.5278,1.2394,none,Normal
CUST00934,21.455,3.029,0.1412,13.912,28.38,21.564,0.0,1.2148,1.0835,0,0.1081,0.2167,1.3228,none,Normal
CUST00935,8.763,3.271,0.3733,0.238,16.213,8.826,0.0,0.6284,1.0618,5,0.25,0.1056,1.8502,none,Normal
CUST00936,25.949,1.9,0.0732,20.668,29.822,26.367,0.0,0.9354,0.9973,0,0.0627,0.4778,1.1492,none,Normal
CUST00937,20.574,2.438,0.1185,15.355,25.557,20.587,0.0,0.8332,0.9235,0,0.0987,0.3167,1.2422,none,Normal
CUST00938,4.885,2.215,0.4535,0.257,11.33,5.043,0.0,1.4468,1.5723,20,0.2192,0.0889,2.3194,none,Normal
CUST00939,9.703,4.692,0.4835,2.432,20.447,9.276,0.0,0.4201,1.0459,0,0.4477,0.0611,2.1072,gradual_underreport,Theft
CUST00940,3.692,3.016,0.817,0.0,12.012,3.47,0.1944,3.7411,1.3321,31,0.6718,0.0667,3.2539,none,Normal
CUST00941,18.143,2.696,0.1486,10.235,24.174,18.129,0.0,1.1098,1.1071,0,0.066,0.2389,1.3324,none,Normal
CUST00942,23.931,3.089,0.1291,17.719,31.236,23.725,0.0,1.223,0.9433,0,0.1101,0.2889,1.3052,none,Normal
CUST00943,8.433,3.189,0.3782,2.192,14.956,8.259,0.0,0.5785,0.8691,2,0.2984,0.1167,1.7735,none,Normal
CUST00944,16.302,2.671,0.1638,8.434,23.08,16.58,0.0,0.8375,0.999,0,0.1276,0.2611,1.4158,none,Normal
CUST00945,11.627,2.349,0.202,5.605,18.79,11.523,0.0,0.8666,1.0612,2,0.1213,0.1889,1.6161,none,Normal
CUST00946,18.316,2.922,0.1595,9.623,24.45,18.833,0.0,0.8034,1.0227,0,0.1267,0.1833,1.3349,none,Normal
CUST00947,16.82,2.198,0.1307,11.922,23.444,16.607,0.0,0.8576,1.1411,0,0.0866,0.2778,1.3939,none,Normal
CUST00948,6.191,3.31,0.5346,0.046,13.602,5.495,0.0056,2.5739,1.1004,2,0.497,0.0667,2.1972,none,Normal
CUST00949,18.898,1.616,0.0855,14.306,22.272,18.902,0.0,0.9474,0.935,0,0.041,0.4167,1.1785,none,Normal
CUST00950,4.521,1.524,0.3371,1.07,8.422,4.479,0.0,0.9047,1.0439,10,0.1459,0.0722,1.8631,none,Normal
CUST00951,18.709,1.719,0.0919,13.78,22.057,18.659,0.0,1.0492,1.0002,0,0.0411,0.3722,1.1789,none,Normal
CUST00952,11.594,7.735,0.6671,3.753,27.512,6.879,0.0,0.3652,1.1534,1,0.6423,0.2889,2.3729,sudden_drop,Theft
CUST00953,23.346,2.861,0.1225,14.854,30.529,23.064,0.0,1.029,0.8599,0,0.041,0.3,1.3077,none,Normal
CUST00954,11.432,2.088,0.1826,8.414,15.504,10.916,0.0,0.7239,0.9569,0,0.1789,0.2333,1.3562,none,Normal
CUST00955,25.337,1.333,0.0526,21.909,28.311,25.258,0.0,0.9418,1.0266,0,0.0352,0.6278,1.1174,none,Normal
CUST00956,5.149,2.806,0.545,0.0,12.714,4.69,0.0056,0.4314,0.9572,23,0.4797,0.0278,2.4692,none,Normal
CUST00957,14.705,1.068,0.0727,12.405,17.039,14.745,0.0,1.0055,1.0563,0,0.0177,0.4333,1.1587,none,Normal
CUST00958,19.632,3.478,0.1772,11.892,26.089,20.191,0.0,0.7503,1.1132,0,0.1539,0.1333,1.3289,none,Normal
CUST00959,6.832,1.913,0.28,1.635,10.788,6.768,0.0,1.1013,1.0355,18,0.0925,0.1722,1.5789,none,Normal
CUST00960,6.932,2.477,0.3573,1.763,13.546,6.748,0.0,1.5563,1.0801,16,0.2505,0.0833,1.9541,none,Normal
CUST00961,25.177,2.001,0.0795,19.957,29.242,25.211,0.0,0.9368,1.0752,0,0.0504,0.4167,1.1614,none,Normal
CUST00962,24.465,0.833,0.034,22.404,26.441,24.462,0.0,0.9515,0.9717,0,0.0274,0.8389,1.0808,none,Normal
CUST00963,15.725,1.833,0.1166,10.377,20.307,15.89,0.0,0.9874,1.0982,0,0.0296,0.2833,1.2914,none,Normal
CUST00964,2.883,1.006,0.3488,0.558,5.859,2.853,0.0,0.9531,1.0253,12,0.1672,0.15,2.0324,gradual_underreport,Theft
CUST00965,3.83,3.274,0.8549,0.0,13.626,3.154,0.2,0.2747,0.8469,53,0.6022,0.0556,3.5579,none,Normal
CUST00966,10.274,2.707,0.2634,3.54,16.839,10.285,0.0,0.8886,1.3051,6,0.1191,0.1667,1.6389,none,Normal
CUST00967,13.299,2.639,0.1984,8.214,19.578,13.172,0.0,1.1411,0.7924,3,0.0832,0.1889,1.4721,none,Normal
CUST00968,20.074,2.332,0.1162,14.015,25.545,19.752,0.0,1.0345,1.1476,0,0.037,0.3444,1.2725,none,Normal
CUST00969,12.285,2.877,0.2342,6.94,20.823,11.667,0.0,1.3381,1.0489,3,0.1787,0.2056,1.695,none,Normal
CUST00970,4.986,3.302,0.6622,0.0,13.315,4.845,0.0722,0.4805,0.4842,34,0.4223,0.05,2.6707,none,Normal
CUST00971,9.963,2.327,0.2335,2.869,15.459,10.007,0.0,0.8602,0.8439,7,0.1072,0.15,1.5516,none,Normal
CUST00972,21.605,2.513,0.1163,14.876,27.481,21.635,0.0,1.1641,0.8778,0,0.0838,0.2944,1.272,none,Normal
CUST00973,23.409,1.967,0.084,17.473,28.147,23.324,0.0,1.0447,0.8931,0,0.0293,0.4444,1.2024,none,Normal
CUST00974,18.959,0.553,0.0292,17.203,19.296,19.296,0.0,0.977,1.0242,0,0.0137,0.85,1.0178,flattened_cap,Theft
CUST00975,20.267,2.322,0.1146,15.228,26.358,20.116,0.0,0.9238,0.9528,0,0.0542,0.3222,1.3005,none,Normal
CUST00976,6.033,2.702,0.4479,0.0,12.775,6.117,0.0167,1.12,0.7605,27,0.1072,0.0778,2.1176,none,Normal
CUST00977,10.575,1.844,0.1744,6.158,14.828,10.705,0.0,1.1317,1.1736,0,0.1089,0.1722,1.4022,none,Normal
CUST00978,15.012,1.641,0.1093,11.804,18.493,14.934,0.0,0.9508,1.1768,0,0.0311,0.2889,1.2319,none,Normal
CUST00979,10.587,2.591,0.2447,4.534,16.924,10.86,0.0,0.7174,0.8239,1,0.1845,0.1278,1.5985,none,Normal
CUST00980,16.706,5.974,0.3576,0.06,26.585,17.149,0.0556,0.7203,1.0073,5,0.2763,0.2,1.5913,zero_stretches,Theft
CUST00981,19.001,2.455,0.1292,13.088,24.993,18.913,0.0,1.0565,1.1176,0,0.0636,0.2667,1.3154,none,Normal
CUST00982,5.369,1.998,0.3722,0.0,10.981,5.333,0.0056,0.9536,1.0996,30,0.1695,0.1056,2.0451,none,Normal
CUST00983,13.55,3.765,0.2779,4.555,22.481,13.418,0.0,1.513,0.8711,0,0.2272,0.1333,1.6591,none,Normal
CUST00984,4.119,3.181,0.7724,0.0,9.692,4.107,0.1722,0.2002,0.7043,2,0.7026,0.0389,2.3531,none,Normal
CUST00985,20.252,2.793,0.1379,13.075,27.777,20.046,0.0,1.1281,0.9423,0,0.0886,0.3,1.3715,none,Normal
CUST00986,16.129,3.251,0.2015,8.169,22.705,16.414,0.0,1.3109,1.0902,0,0.165,0.1611,1.4077,none,Normal
CUST00987,5.324,3.172,0.5957,0.459,10.629,6.08,0.0,1.0316,0.125,27,0.1837,0.0444,1.9963,periodic_bypass,Theft
CUST00988,8.551,3.627,0.4242,0.0,18.122,8.449,0.0056,1.7427,1.0699,14,0.3144,0.0667,2.1192,none,Normal
CUST00989,22.236,2.551,0.1147,14.162,27.997,22.225,0.0,1.0623,0.9357,0,0.0497,0.3778,1.2591,none,Normal
CUST00990,14.597,2.662,0.1824,8.051,22.384,14.558,0.0,0.8365,0.9599,2,0.1105,0.1833,1.5334,none,Normal
CUST00991,8.254,2.126,0.2576,2.911,13.579,8.125,0.0,0.9024,0.7437,5,0.0795,0.1167,1.645,none,Normal
CUST00992,15.879,2.744,0.1728,9.091,22.842,15.835,0.0,1.167,0.818,0,0.102,0.2722,1.4385,none,Normal
CUST00993,24.362,2.886,0.1185,18.306,30.062,24.276,0.0,1.2093,1.0953,0,0.1033,0.2722,1.234,none,Normal
CUST00994,12.903,0.679,0.0526,11.071,14.336,12.985,0.0,1.0776,1.0147,0,0.0433,0.6,1.1111,none,Normal
CUST00995,6.911,2.676,0.3871,1.402,15.061,7.046,0.0,0.6972,1.441,21,0.2512,0.1167,2.1792,none,Normal
CUST00996,3.937,2.937,0.746,0.0,9.582,3.351,0.0833,4.8182,1.0475,0,0.7326,0.0444,2.4339,none,Normal
CUST00997,20.001,3.485,0.1742,12.873,27.834,20.219,0.0,0.7717,1.0061,0,0.1465,0.15,1.3916,none,Normal
CUST00998,15.756,2.534,0.1608,10.333,21.87,15.845,0.0,1.2672,1.0011,0,0.1256,0.1611,1.388,none,Normal
CUST00999,8.228,1.625,0.1975,4.772,11.761,8.038,0.0,1.3659,1.0565,0,0.1725,0.1944,1.4293,none,Normal
CUST01000,16.702,8.28,0.4957,2.92,26.293,20.666,0.0,0.8862,0.1751,25,0.0653,0.1222,1.5742,periodic_bypass,Theft
CUST01001,20.664,1.49,0.0721,16.771,24.588,20.633,0.0,0.9979,1.0069,0,0.0491,0.4722,1.1899,none,Normal
CUST01002,21.475,1.315,0.0613,17.959,24.347,21.585,0.0,1.0658,1.0001,0,0.0506,0.5722,1.1337,none,Normal
CUST01003,22.409,2.588,0.1155,15.859,29.499,22.687,0.0,1.0721,1.1451,0,0.0514,0.2611,1.3164,none,Normal
CUST01004,19.853,2.034,0.1025,13.955,24.96,20.025,0.0,1.072,0.9686,0,0.0777,0.3833,1.2573,none,Normal
CUST01005,21.198,1.567,0.0739,16.957,23.826,21.498,0.0,1.0642,0.9978,0,0.0675,0.4611,1.124,none,Normal
CUST01006,8.126,2.016,0.248,0.038,11.246,8.525,0.0333,0.925,1.0117,3,0.1388,0.2,1.3839,zero_stretches,Theft
CUST01007,13.539,2.629,0.1942,6.925,18.513,13.758,0.0,0.7684,0.9397,0,0.1613,0.2167,1.3674,none,Normal
CUST01008,8.527,2.01,0.2358,3.777,12.734,8.641,0.0,1.306,1.1885,2,0.1586,0.1111,1.4934,none,Normal
CUST01009,23.405,6.819,0.2914,0.022,29.76,24.843,0.0722,0.9767,0.8584,3,0.1629,0.3111,1.2715,zero_stretches,Theft
CUST01010,12.628,2.026,0.1605,7.639,18.35,12.616,0.0,0.8732,1.087,0,0.1353,0.2333,1.4531,none,Normal
CUST01011,21.144,1.671,0.079,17.928,23.852,21.58,0.0,0.8725,1.002,0,0.0741,0.2556,1.1281,none,Normal
CUST01012,21.368,1.598,0.0748,17.549,24.46,21.391,0.0,0.9788,1.1158,0,0.0276,0.4611,1.1447,none,Normal
CUST01013,18.502,2.393,0.1293,12.387,24.179,18.656,0.0,0.9339,1.0103,0,0.0665,0.2278,1.3068,none,Normal
CUST01014,23.526,2.023,0.086,19.405,28.265,23.497,0.0,1.0076,0.9275,0,0.0183,0.3944,1.2014,none,Normal
CUST01015,16.573,1.366,0.0824,13.126,19.584,16.552,0.0,0.9318,1.0011,0,0.0488,0.4056,1.1817,none,Normal
CUST01016,24.848,2.433,0.0979,17.293,30.644,24.968,0.0,0.9649,1.0927,0,0.0349,0.3944,1.2332,none,Normal
CUST01017,15.194,1.844,0.1213,9.945,19.543,15.211,0.0,0.9224,0.9031,0,0.0852,0.2889,1.2862,none,Normal
CUST01018,16.483,1.802,0.1093,12.166,21.737,16.479,0.0,1.0361,1.0487,0,0.0407,0.35,1.3187,none,Normal
CUST01019,12.994,1.924,0.1481,7.433,16.744,13.104,0.0,1.1176,1.1129,0,0.0976,0.2333,1.2887,none,Normal
CUST01020,3.65,2.028,0.5556,0.0,9.765,3.71,0.0611,0.7418,1.5563,43,0.2502,0.0611,2.6752,none,Normal
CUST01021,3.867,2.7,0.6983,0.0,11.057,3.656,0.1,0.373,0.5241,36,0.5279,0.0611,2.8594,none,Normal
CUST01022,11.408,5.215,0.4572,0.059,18.278,13.095,0.1056,0.911,1.0558,5,0.3551,0.1611,1.6023,zero_stretches,Theft
CUST01023,21.863,2.904,0.1328,14.192,31.349,21.897,0.0,0.8462,1.0298,0,0.0942,0.2889,1.4339,none,Normal
CUST01024,14.832,2.323,0.1566,9.202,22.285,14.59,0.0,1.0598,1.0651,0,0.0601,0.2444,1.5025,none,Normal
CUST01025,9.328,1.587,0.1701,4.703,12.337,9.656,0.0,1.114,1.027,0,0.1545,0.1389,1.3226,none,Normal
CUST01026,16.518,2.266,0.1372,10.497,21.196,16.561,0.0,1.0095,1.0662,0,0.0368,0.2444,1.2832,none,Normal
CUST01027,4.129,1.517,0.3675,1.376,7.018,4.155,0.0,1.1662,0.5151,11,0.1101,0.0778,1.6998,none,Normal
CUST01028,19.843,2.817,0.142,14.603,26.136,19.522,0.0,0.8221,0.8868,0,0.1179,0.2667,1.3171,none,Normal
CUST01029,5.963,2.445,0.41,0.381,11.144,5.966,0.0,1.9037,0.6859,0,0.3514,0.0889,1.8687,none,Normal
CUST01030,8.574,2.576,0.3005,2.171,16.826,8.471,0.0,1.3396,0.8584,6,0.2104,0.1111,1.9626,none,Normal
CUST01031,17.262,2.243,0.1299,11.861,22.24,17.184,0.0,0.9049,0.8718,0,0.0776,0.2833,1.2884,none,Normal
CUST01032,6.323,3.698,0.5849,0.899,13.982,6.058,0.0,0.3226,0.8802,0,0.5547,0.0556,2.2113,gradual_underreport,Theft
CUST01033,19.91,1.617,0.0812,16.879,23.362,19.914,0.0,0.9979,0.8725,0,0.0116,0.3722,1.1734,none,Normal
CUST01034,12.195,2.983,0.2446,4.453,17.908,12.301,0.0,0.7015,0.8266,0,0.1885,0.1167,1.4685,none,Normal
CUST01035,8.96,2.494,0.2784,3.642,17.265,8.735,0.0,1.2528,0.8562,5,0.1808,0.1722,1.9269,none,Normal
CUST01036,12.261,2.477,0.202,6.129,20.304,12.069,0.0,0.822,0.8546,0,0.1425,0.2,1.656,none,Normal
CUST01037,6.49,1.299,0.2002,3.251,10.275,6.509,0.0,0.8679,1.0103,2,0.1042,0.2056,1.5832,none,Normal
CUST01038,7.267,1.865,0.2566,3.21,11.996,7.389,0.0,0.9443,1.1406,6,0.0712,0.15,1.6506,none,Normal
CUST01039,7.943,3.725,0.469,0.0,18.146,7.85,0.0167,1.8576,1.1667,14,0.356,0.0944,2.2846,none,Normal
CUST01040,22.29,2.696,0.1209,17.105,28.297,22.202,0.0,0.8408,0.8808,0,0.0973,0.3111,1.2695,none,Normal
CUST01041,20.726,3.121,0.1506,12.129,27.978,21.063,0.0,1.2056,1.0597,0,0.1165,0.2167,1.3499,none,Normal
CUST01042,5.818,2.042,0.351,0.571,10.155,5.838,0.0,0.8744,1.5721,16,0.1248,0.0944,1.7454,none,Normal
CUST01043,6.583,1.564,0.2376,3.005,10.626,6.644,0.0,1.0284,0.6771,3,0.0741,0.1167,1.6143,none,Normal
CUST01044,17.754,5.57,0.3137,0.014,23.27,19.148,0.0333,0.9883,1.1016,4,0.1927,0.3389,1.3107,zero_stretches,Theft
CUST01045,11.233,4.13,0.3676,3.046,19.165,11.804,0.0,0.524,0.9344,0,0.3366,0.0722,1.7062,gradual_underreport,Theft
CUST01046,5.357,1.364,0.2546,0.087,6.124,6.124,0.0056,1.3212,0.9746,3,0.2137,0.6611,1.1432,flattened_cap,Theft
CUST01047,14.081,4.78,0.3394,5.929,24.929,13.644,0.0,0.558,0.9422,0,0.3182,0.0889,1.7704,gradual_underreport,Theft
CUST01048,22.886,2.278,0.0995,17.325,30.384,22.717,0.0,0.9468,1.0475,0,0.0472,0.3556,1.3276,none,Normal
CUST01049,14.34,2.74,0.1911,8.663,20.864,14.233,0.0,0.7886,1.0349,0,0.1324,0.2,1.4549,none,Normal
CUST01050,10.427,1.925,0.1846,7.185,15.214,9.86,0.0,0.7682,0.9852,0,0.1794,0.3,1.4591,none,Normal
CUST01051,18.765,2.487,0.1326,12.276,24.271,18.853,0.0,1.0556,0.8666,0,0.0471,0.2556,1.2934,none,Normal
CUST01052,20.269,3.247,0.1602,13.292,29.669,20.048,0.0,1.1914,0.8786,0,0.1155,0.25,1.4638,none,Normal
CUST01053,20.948,5.644,0.2695,0.104,27.918,21.969,0.0278,1.0197,1.0612,3,0.1767,0.3,1.3327,zero_stretches,Theft
CUST01054,6.014,2.666,0.4433,0.0,11.906,6.04,0.0111,1.8987,0.9905,13,0.3603,0.0667,1.9799,none,Normal
CUST01055,6.537,2.645,0.4046,0.335,12.436,6.658,0.0,1.0778,0.6269,30,0.0887,0.1167,1.9022,none,Normal
CUST01056,6.839,0.748,0.1094,4.272,7.291,7.291,0.0,1.11,0.994,0,0.0732,0.6667,1.0661,flattened_cap,Theft
CUST01057,18.702,2.88,0.154,11.822,25.956,18.621,0.0,0.947,0.8449,0,0.0632,0.2333,1.3879,none,Normal
CUST01058,11.683,2.295,0.1964,6.713,17.4,11.676,0.0,0.9097,1.0361,0,0.0696,0.1444,1.4894,none,Normal
CUST01059,6.098,2.083,0.3417,2.357,10.414,6.187,0.0,0.5598,0.8601,0,0.3098,0.0778,1.7078,none,Normal
CUST01060,4.075,1.195,0.2933,1.049,6.808,4.049,0.0,0.7924,0.6865,3,0.1377,0.1167,1.6706,none,Normal
CUST01061,14.422,2.199,0.1525,8.698,19.194,14.526,0.0,1.0001,0.8101,0,0.0394,0.2056,1.3308,none,Normal
CUST01062,18.468,2.804,0.1518,11.853,24.532,18.426,0.0,0.8288,0.9877,0,0.1112,0.2556,1.3284,none,Normal
CUST01063,8.585,1.778,0.2071,4.103,14.351,8.344,0.0,0.8316,1.0122,5,0.1206,0.2222,1.6715,none,Normal
CUST01064,23.439,2.442,0.1042,17.996,28.966,23.442,0.0,1.1124,1.0751,0,0.0605,0.3278,1.2358,none,Normal
CUST01065,26.219,3.14,0.1198,19.688,31.882,26.536,0.0,1.2242,1.0571,0,0.1142,0.2167,1.216,none,Normal
CUST01066,4.774,2.146,0.4495,0.0,9.365,5.121,0.0056,0.5075,1.2046,9,0.3515,0.0778,1.9618,none,Normal
CUST01067,13.961,0.829,0.0594,12.074,16.379,13.883,0.0,0.9708,0.9221,0,0.0293,0.5833,1.1732,none,Normal
CUST01068,21.692,1.975,0.091,16.06,27.102,21.757,0.0,1.0606,0.9451,0,0.0573,0.45,1.2494,none,Normal
CUST01069,23.056,1.874,0.0813,18.895,26.496,22.805,0.0,1.06,1.1366,0,0.0331,0.4,1.1492,none,Normal
CUST01070,2.933,2.078,0.7086,0.0,9.846,2.616,0.1056,0.745,0.7555,44,0.4484,0.0556,3.357,none,Normal
CUST01071,14.161,2.061,0.1456,8.005,18.78,14.299,0.0,1.1456,1.0352,0,0.087,0.2278,1.3262,none,Normal
CUST01072,10.947,3.191,0.2915,3.995,19.651,10.749,0.0,0.6749,0.8597,4,0.2359,0.1333,1.7951,none,Normal
CUST01073,21.074,1.717,0.0815,16.317,25.137,21.068,0.0,1.0456,1.0589,0,0.0558,0.4111,1.1928,none,Normal
CUST01074,17.032,2.794,0.164,10.271,24.706,16.867,0.0,0.8967,0.8392,0,0.077,0.2389,1.4506,none,Normal
CUST01075,19.578,3.305,0.1688,11.904,28.055,19.521,0.0,0.8119,1.0191,0,0.1184,0.2444,1.433,none,Normal
CUST01076,21.931,3.109,0.1417,14.303,30.77,21.78,0.0,0.903,0.9008,0,0.0662,0.2444,1.403,none,Normal
CUST01077,5.376,1.812,0.337,0.804,10.193,5.27,0.0,0.9292,0.9283,25,0.1352,0.1278,1.8959,none,Normal
CUST01078,18.827,2.08,0.1105,13.047,26.816,18.778,0.0,0.9937,1.0036,0,0.0518,0.3556,1.4243,none,Normal
CUST01079,9.393,1.822,0.194,4.82,14.44,9.333,0.0,0.8025,0.9851,0,0.1614,0.1667,1.5372,none,Normal
CUST01080,9.383,2.41,0.2569,0.782,14.996,9.527,0.0,0.8384,1.26,9,0.1171,0.1389,1.5982,none,Normal
CUST01081,14.586,2.401,0.1646,10.306,20.441,14.361,0.0,1.252,0.8872,0,0.127,0.2444,1.4014,none,Normal
CUST01082,22.075,1.729,0.0783,18.417,26.284,21.891,0.0,0.9651,1.124,0,0.0227,0.4111,1.1907,none,Normal
CUST01083,11.742,3.248,0.2766,3.447,19.846,11.289,0.0,0.7511,0.7626,3,0.1927,0.2111,1.6902,none,Normal
CUST01084,11.407,1.501,0.1316,8.051,15.21,11.386,0.0,1.0573,0.9646,0,0.036,0.2611,1.3334,none,Normal
CUST01085,22.513,2.193,0.0974,18.194,28.199,22.415,0.0,0.9992,0.8699,0,0.037,0.3389,1.2525,none,Normal
CUST01086,11.97,3.558,0.2972,4.831,20.359,11.315,0.0,0.6257,0.9704,0,0.258,0.1444,1.7009,none,Normal
CUST01087,9.739,2.771,0.2845,2.645,15.832,9.464,0.0,0.7777,0.6674,4,0.1501,0.1667,1.6256,none,Normal
CUST01088,11.401,1.353,0.1187,8.575,14.268,11.304,0.0,0.9916,1.1895,0,0.0422,0.3,1.2514,none,Normal
CUST01089,14.056,2.493,0.1773,8.431,20.801,13.991,0.0,1.1131,1.1588,0,0.1017,0.2167,1.4799,none,Normal
CUST01090,20.254,1.697,0.0838,16.046,24.064,20.162,0.0,1.0837,1.0273,0,0.0534,0.4278,1.1881,none,Normal
CUST01091,7.1,2.364,0.3329,2.456,13.93,7.119,0.0,1.4178,1.4304,2,0.211,0.1,1.9618,none,Normal
CUST01092,13.935,1.929,0.1384,8.364,18.146,14.121,0.0,0.8349,1.0979,0,0.1086,0.2667,1.3022,none,Normal
CUST01093,17.578,1.59,0.0905,14.145,22.132,17.522,0.0,1.0439,0.8988,0,0.0457,0.4056,1.2591,none,Normal
CUST01094,17.873,5.234,0.2928,7.612,28.922,18.019,0.0,0.6183,1.113,0,0.262,0.0889,1.6182,gradual_underreport,Theft
CUST01095,11.61,2.355,0.2028,6.653,17.102,11.645,0.0,0.9909,0.7434,0,0.1042,0.1611,1.473,none,Normal
CUST01096,14.175,3.766,0.2657,6.183,22.508,13.841,0.0,0.6839,1.1588,1,0.2182,0.1333,1.5878,none,Normal
CUST01097,16.198,2.591,0.16,9.36,22.803,16.268,0.0,0.7759,1.0154,0,0.1358,0.1944,1.4078,none,Normal
CUST01098,8.986,2.065,0.2298,5.427,12.519,9.301,0.0,0.9607,0.9124,0,0.0283,0.0889,1.3931,none,Normal
CUST01099,18.915,3.743,0.1979,10.506,28.473,18.783,0.0,1.3552,1.1201,0,0.1697,0.1833,1.5053,none,Normal
CUST01100,24.325,2.989,0.1229,18.268,31.318,23.924,0.0,1.2339,0.9916,0,0.1165,0.2944,1.2875,none,Normal
CUST01101,12.165,2.742,0.2254,6.075,18.673,12.172,0.0,0.8737,0.9774,3,0.0982,0.1722,1.535,none,Normal
CUST01102,22.283,3.277,0.147,16.1,30.857,21.802,0.0,0.7967,0.943,0,0.133,0.25,1.3847,none,Normal
CUST01103,17.092,2.133,0.1248,10.755,23.625,17.233,0.0,0.9647,1.1389,0,0.05,0.3333,1.3822,none,Normal
CUST01104,19.768,2.405,0.1216,12.155,26.105,19.735,0.0,1.153,1.036,0,0.0897,0.2722,1.3206,none,Normal
CUST01105,11.999,2.476,0.2063,6.201,16.539,12.031,0.0,1.2982,0.8038,0,0.156,0.1722,1.3784,none,Normal
CUST01106,17.045,2.895,0.1698,11.824,22.263,17.072,0.0,1.3512,1.0041,0,0.1651,0.1333,1.3061,none,Normal
CUST01107,13.07,1.929,0.1476,9.315,17.697,13.268,0.0,0.9643,0.7854,0,0.0488,0.1722,1.354,none,Normal
CUST01108,15.023,2.634,0.1753,8.87,19.641,15.486,0.0,1.2936,0.9172,0,0.1506,0.1278,1.3074,none,Normal
CUST01109,14.391,1.933,0.1343,10.909,18.005,14.138,0.0,1.0304,1.2235,0,0.0231,0.2611,1.2511,none,Normal
CUST01110,18.318,2.589,0.1413,12.424,23.769,18.298,0.0,0.9111,0.9753,0,0.0695,0.25,1.2976,none,Normal
CUST01111,5.507,1.388,0.2521,2.268,9.176,5.354,0.0,1.2866,0.7429,1,0.1659,0.1944,1.6662,none,Normal
CUST01112,19.952,2.217,0.1111,16.008,24.526,20.046,0.0,1.2073,1.0191,0,0.103,0.2278,1.2293,none,Normal
CUST01113,8.913,1.943,0.218,4.901,13.994,8.609,0.0,0.7817,0.8161,1,0.1397,0.25,1.5701,gradual_underreport,Theft
CUST01114,18.886,2.598,0.1376,12.226,25.783,18.716,0.0,0.8216,1.022,0,0.1124,0.2889,1.3652,none,Normal
CUST01115,12.8,1.782,0.1392,8.492,17.144,12.775,0.0,0.9087,0.9603,0,0.0691,0.2722,1.3394,none,Normal
CUST01116,5.939,2.635,0.4437,0.928,12.016,5.834,0.0,0.5802,0.6043,5,0.2977,0.0944,2.0232,none,Normal
CUST01117,6.33,2.63,0.4155,0.497,13.318,6.171,0.0,0.7903,1.6003,25,0.1855,0.1111,2.1039,none,Normal
CUST01118,10.644,2.422,0.2276,6.141,16.693,10.601,0.0,0.8779,1.2628,0,0.1617,0.15,1.5683,none,Normal
CUST01119,21.095,2.839,0.1346,14.935,26.078,21.454,0.0,0.804,1.0653,0,0.12,0.2056,1.2362,none,Normal
CUST01120,4.102,1.986,0.4841,0.0,9.2,4.17,0.0333,0.7145,1.7005,30,0.2669,0.0667,2.2427,none,Normal
CUST01121,18.065,3.764,0.2084,9.57,25.417,18.064,0.0,1.3865,1.1428,0,0.1833,0.1722,1.407,none,Normal
CUST01122,3.522,2.281,0.6477,0.0,9.963,3.515,0.0667,0.4111,0.5436,28,0.5123,0.0611,2.8292,none,Normal
CUST01123,10.526,0.906,0.0861,6.449,11.047,11.047,0.0,1.025,0.8896,0,0.0274,0.6944,1.0495,flattened_cap,Theft
CUST01124,8.336,2.079,0.2494,2.552,13.283,8.303,0.0,1.0276,0.8805,7,0.1336,0.1278,1.5935,none,Normal
CUST01125,3.425,1.852,0.5409,0.0,8.309,3.59,0.0444,1.0078,0.8644,33,0.2402,0.0444,2.4261,none,Normal
CUST01126,16.308,1.809,0.1109,11.25,21.111,16.601,0.0,1.1209,1.0229,0,0.0789,0.3111,1.2945,none,Normal
CUST01127,8.423,2.198,0.261,1.19,14.71,8.454,0.0,1.2296,0.7858,5,0.1389,0.1556,1.7464,none,Normal
CUST01128,15.336,2.523,0.1645,10.495,22.836,14.911,0.0,0.8021,1.0175,0,0.1324,0.2611,1.4891,none,Normal
CUST01129,22.879,3.998,0.1747,14.187,32.192,22.781,0.0,0.7693,1.0964,0,0.1461,0.1833,1.4071,none,Normal
CUST01130,24.755,2.068,0.0835,19.157,29.402,24.682,0.0,1.0175,0.9035,0,0.0258,0.4,1.1877,none,Normal
CUST01131,10.595,3.457,0.3263,0.41,18.651,11.155,0.0,1.6348,0.8552,1,0.2859,0.0944,1.7603,none,Normal
CUST01132,14.327,2.045,0.1427,8.552,19.153,14.197,0.0,1.0483,0.8616,1,0.0516,0.2722,1.3369,none,Normal
CUST01133,3.847,2.218,0.5767,0.0,9.472,4.031,0.0611,1.5225,1.2666,36,0.2792,0.0778,2.4625,none,Normal
CUST01134,1.038,1.326,1.2772,0.0,6.404,0.619,0.2333,0.3682,0.2074,32,0.8541,0.05,6.1682,sudden_drop,Theft
CUST01135,9.758,1.608,0.1648,6.271,14.618,9.498,0.0,0.8019,1.0542,0,0.1445,0.2611,1.4981,none,Normal
CUST01136,6.754,1.443,0.2136,3.535,10.756,6.849,0.0,0.8766,1.0949,3,0.0998,0.1611,1.5924,none,Normal
CUST01137,6.535,3.08,0.4713,0.0,13.909,6.317,0.0167,0.6454,0.5955,20,0.2993,0.1167,2.1283,none,Normal
CUST01138,21.52,2.291,0.1065,15.538,27.049,21.604,0.0,0.8971,0.9027,0,0.0608,0.3278,1.2569,none,Normal
CUST01139,12.925,2.064,0.1597,7.972,16.672,13.22,0.0,0.981,0.8235,0,0.056,0.1667,1.2899,none,Normal
CUST01140,10.312,5.596,0.5427,1.219,17.052,12.967,0.0,1.0577,0.1074,25,0.0543,0.1611,1.6537,periodic_bypass,Theft
CUST01141,10.273,8.266,0.8046,2.081,23.321,3.628,0.0,0.1757,0.9704,1,0.7619,0.35,2.2701,sudden_drop,Theft
CUST01142,10.817,2.056,0.1901,5.822,15.334,10.845,0.0,1.0157,0.8706,1,0.0442,0.1944,1.4175,none,Normal
CUST01143,10.299,1.643,0.1595,7.581,14.262,9.661,0.0,0.7843,0.9927,0,0.1559,0.3389,1.3848,none,Normal
CUST01144,13.56,4.759,0.351,0.004,19.408,14.667,0.0556,1.3236,1.0029,4,0.2443,0.2611,1.4313,zero_stretches,Theft
CUST01145,22.536,3.551,0.1576,14.323,31.261,22.526,0.0,0.8328,0.8574,0,0.1051,0.2222,1.3872,none,Normal
CUST01146,3.943,3.08,0.781,0.0,12.053,3.706,0.1722,2.5848,1.4044,44,0.504,0.0444,3.0568,none,Normal
CUST01147,4.385,2.02,0.4607,0.0,9.841,4.352,0.0278,0.5703,0.7414,24,0.3227,0.0889,2.2445,none,Normal
CUST01148,0.949,1.304,1.3736,0.0,5.231,0.25,0.4833,4.5451,0.7846,35,1.2698,0.4778,5.5093,none,Normal
CUST01149,8.613,5.164,0.5995,0.606,16.601,9.68,0.0,0.6777,0.1246,27,0.2105,0.0667,1.9276,periodic_bypass,Theft
CUST01150,3.573,2.484,0.6953,0.0,9.077,3.521,0.1389,2.4549,1.5714,35,0.4883,0.0611,2.5407,none,Normal
CUST01151,12.255,1.435,0.1171,8.39,15.384,12.254,0.0,0.8887,0.9504,0,0.0716,0.2556,1.2553,none,Normal
CUST01152,19.773,3.339,0.1689,10.83,27.733,19.267,0.0,1.2442,0.9589,0,0.1354,0.2444,1.4025,none,Normal
CUST01153,14.289,3.707,0.2595,6.823,22.232,14.286,0.0,1.5058,0.9878,0,0.2271,0.1444,1.556,none,Normal
CUST01154,10.893,1.932,0.1774,6.079,16.447,10.948,0.0,1.1589,0.8737,0,0.0991,0.2111,1.5099,none,Normal
CUST01155,17.034,3.473,0.2039,9.492,24.792,16.615,0.0,0.7699,0.8661,0,0.1478,0.1889,1.4554,none,Normal
CUST01156,18.127,2.367,0.1306,13.201,23.131,18.211,0.0,1.0377,0.925,0,0.0306,0.2111,1.276,none,Normal
CUST01157,24.218,2.283,0.0943,19.675,29.206,24.454,0.0,1.0096,1.1588,0,0.0136,0.2722,1.206,none,Normal
CUST01158,7.982,2.416,0.3027,0.759,14.748,7.979,0.0,1.0318,0.9782,10,0.094,0.1167,1.8477,none,Normal
CUST01159,7.086,4.307,0.6077,2.391,15.874,4.207,0.0,0.3361,0.8849,2,0.5755,0.2389,2.24,sudden_drop,Theft
CUST01160,5.008,0.501,0.1,3.019,5.305,5.305,0.0,0.9894,1.0453,0,0.0268,0.6944,1.0594,flattened_cap,Theft
CUST01161,18.27,1.273,0.0697,15.443,21.76,18.222,0.0,1.0122,0.9381,0,0.0453,0.5056,1.1911,none,Normal
CUST01162,2.424,1.962,0.8093,0.0,6.925,2.156,0.15,4.8171,1.3401,19,0.7398,0.0333,2.8568,none,Normal
CUST01163,12.821,0.669,0.0522,10.656,13.275,13.275,0.0,1.02,1.0141,0,0.0137,0.6944,1.0354,flattened_cap,Theft
CUST01164,14.504,1.961,0.1352,9.831,20.191,14.197,0.0,0.8595,1.0006,0,0.1134,0.3333,1.3921,none,Normal
CUST01165,9.411,1.286,0.1367,4.88,12.132,9.505,0.0,1.0981,0.8278,0,0.0834,0.2667,1.2892,none,Normal
CUST01166,8.19,1.369,0.1672,3.804,9.064,9.064,0.0,0.8671,0.8785,0,0.0859,0.6222,1.1067,flattened_cap,Theft
CUST01167,9.356,1.862,0.199,4.219,10.59,10.59,0.0,0.7687,0.9608,0,0.1686,0.6278,1.1319,flattened_cap,Theft
CUST01168,23.548,2.084,0.0885,19.043,28.718,23.447,0.0,0.9536,0.9668,0,0.0465,0.3944,1.2196,none,Normal
CUST01169,22.077,2.684,0.1216,14.475,27.312,22.489,0.0,1.1829,0.955,0,0.1089,0.2389,1.2371,none,Normal
CUST01170,11.27,2.65,0.2351,5.079,17.673,11.028,0.0,0.7287,1.0655,1,0.1869,0.1667,1.5682,none,Normal
CUST01171,24.232,2.308,0.0952,18.681,29.907,24.264,0.0,1.132,0.9692,0,0.0734,0.3556,1.2342,none,Normal
CUST01172,15.124,2.513,0.1662,9.177,21.679,14.617,0.0,0.7826,0.9719,0,0.1475,0.2667,1.4335,none,Normal
CUST01173,22.121,2.452,0.1109,17.211,27.524,22.108,0.0,0.8387,1.0493,0,0.0963,0.2944,1.2442,none,Normal
CUST01174,9.861,2.795,0.2834,2.006,16.635,9.997,0.0,0.8792,0.9143,7,0.1135,0.1278,1.6869,none,Normal
CUST01175,14.393,2.491,0.173,6.52,20.0,14.59,0.0,1.1766,0.9651,1,0.1226,0.2056,1.3896,none,Normal
CUST01176,9.854,2.473,0.251,3.144,16.714,9.898,0.0,1.3254,1.0775,2,0.1741,0.1611,1.6961,none,Normal
CUST01177,7.333,2.697,0.3678,0.776,13.022,7.426,0.0,1.0063,0.6247,23,0.1066,0.0944,1.7758,none,Normal
CUST01178,18.339,3.558,0.194,10.036,25.909,18.67,0.0,1.3408,0.9952,0,0.1621,0.1722,1.4128,none,Normal
CUST01179,12.085,2.907,0.2405,4.71,18.492,12.391,0.0,0.738,0.9293,3,0.1807,0.1222,1.5301,none,Normal
CUST01180,20.798,2.692,0.1294,13.203,28.438,20.785,0.0,0.9306,0.9751,0,0.0469,0.25,1.3673,none,Normal
CUST01181,14.171,1.285,0.0907,10.973,16.979,14.24,0.0,0.9317,0.9984,0,0.0443,0.3722,1.1982,none,Normal
CUST01182,18.758,1.531,0.0816,14.914,22.53,18.706,0.0,0.9601,0.9252,0,0.0559,0.4722,1.2011,none,Normal
CUST01183,17.601,3.355,0.1906,10.687,25.951,17.641,0.0,0.7696,1.1241,0,0.1453,0.1833,1.4744,none,Normal
CUST01184,12.926,2.353,0.182,6.449,19.434,12.999,0.0,0.932,1.2562,0,0.0617,0.1778,1.5035,none,Normal
CUST01185,14.997,2.724,0.1816,7.898,21.396,15.001,0.0,1.2053,1.1622,0,0.1152,0.1944,1.4267,none,Normal
CUST01186,23.347,2.14,0.0917,16.993,27.774,23.334,0.0,1.0329,0.9905,0,0.0304,0.3667,1.1896,none,Normal
CUST01187,14.99,2.16,0.1441,8.609,19.887,15.175,0.0,1.0816,0.9367,0,0.1025,0.2667,1.3267,none,Normal
CUST01188,7.078,2.222,0.314,0.707,13.389,7.234,0.0,1.03,0.7702,14,0.1891,0.1278,1.8917,none,Normal
CUST01189,6.404,2.539,0.3965,0.554,13.341,6.371,0.0,1.7426,1.2466,11,0.3028,0.0889,2.0833,none,Normal
CUST01190,22.425,3.248,0.1448,17.51,28.371,21.89,0.0,1.293,0.9914,0,0.1415,0.2167,1.2652,none,Normal
CUST01191,10.299,2.08,0.2019,5.426,16.116,10.081,0.0,0.8994,1.235,0,0.1074,0.2111,1.5648,none,Normal
CUST01192,10.033,7.355,0.733,3.235,22.69,4.602,0.0,0.2652,0.9179,2,0.7087,0.4778,2.2614,sudden_drop,Theft
CUST01193,9.593,1.883,0.1963,5.094,14.914,9.63,0.0,1.1359,1.0119,5,0.0911,0.2,1.5547,none,Normal
CUST01194,25.491,3.184,0.1249,17.153,33.668,25.573,0.0,0.877,1.1481,0,0.0742,0.2778,1.3208,none,Normal
CUST01195,16.534,1.684,0.1018,11.287,17.527,17.527,0.0,1.1246,0.9669,0,0.0941,0.7111,1.06,flattened_cap,Theft
CUST01196,22.286,1.7,0.0763,19.472,26.134,21.77,0.0,1.121,0.9765,0,0.07,0.5889,1.1727,none,Normal
CUST01197,8.13,1.952,0.2401,4.771,14.1,7.902,0.0,0.7184,0.946,2,0.2031,0.1556,1.7343,gradual_underreport,Theft
CUST01198,8.937,1.146,0.1282,5.517,11.994,9.061,0.0,0.9411,1.1003,0,0.0661,0.2444,1.342,none,Normal
CUST01199,15.81,2.429,0.1536,9.704,21.418,16.124,0.0,0.9229,1.2125,0,0.055,0.1833,1.3548,none,Normal
CUST01200,18.085,2.236,0.1236,12.53,22.196,18.465,0.0,0.8586,0.966,0,0.1007,0.2389,1.2273,none,Normal
CUST01201,17.506,2.111,0.1206,10.586,22.999,17.289,0.0,1.0376,1.1598,0,0.0446,0.3556,1.3137,none,Normal
CUST01202,14.934,2.359,0.158,8.878,19.713,15.212,0.0,1.1769,0.9357,0,0.1326,0.2444,1.3201,none,Normal
CUST01203,19.431,2.654,0.1366,14.262,25.578,18.927,0.0,1.2551,1.005,0,0.1231,0.2833,1.3164,none,Normal
CUST01204,7.884,3.455,0.4382,0.0,14.762,8.16,0.0167,1.9161,0.9464,15,0.363,0.0444,1.8723,none,Normal
CUST01205,14.374,7.945,0.5527,4.446,27.268,18.216,0.0,0.3369,1.0021,1,0.5276,0.2278,1.897,sudden_drop,Theft
CUST01206,4.515,1.331,0.2949,1.577,8.071,4.41,0.0,0.8364,1.1365,20,0.1483,0.1944,1.7878,none,Normal
CUST01207,11.018,3.239,0.294,6.285,22.748,10.187,0.0,0.6895,0.8908,2,0.2397,0.1611,2.0646,gradual_underreport,Theft
CUST01208,16.491,3.949,0.2395,8.318,24.732,17.036,0.0,0.6764,1.0632,0,0.2164,0.1222,1.4997,gradual_underreport,Theft
CUST01209,8.588,1.197,0.1394,5.848,12.695,8.541,0.0,0.9346,0.9,0,0.0997,0.2722,1.4782,none,Normal
CUST01210,24.662,1.607,0.0652,21.252,29.039,24.734,0.0,0.9695,0.9361,0,0.0257,0.4667,1.1775,none,Normal
CUST01211,14.46,2.701,0.1868,8.51,20.981,14.38,0.0,1.2946,1.1563,0,0.1484,0.2222,1.451,none,Normal
CUST01212,4.302,3.213,0.7469,0.0,11.183,4.078,0.1389,4.3566,0.8413,17,0.7078,0.0556,2.5997,none,Normal
CUST01213,5.645,3.174,0.5622,0.406,10.448,6.7,0.0,1.2166,0.1239,30,0.1126,0.0944,1.8508,periodic_bypass,Theft
CUST01214,3.584,3.122,0.8713,0.0,10.95,2.971,0.2333,0.2126,1.2045,27,0.7334,0.0389,3.0553,none,Normal
CUST01215,10.526,2.212,0.2102,4.797,16.027,10.584,0.0,0.8015,0.9479,3,0.1325,0.1611,1.5226,none,Normal
CUST01216,25.425,2.092,0.0823,19.7,29.549,25.485,0.0,0.942,1.0449,0,0.0518,0.4167,1.1622,none,Normal
CUST01217,16.315,1.37,0.084,12.003,17.182,17.182,0.0,1.1116,0.9648,0,0.0785,0.6889,1.0531,flattened_cap,Theft
CUST01218,8.683,2.696,0.3104,2.948,13.594,9.074,0.0,0.6032,1.2514,0,0.267,0.0778,1.5655,none,Normal
CUST01219,4.144,2.025,0.4887,0.0,9.739,4.215,0.0222,0.8592,0.8856,44,0.213,0.0722,2.35,none,Normal
CUST01220,8.963,1.255,0.14,6.079,12.268,8.983,0.0,0.8476,0.9971,0,0.0991,0.2056,1.3688,none,Normal
CUST01221,15.474,7.577,0.4897,3.025,25.78,18.811,0.0,1.0007,0.1842,25,0.0724,0.1111,1.666,periodic_bypass,Theft
CUST01222,11.975,1.346,0.1124,7.223,12.763,12.763,0.0,0.8856,1.0011,0,0.0827,0.6833,1.0658,flattened_cap,Theft
CUST01223,13.772,2.793,0.2028,9.143,19.672,13.33,0.0,1.4201,0.9418,0,0.1916,0.1722,1.4284,none,Normal
CUST01224,6.705,2.696,0.4021,0.525,12.867,6.912,0.0,0.53,0.7876,4,0.3368,0.0611,1.919,none,Normal
CUST01225,16.16,2.108,0.1305,10.617,20.923,16.134,0.0,1.0658,1.0517,0,0.0908,0.3222,1.2947,none,Normal
CUST01226,9.3,1.276,0.1372,6.555,13.027,9.354,0.0,0.9512,0.8954,0,0.0661,0.2778,1.4008,none,Normal
CUST01227,21.486,2.094,0.0974,15.872,26.763,21.274,0.0,1.008,1.0473,0,0.0423,0.4056,1.2456,none,Normal
CUST01228,19.861,3.051,0.1536,13.446,26.047,20.123,0.0,1.257,1.0284,0,0.1307,0.1667,1.3114,none,Normal
CUST01229,11.396,3.024,0.2653,4.446,20.862,11.344,0.0,1.3088,1.0276,6,0.1624,0.1222,1.8306,none,Normal
CUST01230,17.572,2.015,0.1147,12.656,23.591,17.438,0.0,1.0373,0.912,0,0.0313,0.3444,1.3425,none,Normal
CUST01231,6.866,2.769,0.4033,0.186,13.223,6.623,0.0,0.581,1.1715,9,0.3289,0.0944,1.9257,none,Normal
CUST01232,14.819,2.462,0.1662,10.213,21.085,14.47,0.0,1.2769,0.99,0,0.1423,0.2278,1.4228,none,Normal
CUST01233,5.046,2.748,0.5445,0.0,9.707,5.293,0.0333,0.3697,0.8016,0,0.4965,0.0389,1.9235,none,Normal
CUST01234,25.719,1.997,0.0776,20.552,31.071,25.776,0.0,0.9643,1.0462,0,0.0433,0.5,1.2081,none,Normal
CUST01235,25.649,2.44,0.0951,20.133,31.099,25.542,0.0,1.0783,1.0709,0,0.0478,0.3333,1.2125,none,Normal
CUST01236,19.342,2.849,0.1473,13.552,26.374,19.469,0.0,0.8192,1.0883,0,0.112,0.2333,1.3636,none,Normal
CUST01237,18.512,2.33,0.1259,12.169,26.996,18.616,0.0,0.8783,1.0647,0,0.083,0.2667,1.4583,none,Normal
CUST01238,6.47,2.552,0.3945,0.414,14.407,6.439,0.0,1.309,0.7693,20,0.1949,0.1111,2.2268,none,Normal
CUST01239,19.597,2.041,0.1041,13.609,23.175,19.713,0.0,0.9091,1.0034,0,0.0814,0.3222,1.1826,none,Normal
CUST01240,9.181,3.571,0.389,1.763,18.909,8.659,0.0,0.625,0.8664,13,0.2834,0.1556,2.0596,none,Normal
CUST01241,20.361,2.398,0.1178,14.632,25.606,20.321,0.0,1.1434,1.1001,0,0.0851,0.2889,1.2576,none,Normal
CUST01242,24.759,3.835,0.1549,16.94,32.149,24.666,0.0,1.2838,0.9723,0,0.1371,0.2222,1.2984,none,Normal
CUST01243,16.077,2.19,0.1362,11.021,20.969,16.249,0.0,1.0898,0.932,0,0.049,0.1833,1.3043,none,Normal
CUST01244,7.612,1.679,0.2205,3.463,11.79,7.464,0.0,1.0957,1.0922,1,0.1396,0.2,1.5489,none,Normal
CUST01245,22.176,1.684,0.076,17.892,26.342,22.09,0.0,1.0836,0.9918,0,0.0516,0.4667,1.1878,none,Normal
CUST01246,4.867,2.836,0.5828,0.298,11.694,5.216,0.0,0.9494,0.197,38,0.166,0.0556,2.4027,periodic_bypass,Theft
CUST01247,5.324,4.163,0.7819,0.0,15.195,6.342,0.0056,0.1648,1.0815,18,0.7187,0.1556,2.8538,sudden_drop,Theft
CUST01248,8.329,1.702,0.2043,3.45,12.668,8.313,0.0,1.1778,0.7903,2,0.1117,0.1778,1.521,none,Normal
CUST01249,22.338,2.856,0.1279,16.991,28.059,21.975,0.0,1.2476,0.9761,0,0.1204,0.2444,1.2561,none,Normal
CUST01250,1.441,1.178,0.8181,0.0,5.82,1.061,0.0389,0.5234,0.6864,22,0.5901,0.15,4.0404,sudden_drop,Theft
CUST01251,15.486,2.46,0.1588,10.186,20.891,15.053,0.0,1.2958,0.9621,0,0.1475,0.2667,1.349,none,Normal
CUST01252,5.058,3.55,0.702,0.0,15.361,4.728,0.1111,2.5918,0.5446,35,0.5228,0.1111,3.0371,none,Normal
CUST01253,21.808,2.18,0.1,16.593,28.203,21.957,0.0,1.0309,0.9845,0,0.0505,0.3444,1.2932,none,Normal
CUST01254,18.18,3.425,0.1884,9.226,25.858,17.902,0.0,0.7651,1.0905,0,0.1549,0.2056,1.4223,none,Normal
CUST01255,5.531,2.658,0.4805,0.0,12.267,5.643,0.0111,2.1369,0.9738,16,0.3925,0.0778,2.2179,none,Normal
CUST01256,12.091,1.682,0.1391,7.998,17.38,12.0,0.0,0.899,0.8738,0,0.0753,0.2556,1.4375,none,Normal
CUST01257,19.72,2.661,0.135,12.686,24.63,20.063,0.0,0.8564,0.8986,0,0.1037,0.2722,1.249,none,Normal
CUST01258,22.541,1.58,0.0701,19.098,27.232,22.506,0.0,0.9987,1.0031,0,0.0282,0.5278,1.2081,none,Normal
CUST01259,12.843,2.711,0.2111,8.027,19.91,12.728,0.0,0.7713,1.2273,0,0.1664,0.1611,1.5503,none,Normal
CUST01260,22.973,2.025,0.0882,18.894,26.804,23.108,0.0,0.989,0.8698,0,0.022,0.3111,1.1668,none,Normal
CUST01261,5.308,2.206,0.4155,0.529,10.901,5.438,0.0,1.0308,1.045,24,0.1039,0.0778,2.0538,none,Normal
CUST01262,7.584,2.593,0.3419,0.466,13.679,7.596,0.0,0.998,0.6233,22,0.094,0.1167,1.8036,none,Normal
CUST01263,13.588,3.29,0.2421,6.422,23.206,13.42,0.0,0.736,0.7777,0,0.1704,0.1444,1.7078,none,Normal
CUST01264,8.82,3.476,0.3941,3.041,14.582,9.056,0.0,2.0923,1.038,0,0.387,0.0889,1.6533,none,Normal
CUST01265,18.309,3.165,0.1729,11.876,25.246,18.077,0.0,1.2942,1.1496,0,0.142,0.2111,1.3789,none,Normal
CUST01266,7.659,1.307,0.1706,3.981,10.577,7.767,0.0,0.8516,1.1433,0,0.0975,0.2111,1.381,none,Normal
CUST01267,13.155,2.021,0.1536,8.662,18.28,13.122,0.0,1.0013,1.1745,0,0.0864,0.2111,1.3895,none,Normal
CUST01268,5.691,3.511,0.6169,0.0,13.387,5.875,0.0944,0.3374,1.3767,15,0.5288,0.0611,2.3523,none,Normal
CUST01269,12.504,5.147,0.4116,0.099,19.577,13.973,0.0833,0.8196,0.88,7,0.2619,0.2278,1.5656,zero_stretches,Theft
CUST01270,7.394,2.457,0.3323,1.576,13.042,7.214,0.0,1.3836,1.3844,5,0.191,0.1167,1.764,none,Normal
CUST01271,8.866,1.951,0.2201,5.114,13.215,8.847,0.0,1.2547,0.765,0,0.1264,0.1833,1.4906,none,Normal
CUST01272,5.634,2.008,0.3565,1.069,11.454,5.447,0.0,1.338,0.8938,5,0.2566,0.1389,2.033,none,Normal
CUST01273,18.754,5.91,0.3152,0.059,25.489,20.199,0.0833,1.0623,0.9331,3,0.1836,0.3333,1.3591,zero_stretches,Theft
CUST01274,15.501,1.781,0.1149,10.254,20.018,15.513,0.0,0.8814,0.9476,0,0.071,0.3667,1.2914,none,Normal
CUST01275,9.381,3.711,0.3956,2.04,17.187,9.219,0.0,0.5061,1.1585,1,0.3588,0.0833,1.8321,none,Normal
CUST01276,19.094,2.471,0.1294,12.89,24.771,19.048,0.0,1.1079,1.2053,0,0.0584,0.25,1.2973,none,Normal
CUST01277,10.539,2.259,0.2143,5.284,15.629,10.571,0.0,1.1379,0.9578,1,0.0884,0.15,1.483,none,Normal
CUST01278,6.091,2.521,0.4138,1.539,12.533,5.917,0.0,1.9398,1.2073,6,0.3639,0.0667,2.0575,none,Normal
CUST01279,17.034,2.275,0.1335,11.177,21.447,17.611,0.0,1.2404,1.0,0,0.1286,0.1833,1.259,none,Normal
CUST01280,8.294,2.172,0.2619,4.457,11.373,8.651,0.0,0.6235,1.0164,0,0.2496,0.0722,1.3713,none,Normal
CUST01281,15.538,3.007,0.1935,7.9,24.103,15.623,0.0,1.0289,0.7973,1,0.0876,0.1444,1.5513,none,Normal
CUST01282,19.736,1.541,0.0781,16.106,24.212,19.649,0.0,1.0566,0.9892,0,0.0513,0.45,1.2268,none,Normal
CUST01283,9.649,2.749,0.2849,4.338,15.98,9.844,0.0,0.6351,0.8457,0,0.2459,0.1222,1.656,gradual_underreport,Theft
CUST01284,2.343,1.574,0.6716,0.0,5.863,2.279,0.1111,0.9185,1.6692,38,0.2441,0.05,2.5019,none,Normal
CUST01285,23.928,2.781,0.1162,16.87,29.416,24.357,0.0,0.8631,0.9431,0,0.0908,0.3167,1.2294,none,Normal
CUST01286,3.531,3.42,0.9685,0.0,14.785,2.807,0.2556,5.2576,0.4684,33,0.7851,0.0556,4.1874,none,Normal
CUST01287,18.866,1.014,0.0537,13.729,19.391,19.391,0.0,0.9892,0.9746,0,0.0215,0.8111,1.0279,flattened_cap,Theft
CUST01288,10.297,3.236,0.3143,4.39,16.502,10.524,0.0,0.5809,1.0191,0,0.2904,0.0889,1.6025,gradual_underreport,Theft
CUST01289,20.122,2.28,0.1133,14.052,25.034,20.116,0.0,0.9092,1.0492,0,0.0739,0.3444,1.2442,none,Normal
CUST01290,7.896,1.551,0.1964,3.253,12.961,7.987,0.0,1.1253,0.9118,2,0.1032,0.2222,1.6415,none,Normal
CUST01291,5.051,1.818,0.36,0.0,9.59,5.126,0.0111,0.9905,0.8655,24,0.1245,0.1333,1.8986,none,Normal
CUST01292,10.009,2.13,0.2128,4.367,15.033,9.88,0.0,1.3344,0.8509,0,0.158,0.2,1.502,none,Normal
CUST01293,10.83,3.344,0.3087,2.472,20.297,10.798,0.0,0.672,1.1551,4,0.2211,0.1,1.8742,none,Normal
CUST01294,14.259,1.959,0.1374,9.803,19.566,13.982,0.0,0.9851,0.8914,0,0.1001,0.3056,1.3722,none,Normal
CUST01295,8.756,1.252,0.143,6.184,12.187,8.521,0.0,1.2088,0.9422,0,0.1187,0.3333,1.3918,none,Normal
CUST01296,23.923,1.924,0.0804,19.111,30.145,23.952,0.0,1.0499,1.0677,0,0.0374,0.3944,1.2601,none,Normal
CUST01297,21.599,1.566,0.0725,17.395,25.17,21.628,0.0,1.0345,1.0463,0,0.0503,0.4889,1.1653,none,Normal
CUST01298,5.121,1.285,0.2509,2.082,7.883,5.196,0.0,0.6701,1.0163,0,0.2167,0.1111,1.5393,none,Normal
CUST01299,3.194,1.902,0.5954,0.0,8.515,3.175,0.0611,0.4889,1.6281,23,0.3902,0.0611,2.6656,none,Normal
CUST01300,14.631,2.058,0.1406,10.277,19.54,14.564,0.0,1.0969,1.1055,0,0.0555,0.2278,1.3355,none,Normal
CUST01301,13.939,1.896,0.136,8.477,17.666,14.166,0.0,0.8517,0.9944,0,0.1009,0.3056,1.2674,none,Normal
CUST01302,16.027,3.215,0.2006,8.585,23.45,15.929,0.0,1.2976,1.0184,0,0.1475,0.1889,1.4632,none,Normal
CUST01303,6.877,2.8,0.4071,0.528,15.48,7.018,0.0,0.8442,1.2838,26,0.158,0.0889,2.2511,none,Normal
CUST01304,17.877,2.837,0.1587,11.788,25.07,17.886,0.0,0.8961,0.816,0,0.0922,0.2389,1.4024,none,Normal
CUST01305,9.96,5.33,0.5351,1.42,18.312,11.698,0.0,1.1844,0.1585,25,0.1113,0.0778,1.8386,periodic_bypass,Theft
CUST01306,12.988,1.999,0.1539,8.043,19.268,13.064,0.0,1.1464,1.0769,0,0.082,0.2278,1.4835,none,Normal
CUST01307,6.498,3.309,0.5093,0.0,14.415,6.665,0.05,0.4769,1.1732,18,0.3751,0.0556,2.2184,none,Normal
CUST01308,16.465,1.441,0.0875,13.426,19.796,16.443,0.0,0.9733,1.0699,0,0.0404,0.3556,1.2023,none,Normal
CUST01309,8.459,2.047,0.242,4.194,13.971,8.326,0.0,0.7758,0.7997,0,0.1554,0.1556,1.6517,gradual_underreport,Theft
CUST01310,13.876,2.362,0.1702,7.212,18.897,13.968,0.0,1.0873,1.2653,0,0.0538,0.1611,1.3618,none,Normal
CUST01311,20.07,1.939,0.0966,15.991,25.487,19.871,0.0,0.8774,0.9877,0,0.0804,0.4,1.2699,none,Normal
CUST01312,23.727,1.854,0.0781,19.27,28.027,23.882,0.0,0.9293,0.9454,0,0.0408,0.4333,1.1813,none,Normal
CUST01313,8.841,2.572,0.291,2.182,15.148,8.617,0.0,0.8699,1.2206,9,0.1537,0.1444,1.7135,none,Normal
CUST01314,10.264,1.852,0.1804,5.942,13.826,10.349,0.0,0.8395,0.7944,0,0.1055,0.1833,1.347,none,Normal
CUST01315,4.972,2.252,0.4529,0.0,9.958,4.846,0.0056,0.951,1.768,23,0.1582,0.0889,2.0027,none,Normal
CUST01316,20.4,1.831,0.0897,15.936,23.923,20.869,0.0,1.1371,1.0258,0,0.0814,0.3389,1.1727,none,Normal
CUST01317,9.003,2.431,0.27,2.975,15.184,8.932,0.0,0.7502,0.8366,0,0.166,0.1333,1.6866,none,Normal
CUST01318,20.237,2.033,0.1005,15.736,27.562,20.281,0.0,1.0324,1.067,0,0.0393,0.4222,1.3619,none,Normal
CUST01319,19.302,1.033,0.0535,14.64,19.893,19.893,0.0,0.9857,0.9626,0,0.0211,0.7778,1.0306,flattened_cap,Theft
CUST01320,18.535,2.769,0.1494,11.671,22.97,19.188,0.0,1.2358,1.0359,0,0.1383,0.2222,1.2393,none,Normal
CUST01321,15.429,1.394,0.0903,11.941,20.278,15.349,0.0,1.0511,1.1153,0,0.0385,0.4167,1.3143,none,Normal
CUST01322,14.735,2.255,0.153,8.951,19.353,14.811,0.0,0.9174,1.1769,0,0.0812,0.2444,1.3134,none,Normal
CUST01323,2.699,2.26,0.8376,0.0,9.392,2.388,0.1944,0.3788,1.76,48,0.6175,0.05,3.4804,none,Normal
CUST01324,14.62,6.645,0.4545,5.36,26.677,17.143,0.0,0.4845,0.9091,1,0.4299,0.1444,1.8247,sudden_drop,Theft
CUST01325,14.745,2.261,0.1533,10.105,21.412,14.8,0.0,0.9486,1.1384,0,0.0738,0.2167,1.4521,none,Normal
CUST01326,21.432,1.365,0.0637,17.585,25.321,21.462,0.0,1.0084,1.0326,0,0.0349,0.5611,1.1815,none,Normal
CUST01327,5.255,2.596,0.494,0.0,10.598,5.143,0.0222,0.8483,0.5146,28,0.2025,0.0722,2.0167,none,Normal
CUST01328,11.375,2.191,0.1926,5.665,17.115,11.38,0.0,1.2681,0.9506,0,0.1395,0.1833,1.5046,none,Normal
CUST01329,3.327,2.242,0.6739,0.0,9.036,3.076,0.1111,2.5365,1.5962,34,0.4998,0.0722,2.7164,none,Normal
CUST01330,22.535,2.345,0.104,16.439,28.304,22.833,0.0,0.9317,1.0877,0,0.0475,0.3389,1.256,none,Normal
CUST01331,13.94,2.765,0.1983,8.602,20.046,13.973,0.0,1.3263,1.2126,0,0.1556,0.1556,1.438,none,Normal
CUST01332,5.443,2.247,0.4129,0.724,11.22,5.409,0.0,0.7429,0.5016,9,0.2222,0.0944,2.0615,none,Normal
CUST01333,7.398,2.415,0.3264,1.984,14.952,7.195,0.0,0.8112,1.4238,20,0.1373,0.1222,2.0211,none,Normal
CUST01334,21.681,1.597,0.0736,18.327,26.358,21.343,0.0,0.9184,0.9615,0,0.0601,0.5222,1.2157,none,Normal
CUST01335,11.864,2.204,0.1858,7.272,18.144,11.642,0.0,0.7982,0.931,0,0.1403,0.2222,1.5294,none,Normal
CUST01336,19.674,2.88,0.1464,13.167,26.511,19.488,0.0,1.1404,0.861,0,0.0892,0.2667,1.3475,none,Normal
CUST01337,12.118,2.735,0.2257,6.59,19.504,12.01,0.0,0.934,1.1718,4,0.0842,0.1389,1.6095,none,Normal
CUST01338,16.776,2.294,0.1368,10.174,24.75,16.556,0.0,1.1055,0.951,1,0.0845,0.3278,1.4753,none,Normal
CUST01339,20.835,1.836,0.0881,15.182,25.329,20.829,0.0,1.0149,1.0004,0,0.0251,0.3556,1.2157,none,Normal
CUST01340,6.887,1.752,0.2544,1.079,10.993,7.02,0.0,0.6836,1.0707,1,0.2071,0.1389,1.5962,none,Normal
CUST01341,13.508,3.564,0.2639,6.321,21.506,13.437,0.0,0.6478,0.9468,0,0.2375,0.1222,1.5922,gradual_underreport,Theft
CUST01342,15.796,2.95,0.1867,10.425,22.797,15.44,0.0,0.7434,0.9007,0,0.1664,0.1944,1.4432,none,Normal
CUST01343,19.592,1.94,0.099,15.098,24.143,19.466,0.0,1.0092,1.0501,0,0.0381,0.3944,1.2323,none,Normal
CUST01344,7.366,2.545,0.3455,0.346,13.107,7.45,0.0,0.6774,0.9407,13,0.2213,0.1389,1.7796,none,Normal
CUST01345,8.992,2.217,0.2465,4.188,13.77,8.721,0.0,1.471,1.0262,0,0.2148,0.15,1.5314,none,Normal
CUST01346,12.437,1.341,0.1078,9.178,16.222,12.467,0.0,0.968,0.9061,0,0.0294,0.3167,1.3043,none,Normal
CUST01347,11.878,1.775,0.1494,7.814,15.896,11.64,0.0,1.0362,0.9892,0,0.0445,0.2333,1.3383,none,Normal
CUST01348,22.854,2.602,0.1138,15.689,27.61,22.877,0.0,0.861,0.8838,0,0.0812,0.35,1.2081,none,Normal
CUST01349,6.351,2.675,0.4212,0.0,14.684,6.294,0.0167,1.5182,0.7116,25,0.2668,0.0944,2.312,none,Normal
CUST01350,15.974,1.635,0.1024,11.651,20.287,15.918,0.0,1.0961,0.9093,0,0.0564,0.4278,1.27,none,Normal
CUST01351,23.978,1.748,0.0729,20.266,28.627,24.071,0.0,0.9486,0.9524,0,0.0327,0.45,1.1939,none,Normal
CUST01352,10.777,7.7,0.7145,4.865,23.881,5.427,0.0,0.3296,0.9631,1,0.6915,0.6611,2.2159,sudden_drop,Theft
CUST01353,6.311,1.251,0.1982,3.155,9.856,6.264,0.0,0.892,1.1081,5,0.0933,0.2,1.5616,none,Normal
CUST01354,12.28,6.746,0.5493,1.724,24.091,13.658,0.0,1.4187,0.1796,27,0.1925,0.0444,1.9618,periodic_bypass,Theft
CUST01355,24.536,2.439,0.0994,18.519,28.839,24.644,0.0,0.8506,0.9527,0,0.0863,0.3,1.1754,none,Normal
CUST01356,4.821,4.141,0.859,0.763,13.365,2.165,0.0,0.221,0.8797,8,0.8061,0.2167,2.7723,sudden_drop,Theft
CUST01357,15.733,1.656,0.1053,13.273,19.727,15.196,0.0,0.8679,1.0133,0,0.1041,0.5111,1.2539,none,Normal
CUST01358,14.082,3.235,0.2297,5.964,19.225,14.892,0.0,0.7052,0.9702,0,0.1931,0.0944,1.3652,none,Normal
CUST01359,20.569,2.15,0.1045,15.92,25.326,20.815,0.0,0.8987,1.0921,0,0.0609,0.3111,1.2313,none,Normal
CUST01360,6.571,3.471,0.5282,0.002,13.234,6.575,0.0833,0.4014,1.1114,7,0.4861,0.0944,2.0141,zero_stretches,Theft
CUST01361,12.511,2.722,0.2176,3.38,20.879,12.623,0.0,0.9122,0.9728,2,0.1172,0.1444,1.6688,none,Normal
CUST01362,4.759,1.286,0.2702,1.856,7.56,4.756,0.0,0.7121,1.0298,1,0.1839,0.1722,1.5887,none,Normal
CUST01363,13.906,1.531,0.1101,9.489,17.508,13.856,0.0,0.9403,1.0343,0,0.0486,0.4,1.259,none,Normal
CUST01364,6.841,3.214,0.4698,0.0,14.065,7.173,0.0167,0.4995,0.8777,16,0.3777,0.0556,2.0561,none,Normal
CUST01365,10.268,3.419,0.333,0.018,13.9,11.025,0.0833,0.9478,0.9468,4,0.2096,0.1944,1.3538,zero_stretches,Theft
CUST01366,23.208,0.91,0.0392,21.156,25.509,23.311,0.0,0.9571,0.9745,0,0.0251,0.7611,1.0992,none,Normal
CUST01367,2.965,1.515,0.5108,0.0,7.192,2.742,0.0111,1.5832,0.6119,4,0.4178,0.0833,2.4257,none,Normal
CUST01368,5.869,2.367,0.4033,0.0,10.958,6.101,0.0111,1.4753,0.6509,26,0.2675,0.0722,1.8672,none,Normal
CUST01369,13.574,1.451,0.1069,10.4,18.88,13.516,0.0,0.9406,0.9818,0,0.0455,0.4111,1.3909,none,Normal
CUST01370,5.314,2.962,0.5573,0.0,10.312,5.62,0.0444,2.7632,1.3043,0,0.5261,0.0444,1.9404,none,Normal
CUST01371,11.913,2.07,0.1738,5.616,17.365,11.898,0.0,1.039,1.0769,2,0.0487,0.2278,1.4576,none,Normal
CUST01372,4.107,2.865,0.6977,0.0,10.456,4.123,0.1222,0.4142,1.1589,32,0.4658,0.0611,2.5462,zero_stretches,Theft
CUST01373,22.848,3.302,0.1445,17.412,30.816,22.035,0.0,0.7945,1.0781,0,0.1322,0.2778,1.3487,none,Normal
CUST01374,22.214,2.141,0.0964,17.381,26.848,22.155,0.0,0.9688,1.0717,0,0.0236,0.35,1.2086,none,Normal
CUST01375,21.482,4.014,0.1868,11.8,30.111,21.664,0.0,0.7657,1.0965,0,0.1504,0.1778,1.4017,none,Normal
CUST01376,11.924,1.443,0.121,8.386,14.89,11.91,0.0,1.0001,0.8606,0,0.0331,0.2611,1.2488,none,Normal
CUST01377,11.279,2.934,0.2601,4.955,17.582,11.359,0.0,0.7094,1.2897,0,0.1914,0.1444,1.5589,none,Normal
CUST01378,10.904,2.412,0.2212,5.813,17.44,11.146,0.0,0.8424,0.9097,6,0.0992,0.1222,1.5995,none,Normal
CUST01379,6.632,1.385,0.2088,4.305,9.319,6.623,0.0,1.111,1.3766,0,0.0613,0.1056,1.4051,none,Normal
CUST01380,20.249,1.858,0.0918,15.708,22.844,20.883,0.0,0.8654,1.0206,0,0.0829,0.25,1.1281,none,Normal
CUST01381,12.857,3.058,0.2378,6.994,21.163,12.553,0.0,0.7616,1.0011,0,0.1686,0.1611,1.646,none,Normal
CUST01382,22.16,1.434,0.0647,17.771,25.265,22.105,0.0,0.9801,1.0615,0,0.0307,0.5278,1.1401,none,Normal
CUST01383,9.663,3.33,0.3446,2.134,19.764,9.629,0.0,0.6952,1.337,8,0.2197,0.1167,2.0455,none,Normal
CUST01384,5.684,1.635,0.2876,0.932,10.467,5.637,0.0,1.1365,0.841,20,0.1038,0.1556,1.8415,none,Normal
CUST01385,26.989,2.241,0.083,21.71,32.375,27.0,0.0,1.0129,0.8826,0,0.04,0.3667,1.1996,none,Normal
CUST01386,7.94,2.236,0.2816,3.049,16.167,7.945,0.0,1.0554,0.9879,18,0.1636,0.1333,2.0361,none,Normal
CUST01387,6.05,2.794,0.4619,0.0,13.837,5.778,0.0056,1.6851,1.4344,22,0.306,0.1167,2.2872,none,Normal
CUST01388,2.809,2.577,0.9173,0.0,9.089,2.254,0.2667,0.1484,0.9107,35,0.8053,0.0444,3.2353,none,Normal
CUST01389,14.012,2.532,0.1807,7.613,20.555,13.881,0.0,0.9172,0.8504,1,0.0711,0.2222,1.4669,none,Normal
CUST01390,9.701,3.21,0.3309,2.781,18.136,9.78,0.0,0.6934,1.3637,9,0.2103,0.0889,1.8695,none,Normal
CUST01391,7.033,3.577,0.5086,0.869,13.491,7.538,0.0,0.387,0.9077,0,0.4743,0.0444,1.9182,gradual_underreport,Theft
CUST01392,5.089,3.554,0.6985,0.0,13.384,4.871,0.1333,2.8587,0.4867,32,0.5426,0.0667,2.6302,none,Normal
CUST01393,20.279,1.961,0.0967,16.177,27.816,20.298,0.0,0.921,1.0177,0,0.0548,0.3833,1.3717,none,Normal
CUST01394,20.909,0.54,0.0258,18.938,21.213,21.213,0.0,1.02,1.0001,0,0.0121,0.8778,1.0145,flattened_cap,Theft
CUST01395,7.914,1.789,0.226,3.36,11.317,8.158,0.0,1.4198,0.9172,0,0.1998,0.1333,1.43,none,Normal
CUST01396,20.29,2.503,0.1234,12.439,28.152,20.337,0.0,0.9554,1.1165,0,0.0734,0.2944,1.3875,none,Normal
CUST01397,20.102,3.165,0.1574,13.125,26.64,20.086,0.0,1.2354,0.9705,0,0.119,0.2278,1.3253,none,Normal
CUST01398,10.237,5.55,0.5422,1.621,18.921,11.893,0.0,0.857,0.1349,25,0.1193,0.1556,1.8483,periodic_bypass,Theft
CUST01399,14.767,1.881,0.1274,10.685,18.666,14.863,0.0,0.9798,1.1077,0,0.0339,0.2222,1.264,none,Normal
CUST01400,21.319,2.201,0.1032,16.844,27.232,21.286,0.0,1.0768,0.9364,0,0.0704,0.3611,1.2774,none,Normal
CUST01401,15.184,7.346,0.4838,2.965,24.889,18.391,0.0,1.0489,0.1887,25,0.044,0.1333,1.6391,periodic_bypass,Theft
CUST01402,9.2,2.804,0.3048,3.302,15.904,9.382,0.0,0.8811,0.7573,11,0.1514,0.1111,1.7286,none,Normal
CUST01403,14.591,1.367,0.0937,11.587,17.667,14.508,0.0,1.1175,1.0295,0,0.0642,0.3722,1.2108,none,Normal
CUST01404,5.858,2.728,0.4657,0.0,12.548,5.821,0.0167,0.6459,0.6034,25,0.239,0.0889,2.1422,none,Normal
CUST01405,7.395,5.825,0.7877,2.434,21.055,3.95,0.0,0.3241,1.2185,3,0.767,0.3,2.8472,sudden_drop,Theft
CUST01406,3.911,0.604,0.1543,1.856,4.272,4.272,0.0,0.9335,0.9675,3,0.1003,0.65,1.0924,flattened_cap,Theft
CUST01407,17.444,2.0,0.1146,12.664,22.421,17.359,0.0,1.0351,1.0331,0,0.0299,0.2444,1.2853,none,Normal
CUST01408,3.127,2.485,0.7948,0.0,10.486,2.762,0.1778,2.2663,0.6623,49,0.5437,0.0333,3.3531,none,Normal
CUST01409,18.942,3.015,0.1592,11.068,24.75,19.638,0.0,1.2457,0.9284,0,0.1375,0.1611,1.3066,none,Normal
CUST01410,0.459,0.302,0.6579,0.0,0.683,0.683,0.2889,0.9195,0.7018,37,0.3437,0.6111,1.4853,flattened_cap,Theft
CUST01411,15.763,1.374,0.0872,12.008,19.443,15.792,0.0,1.048,0.9643,0,0.0431,0.4056,1.2335,none,Normal
CUST01412,12.701,2.19,0.1725,7.111,17.242,12.88,0.0,1.0341,0.9286,2,0.0555,0.1667,1.3575,none,Normal
CUST01413,11.173,5.957,0.5331,1.769,20.646,12.815,0.0,1.3048,0.1533,25,0.159,0.1944,1.8478,periodic_bypass,Theft
CUST01414,17.574,2.646,0.1506,11.688,25.735,17.197,0.0,1.1956,0.987,0,0.1116,0.3111,1.4644,none,Normal
CUST01415,6.241,2.351,0.3767,0.17,12.229,6.252,0.0,1.0268,0.7652,26,0.1113,0.0944,1.9594,none,Normal
CUST01416,23.478,2.397,0.1021,18.084,31.507,23.519,0.0,0.8816,0.9866,0,0.0704,0.3444,1.342,none,Normal
CUST01417,12.495,1.658,0.1327,8.851,16.716,12.657,0.0,1.0846,0.8985,0,0.0574,0.2056,1.3379,none,Normal
CUST01418,11.346,2.212,0.195,5.536,17.088,11.206,0.0,1.0052,0.826,6,0.056,0.2333,1.5062,none,Normal
CUST01419,15.577,2.801,0.1798,6.793,22.7,15.356,0.0,1.1902,0.825,0,0.1075,0.3111,1.4573,none,Normal
CUST01420,16.779,3.026,0.1803,9.117,23.656,17.07,0.0,0.8002,0.8361,0,0.1207,0.25,1.4098,none,Normal
CUST01421,5.058,1.898,0.3752,0.0,9.702,5.243,0.0167,0.8659,1.1314,34,0.1536,0.1111,1.9181,none,Normal
CUST01422,19.501,3.405,0.1746,8.86,27.11,19.191,0.0,1.1875,1.1172,0,0.1152,0.2222,1.3901,none,Normal
CUST01423,8.629,3.985,0.4618,2.072,16.149,9.839,0.0,1.1915,0.249,24,0.1124,0.1111,1.8716,periodic_bypass,Theft
CUST01424,10.894,3.829,0.3515,0.024,16.548,11.532,0.0611,1.0146,1.1389,4,0.2593,0.1833,1.519,zero_stretches,Theft
CUST01425,16.793,2.773,0.1651,8.179,23.615,16.725,0.0,0.8528,1.0392,0,0.1095,0.2389,1.4062,none,Normal
CUST01426,23.317,1.863,0.0799,18.82,28.731,23.251,0.0,1.0633,0.9162,0,0.0375,0.4556,1.2322,none,Normal
CUST01427,19.587,1.893,0.0966,14.928,23.784,19.612,0.0,0.9159,0.9573,0,0.0482,0.3556,1.2143,none,Normal
CUST01428,20.103,3.037,0.1511,14.331,27.366,19.565,0.0,1.2125,0.9618,0,0.1206,0.2944,1.3613,none,Normal
CUST01429,4.776,2.508,0.525,0.0,9.955,4.814,0.0333,2.4661,1.4313,0,0.4698,0.0889,2.0845,none,Normal
CUST01430,15.401,1.924,0.1249,11.281,19.103,15.555,0.0,1.056,1.2124,0,0.0315,0.2167,1.2403,none,Normal
CUST01431,5.456,2.753,0.5046,0.0,10.985,5.7,0.0333,0.5224,0.7295,20,0.352,0.0833,2.0134,none,Normal
CUST01432,20.064,2.415,0.1204,15.66,26.188,20.112,0.0,0.9213,1.0862,0,0.0742,0.2444,1.3053,none,Normal
CUST01433,5.245,2.713,0.5172,0.01,11.673,5.415,0.1,0.8401,0.9208,35,0.2933,0.05,2.2255,zero_stretches,Theft
CUST01434,7.372,1.51,0.2048,3.784,12.877,7.299,0.0,1.249,1.0071,3,0.1435,0.2222,1.7466,none,Normal
CUST01435,22.39,2.534,0.1132,14.851,27.961,22.533,0.0,0.931,0.9982,0,0.048,0.3333,1.2488,none,Normal
CUST01436,5.655,2.101,0.3715,0.0,9.212,6.252,0.0056,1.7506,1.1197,0,0.359,0.0778,1.629,none,Normal
CUST01437,20.151,2.372,0.1177,14.764,27.178,20.202,0.0,0.9997,0.8902,0,0.0264,0.2944,1.3488,none,Normal
CUST01438,21.87,3.207,0.1466,13.81,29.913,21.963,0.0,0.8322,1.0295,0,0.1051,0.2722,1.3677,none,Normal
CUST01439,26.984,2.848,0.1055,20.225,32.321,27.82,0.0,1.1756,1.0142,0,0.1013,0.2611,1.1978,none,Normal
CUST01440,3.47,2.044,0.589,0.0,7.992,3.538,0.05,0.925,1.6762,31,0.2492,0.0722,2.3029,none,Normal
CUST01441,24.722,1.885,0.0762,19.516,28.386,25.03,0.0,1.0519,1.0153,0,0.0694,0.4833,1.1482,none,Normal
CUST01442,12.276,1.996,0.1626,6.933,17.325,12.512,0.0,1.1774,0.9705,1,0.1157,0.1778,1.4114,none,Normal
CUST01443,18.716,2.015,0.1077,13.369,23.333,18.827,0.0,1.017,1.0794,0,0.0657,0.3833,1.2467,none,Normal
CUST01444,3.66,2.064,0.564,0.0,9.101,3.813,0.0556,0.9567,1.1254,38,0.1362,0.0556,2.487,none,Normal
CUST01445,13.778,3.68,0.2671,5.98,20.466,14.249,0.0,1.5288,0.9825,0,0.236,0.0667,1.4855,none,Normal
CUST01446,6.859,1.7,0.2478,2.673,11.203,6.953,0.0,0.8324,0.8442,11,0.1085,0.1333,1.6335,none,Normal
CUST01447,15.542,4.691,0.3018,0.02,20.97,16.842,0.0667,0.8327,1.0077,3,0.1962,0.1333,1.3492,zero_stretches,Theft
CUST01448,3.309,1.398,0.4225,0.0,6.065,3.498,0.0056,0.8219,0.7803,15,0.1155,0.05,1.8329,none,Normal
CUST01449,18.773,3.125,0.1665,11.214,26.973,18.551,0.0,0.8481,0.9051,0,0.1183,0.2444,1.4368,none,Normal
CUST01450,17.875,1.177,0.0659,13.822,18.623,18.623,0.0,1.0575,1.017,0,0.0367,0.6833,1.0419,flattened_cap,Theft
CUST01451,17.542,3.561,0.203,9.407,26.36,17.85,0.0,1.3464,0.9502,0,0.1684,0.1278,1.5027,none,Normal
CUST01452,16.524,1.645,0.0995,13.327,21.138,16.339,0.0,0.9019,1.0854,0,0.0705,0.4111,1.2793,none,Normal
CUST01453,4.396,2.986,0.6792,0.0,11.13,3.648,0.0389,0.3012,1.1856,9,0.6179,0.05,2.5318,none,Normal
CUST01454,16.678,2.212,0.1326,12.143,23.346,16.186,0.0,0.8169,1.0096,0,0.1211,0.2833,1.3998,none,Normal
CUST01455,8.555,0.851,0.0995,5.911,10.807,8.573,0.0,0.9752,0.9484,0,0.0569,0.4278,1.2633,none,Normal
CUST01456,17.178,3.537,0.2059,10.055,25.718,16.93,0.0,1.278,0.8539,0,0.1407,0.1833,1.4972,none,Normal
CUST01457,6.696,2.416,0.3608,0.655,12.918,6.772,0.0,1.0547,0.9623,24,0.105,0.0778,1.9291,none,Normal
CUST01458,21.568,2.613,0.1212,17.607,27.749,20.723,0.0,1.2094,1.0428,0,0.1115,0.4,1.2866,none,Normal
CUST01459,23.695,3.448,0.1455,15.923,30.727,24.085,0.0,1.2408,0.9584,0,0.1215,0.1889,1.2968,none,Normal
CUST01460,19.811,2.741,0.1383,13.936,26.749,19.762,0.0,0.8651,0.9794,0,0.0993,0.2889,1.3502,none,Normal
CUST01461,2.901,2.992,1.0315,0.0,12.038,2.367,0.3,0.2012,1.7552,42,0.8523,0.0278,4.15,none,Normal
CUST01462,8.576,2.448,0.2855,3.083,13.679,8.918,0.0,0.6538,1.105,2,0.2343,0.1,1.5951,gradual_underreport,Theft
CUST01463,19.974,2.158,0.108,14.52,24.927,19.936,0.0,1.123,0.9671,0,0.0705,0.3222,1.248,none,Normal
CUST01464,12.559,1.189,0.0947,9.561,15.927,12.676,0.0,1.0165,0.9635,0,0.0577,0.2944,1.2682,none,Normal
CUST01465,1.355,1.728,1.2756,0.0,8.608,0.63,0.4,0.6944,0.8242,55,0.719,0.0167,6.3532,none,Normal
CUST01466,3.321,1.406,0.4233,0.291,7.454,3.171,0.0,0.8127,1.1988,9,0.3577,0.0833,2.2444,none,Normal
CUST01467,15.399,2.817,0.1829,7.628,20.929,15.298,0.0,1.2353,1.2269,0,0.1302,0.25,1.359,none,Normal
CUST01468,23.954,2.753,0.1149,16.222,30.859,23.825,0.0,0.8873,0.9073,1,0.0703,0.3833,1.2882,none,Normal
CUST01469,4.749,2.521,0.5309,0.101,11.395,4.402,0.0056,0.4414,0.5955,7,0.438,0.0722,2.3998,gradual_underreport,Theft
CUST01470,24.798,2.922,0.1178,16.754,31.011,24.921,0.0,1.0937,0.8723,0,0.0521,0.2889,1.2505,none,Normal
CUST01471,12.089,0.716,0.0592,10.105,12.566,12.566,0.0,1.0099,0.9638,0,0.0165,0.6944,1.0395,flattened_cap,Theft
CUST01472,25.964,1.022,0.0394,23.147,27.995,26.111,0.0,1.0435,0.9789,0,0.0332,0.7722,1.0782,none,Normal
CUST01473,20.449,2.642,0.1292,14.306,26.566,20.367,0.0,0.8639,0.9614,0,0.0915,0.3111,1.2992,none,Normal
CUST01474,20.568,2.24,0.1089,15.727,26.493,20.41,0.0,1.0681,0.9541,0,0.0641,0.3389,1.2881,none,Normal
CUST01475,13.366,2.215,0.1657,8.779,19.056,13.26,0.0,0.8893,0.8957,0,0.0757,0.2444,1.4257,none,Normal
CUST01476,13.496,1.308,0.0969,8.8,16.53,13.494,0.0,0.9587,0.9174,0,0.0315,0.4,1.2248,none,Normal
CUST01477,6.448,2.174,0.3372,1.359,11.58,6.227,0.0,1.0582,1.5764,10,0.1123,0.0944,1.7959,none,Normal
CUST01478,11.248,2.159,0.192,7.458,16.501,10.957,0.0,0.7415,0.9638,0,0.1713,0.1944,1.467,none,Normal
CUST01479,13.632,2.424,0.1778,8.37,19.633,13.549,0.0,1.0543,0.9929,0,0.1024,0.2,1.4403,none,Normal
CUST01480,11.902,3.163,0.2657,3.211,17.929,12.166,0.0,0.6792,1.0716,0,0.2132,0.1,1.5064,none,Normal
CUST01481,5.319,1.984,0.3731,0.853,11.012,5.169,0.0,1.219,0.8909,8,0.2819,0.0667,2.0702,none,Normal
CUST01482,13.385,2.034,0.152,9.29,18.607,13.137,0.0,0.8537,0.9802,0,0.1342,0.2944,1.3902,none,Normal
CUST01483,24.028,3.433,0.1429,17.14,29.351,24.497,0.0,1.2811,1.0439,0,0.1386,0.1611,1.2215,none,Normal
CUST01484,4.515,1.949,0.4318,0.0,9.992,4.58,0.0056,0.598,0.744,21,0.2961,0.0778,2.213,none,Normal
CUST01485,6.088,2.193,0.3602,0.0,11.235,5.972,0.0111,0.8278,0.7634,21,0.1428,0.1333,1.8453,none,Normal
CUST01486,10.541,2.385,0.2263,4.512,15.47,10.71,0.0,1.0912,0.7637,2,0.1136,0.1389,1.4675,none,Normal
CUST01487,9.885,2.883,0.2916,3.647,15.504,10.002,0.0,1.4963,0.8404,1,0.2219,0.1444,1.5685,none,Normal
CUST01488,21.972,2.418,0.11,15.811,26.841,22.275,0.0,0.8656,1.0026,0,0.0835,0.3,1.2216,none,Normal
CUST01489,4.862,2.869,0.5901,0.0,14.392,4.744,0.0667,1.9295,0.5367,26,0.39,0.0778,2.9598,none,Normal
CUST01490,20.111,2.272,0.113,12.658,24.896,20.161,0.0,1.1483,0.9168,0,0.0876,0.3444,1.2379,none,Normal
CUST01491,10.7,1.471,0.1374,8.373,14.129,10.236,0.0,0.8239,0.9699,0,0.1317,0.4,1.3205,none,Normal
CUST01492,9.11,1.458,0.1601,4.898,12.583,9.358,0.0,0.9301,1.0518,0,0.1148,0.1667,1.3813,none,Normal
CUST01493,10.599,4.345,0.41,0.022,17.607,11.269,0.0778,1.0765,0.9207,10,0.2554,0.1722,1.6612,zero_stretches,Theft
CUST01494,20.206,2.071,0.1025,14.973,26.269,20.174,0.0,0.9764,1.0615,0,0.0333,0.3611,1.3001,none,Normal
CUST01495,20.818,4.082,0.1961,13.623,30.0,20.356,0.0,0.7323,1.0281,0,0.1719,0.2056,1.441,none,Normal
CUST01496,6.921,2.327,0.3362,0.402,13.638,7.098,0.0,1.5241,0.9169,9,0.2796,0.1,1.9706,none,Normal
CUST01497,19.908,2.042,0.1026,15.155,24.841,19.896,0.0,0.9097,1.0187,0,0.0601,0.3611,1.2478,none,Normal
CUST01498,2.733,1.273,0.4656,0.013,6.313,2.66,0.0056,1.0651,1.8663,22,0.1168,0.1056,2.3101,gradual_underreport,Theft
CUST01499,17.324,1.679,0.0969,12.576,20.552,17.611,0.0,0.874,1.0536,0,0.08,0.3389,1.1864,none,Normal
CUST01500,17.167,2.025,0.118,13.477,21.677,16.671,0.0,1.2149,0.9785,0,0.1067,0.3167,1.2627,none,Normal
CUST01501,22.13,2.218,0.1002,15.979,28.316,22.164,0.0,0.9628,1.0806,0,0.034,0.3667,1.2795,none,Normal
CUST01502,17.621,1.33,0.0755,14.944,20.618,17.591,0.0,0.8947,1.0645,0,0.0613,0.4167,1.1701,none,Normal
CUST01503,22.616,2.788,0.1233,15.436,28.473,22.465,0.0,1.1654,0.8848,0,0.0874,0.2833,1.259,none,Normal
CUST01504,4.182,1.621,0.3876,0.683,8.312,4.142,0.0,0.6523,0.8473,13,0.275,0.1111,1.9877,none,Normal
CUST01505,14.463,2.364,0.1635,8.708,19.811,14.383,0.0,1.1993,0.9188,0,0.1119,0.2778,1.3698,none,Normal
CUST01506,17.094,2.515,0.1472,10.587,23.089,17.103,0.0,1.0324,1.0897,0,0.0516,0.2833,1.3507,none,Normal
CUST01507,14.027,3.5,0.2495,5.789,21.472,14.395,0.0,0.6839,1.1868,0,0.2055,0.1056,1.5308,none,Normal
CUST01508,6.809,1.847,0.2712,2.109,11.26,6.849,0.0,0.6902,1.0592,1,0.2041,0.1389,1.6537,none,Normal
CUST01509,7.267,1.096,0.1508,5.119,10.186,7.288,0.0,1.0375,1.2069,0,0.0676,0.2167,1.4017,none,Normal
CUST01510,10.406,2.234,0.2147,5.268,15.268,10.483,0.0,1.2761,0.8348,0,0.1379,0.1222,1.4672,none,Normal
CUST01511,5.257,2.95,0.5612,0.0,10.037,6.055,0.0833,0.3813,1.0901,7,0.4922,0.05,1.9092,none,Normal
CUST01512,14.551,3.182,0.2187,8.857,22.131,13.638,0.0,1.4093,0.945,0,0.1957,0.1833,1.5209,none,Normal
CUST01513,13.789,1.261,0.0915,10.655,17.044,13.886,0.0,1.0434,1.1243,0,0.0289,0.3556,1.236,none,Normal
CUST01514,15.285,1.393,0.0912,11.234,18.945,15.33,0.0,1.0685,1.0687,0,0.0444,0.4167,1.2395,none,Normal
CUST01515,5.508,3.181,0.5775,0.0,13.835,5.182,0.0611,0.4619,0.8588,25,0.4047,0.0667,2.5117,none,Normal
CUST01516,11.11,3.654,0.3289,3.522,20.43,10.891,0.0,1.6215,1.2424,0,0.2613,0.1278,1.8389,none,Normal
CUST01517,14.991,2.13,0.1421,10.533,19.681,14.982,0.0,1.1219,0.9013,0,0.0653,0.2056,1.3129,none,Normal
CUST01518,2.115,1.571,0.7429,0.0,6.501,1.774,0.0889,0.3341,1.8656,24,0.5786,0.0889,3.0741,gradual_underreport,Theft
CUST01519,14.959,3.263,0.2181,7.64,23.771,14.927,0.0,1.2305,1.2759,3,0.1166,0.1833,1.5891,none,Normal
CUST01520,3.424,1.863,0.544,0.0,7.625,3.26,0.0167,0.3952,0.8994,17,0.4645,0.0444,2.2267,none,Normal
CUST01521,2.47,1.243,0.503,0.0,5.84,2.383,0.0278,0.6359,0.8609,22,0.2692,0.0611,2.3638,gradual_underreport,Theft
CUST01522,16.508,1.729,0.1048,13.139,20.372,16.58,0.0,1.1093,1.1266,0,0.059,0.3222,1.2341,none,Normal
CUST01523,5.401,3.438,0.6365,0.0,13.467,5.517,0.0778,0.384,1.1588,30,0.494,0.05,2.4935,none,Normal
CUST01524,17.293,1.713,0.0991,12.689,21.406,17.534,0.0,0.9064,1.0357,0,0.0622,0.35,1.2378,none,Normal
CUST01525,8.389,2.946,0.3512,0.01,12.977,9.414,0.0389,1.4549,1.0559,4,0.2809,0.1167,1.547,zero_stretches,Theft
CUST01526,21.58,1.855,0.0859,16.961,25.245,21.65,0.0,0.9575,0.8743,0,0.0263,0.3556,1.1698,none,Normal
CUST01527,18.147,1.528,0.0842,14.492,21.482,18.113,0.0,0.9311,0.8963,0,0.0482,0.4222,1.1838,none,Normal
CUST01528,19.273,2.392,0.1241,12.783,24.459,19.281,0.0,1.0192,1.1045,1,0.0593,0.2944,1.2691,none,Normal
CUST01529,20.271,2.231,0.1101,15.837,27.516,19.908,0.0,1.1333,0.9633,0,0.0804,0.4167,1.3574,none,Normal
CUST01530,18.968,2.976,0.1569,13.215,25.47,18.407,0.0,0.7746,1.0795,0,0.1455,0.2667,1.3428,none,Normal
CUST01531,5.405,2.371,0.4387,0.572,9.912,5.629,0.0,1.2647,0.4301,25,0.1365,0.0778,1.834,none,Normal
CUST01532,14.933,2.349,0.1573,9.838,20.658,14.598,0.0,0.8985,0.9146,0,0.11,0.2944,1.3834,none,Normal
CUST01533,24.362,1.868,0.0767,18.975,28.66,24.316,0.0,0.9449,0.9144,0,0.0466,0.45,1.1764,none,Normal
CUST01534,14.7,1.595,0.1085,11.858,18.866,14.282,0.0,0.8723,0.9711,0,0.1037,0.4333,1.2835,none,Normal
CUST01535,1.421,1.799,1.2657,0.0,6.385,0.535,0.4222,7.6572,1.0418,36,1.1717,0.4222,4.4922,none,Normal
CUST01536,17.562,1.252,0.0713,15.039,20.357,17.535,0.0,0.9971,1.0549,0,0.0259,0.4222,1.1591,none,Normal
CUST01537,4.766,2.503,0.5253,0.0,10.546,4.886,0.0444,0.7596,1.0971,28,0.2229,0.0889,2.2128,none,Normal
CUST01538,11.892,1.336,0.1124,8.866,15.804,11.873,0.0,1.019,1.0025,0,0.0407,0.3167,1.3289,none,Normal
CUST01539,19.534,5.315,0.2721,0.051,26.316,20.289,0.0333,0.9728,0.9334,3,0.1856,0.4,1.3472,zero_stretches,Theft
CUST01540,19.398,2.16,0.1114,13.184,24.284,19.468,0.0,0.9589,0.9868,0,0.0596,0.3444,1.2519,none,Normal
CUST01541,14.567,2.236,0.1535,9.038,21.237,14.41,0.0,0.93,0.888,0,0.0553,0.2,1.4579,none,Normal
CUST01542,5.022,2.074,0.4129,0.0,9.622,5.058,0.0056,1.4522,0.5635,17,0.2269,0.1,1.9158,none,Normal
CUST01543,9.94,2.23,0.2243,2.825,15.12,9.905,0.0,1.1153,0.8561,0,0.1568,0.1833,1.5211,none,Normal
CUST01544,16.086,1.641,0.102,11.239,20.012,16.024,0.0,0.9757,0.9819,0,0.048,0.3111,1.244,none,Normal
CUST01545,17.387,2.353,0.1354,12.183,22.084,17.602,0.0,0.8217,0.9852,0,0.1068,0.2667,1.2702,none,Normal
CUST01546,3.312,0.907,0.2738,0.0,3.811,3.811,0.0167,1.245,0.8748,6,0.1585,0.6667,1.1508,flattened_cap,Theft
CUST01547,21.181,2.526,0.1193,15.91,25.865,21.521,0.0,1.2307,1.0187,0,0.1156,0.1944,1.2211,none,Normal
CUST01548,10.109,2.073,0.205,4.488,15.069,10.191,0.0,0.948,0.8663,1,0.0939,0.1722,1.4906,none,Normal
CUST01549,10.651,2.443,0.2294,4.447,16.45,10.623,0.0,1.3064,1.038,3,0.1628,0.1722,1.5445,none,Normal
CUST01550,22.303,2.71,0.1215,14.756,29.312,22.43,0.0,1.1705,0.8919,0,0.0887,0.2722,1.3143,none,Normal
CUST01551,16.299,2.342,0.1437,12.024,22.753,16.104,0.0,0.8734,1.0716,0,0.1121,0.25,1.396,none,Normal
CUST01552,24.415,1.533,0.0628,21.059,27.871,24.443,0.0,1.0071,0.9804,0,0.0169,0.5444,1.1416,none,Normal
CUST01553,9.135,1.805,0.1976,4.289,12.506,9.563,0.0,0.7903,1.0974,0,0.1677,0.1778,1.3691,none,Normal
CUST01554,12.902,2.006,0.1555,8.92,17.089,12.854,0.0,1.2541,0.9085,0,0.1233,0.2444,1.3246,none,Normal
CUST01555,7.482,2.483,0.3319,0.265,14.557,7.516,0.0,0.6849,1.1833,10,0.2272,0.1111,1.9455,none,Normal
CUST01556,14.598,2.411,0.1652,8.45,19.843,14.629,0.0,0.919,1.2059,0,0.0717,0.1778,1.3593,none,Normal
CUST01557,6.797,2.647,0.3895,0.0,12.747,7.053,0.0056,0.6161,0.8943,6,0.2866,0.0833,1.8755,none,Normal
CUST01558,11.578,6.526,0.5636,5.132,22.164,6.841,0.0,0.3919,0.948,1,0.5573,0.4556,1.9143,sudden_drop,Theft
CUST01559,20.478,1.941,0.0948,15.792,26.16,20.42,0.0,1.0053,0.945,0,0.0499,0.4056,1.2775,none,Normal
CUST01560,21.858,1.806,0.0826,17.129,26.165,21.938,0.0,1.0881,0.9795,0,0.0487,0.4444,1.1971,none,Normal
CUST01561,21.9,3.047,0.1391,15.103,30.297,21.85,0.0,0.9232,1.1348,0,0.0716,0.2833,1.3834,none,Normal
CUST01562,23.584,2.16,0.0916,19.301,28.541,23.562,0.0,1.1039,1.0081,0,0.0564,0.4056,1.2102,none,Normal
CUST01563,6.623,2.789,0.4212,1.697,12.963,5.863,0.0,2.052,0.844,0,0.3903,0.1222,1.9573,none,Normal
CUST01564,4.627,2.787,0.6022,0.0,12.827,4.665,0.0278,2.468,1.5389,21,0.471,0.0389,2.7719,none,Normal
CUST01565,2.63,1.158,0.4403,0.0,5.048,2.707,0.0222,1.8144,0.8359,13,0.3557,0.0611,1.9195,gradual_underreport,Theft
CUST01566,8.171,2.979,0.3646,1.362,14.508,8.108,0.0,1.6282,1.3355,4,0.2659,0.1333,1.7754,none,Normal
CUST01567,8.799,1.831,0.2081,3.221,13.454,8.796,0.0,0.8673,0.7945,4,0.0962,0.1833,1.529,none,Normal
CUST01568,13.622,2.871,0.2107,6.027,20.668,13.957,0.0,0.7425,1.101,1,0.1732,0.1167,1.5172,none,Normal
CUST01569,10.319,3.896,0.3776,5.554,20.079,10.393,0.0,0.6341,1.0885,1,0.3534,0.1333,1.9459,sudden_drop,Theft
CUST01570,26.113,1.947,0.0746,20.731,30.242,26.189,0.0,1.0333,1.0218,0,0.0519,0.4778,1.1581,none,Normal
CUST01571,20.777,1.854,0.0892,16.523,25.969,20.675,0.0,1.102,1.0203,0,0.0633,0.4167,1.2499,none,Normal
CUST01572,17.766,2.122,0.1194,13.285,23.884,17.619,0.0,0.9335,0.9291,0,0.0753,0.2944,1.3444,none,Normal
CUST01573,23.672,2.25,0.0951,18.233,29.099,23.627,0.0,0.9554,0.9293,0,0.0322,0.3667,1.2293,none,Normal
CUST01574,18.46,2.937,0.1591,11.742,26.523,18.734,0.0,0.9431,0.9463,0,0.0717,0.2278,1.4368,none,Normal
CUST01575,20.201,2.076,0.1028,16.65,24.886,20.006,0.0,0.9837,0.845,0,0.0303,0.2722,1.2319,none,Normal
CUST01576,15.867,2.785,0.1755,9.554,22.294,16.039,0.0,1.0429,0.8784,0,0.0994,0.1611,1.405,none,Normal
CUST01577,21.992,1.882,0.0856,17.381,26.168,21.911,0.0,1.0335,1.0959,0,0.0241,0.3556,1.1899,none,Normal
CUST01578,14.806,2.295,0.155,10.221,20.135,14.842,0.0,1.1444,0.8297,0,0.0785,0.2,1.3599,none,Normal
CUST01579,12.143,2.182,0.1797,7.619,16.477,12.067,0.0,0.7546,0.9905,0,0.1584,0.2,1.3569,none,Normal
CUST01580,10.23,1.604,0.1568,6.141,16.889,10.175,0.0,0.9238,0.9139,1,0.0664,0.2833,1.6509,none,Normal
CUST01581,6.665,3.165,0.4749,2.482,15.508,5.136,0.0,0.5443,0.9203,7,0.4175,0.2167,2.3268,sudden_drop,Theft
CUST01582,14.142,2.26,0.1598,9.42,18.883,14.157,0.0,1.2893,0.9038,0,0.1391,0.2111,1.3352,none,Normal
CUST01583,9.366,2.566,0.2739,3.067,16.389,9.264,0.0,0.7104,0.9527,5,0.2074,0.1333,1.7498,none,Normal
CUST01584,6.612,1.799,0.2721,2.199,10.329,6.49,0.0,1.0808,0.869,12,0.0784,0.1722,1.5621,none,Normal
CUST01585,22.496,3.602,0.1601,11.776,29.949,22.659,0.0,1.2453,1.012,0,0.1284,0.2,1.3313,none,Normal
CUST01586,21.9,2.149,0.0981,17.04,27.39,21.881,0.0,0.9076,1.0048,0,0.059,0.3611,1.2507,none,Normal
CUST01587,24.051,2.021,0.084,18.108,29.534,24.118,0.0,0.9751,1.0826,0,0.0266,0.4333,1.228,none,Normal
CUST01588,7.143,1.917,0.2683,2.761,11.876,7.116,0.0,0.9478,0.9144,11,0.1176,0.1167,1.6625,none,Normal
CUST01589,6.338,1.616,0.255,1.877,10.328,6.421,0.0,1.2984,1.2727,5,0.1442,0.1278,1.6296,none,Normal
CUST01590,14.707,0.854,0.0581,12.545,17.081,14.699,0.0,0.9711,0.9996,0,0.0325,0.6222,1.1615,none,Normal
CUST01591,15.702,7.958,0.5068,2.775,25.745,19.371,0.0,1.0468,0.1633,25,0.0762,0.0833,1.6396,periodic_bypass,Theft
CUST01592,6.541,3.106,0.4748,0.0,14.431,6.741,0.0111,1.9639,0.7727,24,0.3667,0.0722,2.2062,none,Normal
CUST01593,8.741,1.32,0.151,4.579,11.722,8.753,0.0,1.1071,1.049,0,0.104,0.2889,1.3411,none,Normal
CUST01594,20.961,1.601,0.0764,17.289,25.785,20.8,0.0,0.9969,1.0482,0,0.0262,0.4611,1.2301,none,Normal
CUST01595,23.932,1.783,0.0745,19.842,27.826,23.884,0.0,0.9236,1.0308,0,0.0453,0.4778,1.1627,none,Normal
CUST01596,17.025,2.578,0.1514,11.538,23.393,16.976,0.0,1.191,0.97,0,0.1073,0.2667,1.374,none,Normal
CUST01597,2.466,1.576,0.6391,0.0,6.698,2.171,0.0611,0.6194,0.5157,56,0.296,0.0444,2.7157,periodic_bypass,Theft
CUST01598,22.84,1.569,0.0687,18.326,26.21,22.846,0.0,0.9451,0.9848,0,0.0331,0.4944,1.1475,none,Normal
CUST01599,25.241,1.736,0.0688,21.024,30.53,25.099,0.0,0.9752,0.9732,0,0.021,0.5444,1.2096,none,Normal
CUST01600,23.895,1.28,0.0535,20.662,26.224,24.194,0.0,0.9558,1.0035,0,0.0467,0.6,1.0975,none,Normal
CUST01601,13.483,1.37,0.1016,9.962,16.713,13.618,0.0,0.9216,0.9551,0,0.0647,0.3111,1.2395,none,Normal
CUST01602,19.117,3.16,0.1653,14.841,25.536,18.471,0.0,1.3351,0.9838,0,0.1593,0.2167,1.3358,none,Normal
CUST01603,22.279,3.77,0.1692,12.974,29.961,22.661,0.0,1.2771,0.8555,0,0.1389,0.1611,1.3448,none,Normal
CUST01604,12.733,1.692,0.1329,8.698,16.88,12.686,0.0,0.8199,1.0021,0,0.1124,0.2889,1.3257,none,Normal
CUST01605,22.638,2.659,0.1175,16.943,28.087,22.608,0.0,0.8355,1.0199,0,0.0978,0.25,1.2407,none,Normal
CUST01606,10.623,2.161,0.2034,4.723,14.472,10.938,0.0,0.7434,0.9596,0,0.1709,0.1833,1.3623,none,Normal
CUST01607,3.295,2.092,0.6349,0.0,8.529,3.422,0.0778,1.1601,0.5148,49,0.136,0.0389,2.5883,none,Normal
CUST01608,8.169,2.344,0.2869,3.924,13.987,8.361,0.0,1.3706,1.0681,0,0.1863,0.0833,1.7123,none,Normal
CUST01609,21.811,3.277,0.1502,13.955,30.361,22.246,0.0,0.8221,0.9946,0,0.1213,0.2056,1.392,none,Normal
CUST01610,21.478,1.962,0.0913,15.554,26.969,21.465,0.0,0.9631,0.9851,0,0.0385,0.4056,1.2556,none,Normal
CUST01611,10.319,2.557,0.2477,6.428,15.633,9.899,0.0,1.5517,1.0265,0,0.2387,0.1167,1.515,none,Normal
CUST01612,18.175,1.38,0.0759,14.705,21.568,18.213,0.0,1.0111,0.9975,0,0.0287,0.4278,1.1866,none,Normal
CUST01613,10.094,1.432,0.1419,5.046,10.999,10.999,0.0,0.8484,1.0794,1,0.0939,0.6556,1.0897,flattened_cap,Theft
CUST01614,3.233,0.875,0.2706,0.0,3.734,3.734,0.0111,1.0334,0.6805,11,0.0932,0.6556,1.1551,flattened_cap,Theft
CUST01615,24.484,2.344,0.0957,18.846,28.183,25.032,0.0,0.8639,1.0676,0,0.0826,0.3111,1.1511,none,Normal
CUST01616,19.182,1.037,0.054,16.411,21.304,19.318,0.0,0.9335,0.9932,0,0.0437,0.6222,1.1106,none,Normal
CUST01617,18.115,1.932,0.1066,13.267,22.434,18.198,0.0,0.9994,1.0851,0,0.0597,0.3222,1.2385,none,Normal
CUST01618,5.061,2.366,0.4674,0.0,10.66,4.934,0.0056,0.9895,1.7198,12,0.2857,0.0944,2.1064,none,Normal
CUST01619,19.128,3.425,0.1791,11.446,28.208,19.776,0.0,1.3119,1.1053,0,0.1523,0.1389,1.4747,none,Normal
CUST01620,5.646,3.281,0.5811,0.0,13.218,5.587,0.0389,2.6759,1.2828,11,0.5121,0.05,2.3412,none,Normal
CUST01621,11.471,0.869,0.0758,9.885,13.723,11.381,0.0,1.0826,1.0316,0,0.0642,0.4889,1.1963,none,Normal
CUST01622,11.997,3.307,0.2757,3.735,19.035,11.927,0.0,1.4314,0.8725,0,0.2223,0.1611,1.5867,none,Normal
CUST01623,5.409,2.47,0.4567,0.0,10.947,5.507,0.0167,1.9167,1.0096,19,0.3503,0.0778,2.0239,none,Normal
CUST01624,9.746,1.641,0.1684,6.595,13.15,9.837,0.0,1.0963,1.2916,0,0.0509,0.1333,1.3493,none,Normal
CUST01625,13.055,2.554,0.1957,5.187,19.442,13.061,0.0,0.8062,1.0222,0,0.1457,0.1778,1.4893,none,Normal
CUST01626,20.687,2.493,0.1205,15.077,26.304,20.241,0.0,1.1743,0.9442,0,0.0986,0.35,1.2715,none,Normal
CUST01627,5.124,2.424,0.473,0.0,10.921,5.398,0.0222,0.6365,1.6519,24,0.258,0.0667,2.1313,none,Normal
CUST01628,12.946,1.006,0.0777,10.395,15.258,12.963,0.0,0.9779,1.0857,0,0.0406,0.4278,1.1785,none,Normal
CUST01629,3.045,2.013,0.6612,0.0,10.304,2.477,0.0167,0.546,0.694,24,0.3796,0.0944,3.3836,sudden_drop,Theft
CUST01630,4.011,2.295,0.572,0.0,10.374,3.894,0.0222,1.3412,0.4799,23,0.3837,0.05,2.5862,none,Normal
CUST01631,20.764,2.248,0.1083,15.243,28.198,20.975,0.0,1.1586,1.0053,0,0.0815,0.2889,1.358,none,Normal
CUST01632,21.045,1.602,0.0761,17.026,24.71,20.951,0.0,0.9661,0.9027,0,0.0303,0.4444,1.1742,none,Normal
CUST01633,3.757,3.753,0.9988,0.0,14.097,1.691,0.1444,0.11,0.6804,25,0.8547,0.1111,3.7516,sudden_drop,Theft
CUST01634,17.145,1.811,0.1056,12.503,22.68,17.093,0.0,1.0839,1.0244,0,0.0602,0.3611,1.3228,none,Normal
CUST01635,17.999,1.834,0.1019,13.613,22.833,18.06,0.0,1.0429,1.0138,0,0.032,0.3,1.2686,none,Normal
CUST01636,16.467,3.011,0.1828,9.868,23.014,16.482,0.0,0.7633,0.9284,0,0.1479,0.2222,1.3976,none,Normal
CUST01637,23.997,3.283,0.1368,18.122,30.996,23.633,0.0,1.2582,1.0767,0,0.1264,0.2111,1.2917,none,Normal
CUST01638,22.267,1.769,0.0795,18.517,27.398,22.122,0.0,0.927,0.9267,0,0.0595,0.4611,1.2304,none,Normal
CUST01639,24.337,1.155,0.0475,21.311,27.111,24.347,0.0,0.9828,0.9914,0,0.0316,0.6778,1.114,none,Normal
CUST01640,10.628,2.043,0.1922,4.655,15.687,10.685,0.0,1.1471,0.9248,3,0.1151,0.1833,1.4759,none,Normal
CUST01641,19.823,2.611,0.1317,11.921,25.437,20.051,0.0,1.1487,1.0178,0,0.094,0.2667,1.2832,none,Normal
CUST01642,10.437,2.704,0.2591,3.227,20.691,10.48,0.0,0.8025,0.7849,7,0.1376,0.1611,1.9824,none,Normal
CUST01643,24.982,1.773,0.071,20.768,30.36,24.974,0.0,0.9573,1.012,0,0.0378,0.4778,1.2153,none,Normal
CUST01644,13.552,2.324,0.1715,7.962,19.189,13.737,0.0,1.2305,1.0245,0,0.1286,0.1944,1.416,none,Normal
CUST01645,18.076,2.276,0.1259,12.287,24.408,17.817,0.0,0.8997,0.9878,0,0.0706,0.3056,1.3503,none,Normal
CUST01646,18.538,3.749,0.2023,9.502,27.395,18.076,0.0,1.3541,0.9618,0,0.1651,0.1944,1.4778,none,Normal
CUST01647,14.999,3.562,0.2375,6.429,21.919,15.494,0.0,1.405,0.8302,0,0.1921,0.1444,1.4614,none,Normal
CUST01648,17.939,3.248,0.181,11.203,25.601,17.851,0.0,1.2255,1.0946,0,0.1193,0.2056,1.4271,none,Normal
CUST01649,9.498,1.734,0.1825,5.975,13.644,9.596,0.0,1.0623,0.7477,0,0.0903,0.1556,1.4365,none,Normal
CUST01650,15.068,2.938,0.195,6.826,19.756,15.029,0.0,0.8142,0.9891,0,0.1214,0.2056,1.3112,none,Normal
CUST01651,15.677,2.075,0.1324,10.901,20.507,15.777,0.0,0.9541,1.1215,0,0.0366,0.2111,1.3081,none,Normal
CUST01652,17.178,1.695,0.0987,11.841,21.175,17.332,0.0,1.07,1.0667,0,0.0465,0.4056,1.2327,none,Normal
CUST01653,7.426,2.286,0.3079,1.427,11.174,8.029,0.0,0.657,1.1606,0,0.266,0.1,1.5046,none,Normal
CUST01654,22.069,3.769,0.1708,12.061,30.199,22.272,0.0,0.7858,1.098,0,0.1287,0.2333,1.3684,none,Normal
CUST01655,11.757,2.01,0.171,7.765,15.861,11.81,0.0,0.7504,1.0315,0,0.1574,0.1444,1.3491,none,Normal
CUST01656,3.161,1.707,0.54,0.0,8.195,2.827,0.0222,1.975,0.7091,31,0.4027,0.0944,2.5924,none,Normal
CUST01657,9.165,3.415,0.3726,0.146,18.795,8.995,0.0056,1.6135,0.7171,12,0.2785,0.1222,2.0508,none,Normal
CUST01658,11.46,1.682,0.1468,7.477,15.635,11.528,0.0,0.969,1.0598,0,0.0532,0.2444,1.3643,none,Normal
CUST01659,6.733,6.279,0.9326,0.958,18.698,2.516,0.0,0.1851,1.0647,8,0.8872,0.3222,2.777,sudden_drop,Theft
CUST01660,10.493,2.338,0.2228,2.247,16.018,10.441,0.0,0.9911,0.9441,4,0.0908,0.1722,1.5265,none,Normal
CUST01661,5.551,2.947,0.531,0.0,11.12,5.831,0.0556,0.7533,1.0419,36,0.2737,0.0611,2.0034,none,Normal
CUST01662,22.113,3.841,0.1737,14.17,32.728,21.943,0.0,0.8125,0.8575,1,0.1152,0.2444,1.4801,none,Normal
CUST01663,24.276,3.684,0.1518,16.63,31.85,24.158,0.0,0.7878,1.0369,0,0.1314,0.2111,1.312,none,Normal
CUST01664,4.317,1.585,0.3672,0.0,8.181,4.465,0.0111,0.7641,1.3687,24,0.1623,0.1056,1.8951,none,Normal
CUST01665,7.69,5.073,0.6597,1.943,16.172,9.166,0.0,0.2299,0.9129,1,0.629,0.2389,2.1029,sudden_drop,Theft
CUST01666,18.551,2.429,0.131,12.271,25.65,18.473,0.0,0.9287,0.9152,0,0.0604,0.2778,1.3827,none,Normal
CUST01667,12.791,1.907,0.1491,9.456,18.083,12.437,0.0,1.1568,0.9721,0,0.1293,0.2556,1.4137,none,Normal
CUST01668,8.643,3.218,0.3723,0.202,16.187,8.76,0.0,1.3637,1.1156,18,0.2013,0.0889,1.8728,none,Normal
CUST01669,8.158,2.213,0.2713,3.087,14.057,7.998,0.0,0.728,0.7901,1,0.1757,0.1611,1.7231,none,Normal
CUST01670,7.658,1.976,0.258,3.075,13.036,7.619,0.0,1.045,1.0506,4,0.0663,0.1167,1.7024,none,Normal
CUST01671,16.588,2.098,0.1265,12.745,22.336,16.074,0.0,1.1655,0.9915,0,0.1057,0.3556,1.3465,none,Normal
CUST01672,2.253,2.327,1.0327,0.0,9.934,1.327,0.1556,3.0148,0.2496,60,0.6786,0.05,4.4085,periodic_bypass,Theft
CUST01673,15.454,2.38,0.154,9.583,20.148,15.493,0.0,0.823,0.8894,0,0.1149,0.2444,1.3038,none,Normal
CUST01674,14.965,2.253,0.1506,9.048,19.853,14.925,0.0,1.1131,1.1399,0,0.0771,0.2278,1.3266,none,Normal
CUST01675,15.266,1.536,0.1006,11.604,19.059,15.298,0.0,0.9657,0.935,0,0.0501,0.3222,1.2485,none,Normal
CUST01676,7.215,1.276,0.1769,4.315,10.554,7.192,0.0,0.9369,0.8249,0,0.0578,0.1778,1.4628,none,Normal
CUST01677,11.079,2.408,0.2174,5.367,18.461,11.091,0.0,0.8764,1.0219,5,0.1027,0.1556,1.6663,none,Normal
CUST01678,8.112,3.618,0.446,1.056,16.586,7.602,0.0,0.4762,0.8735,6,0.4008,0.1278,2.0446,none,Normal
CUST01679,16.123,1.759,0.1091,10.166,20.055,16.303,0.0,1.1208,0.9685,0,0.0849,0.3111,1.2438,none,Normal
CUST01680,24.87,0.899,0.0362,22.766,26.808,24.813,0.0,1.0564,1.0029,0,0.0305,0.8056,1.0779,none,Normal
CUST01681,19.596,3.684,0.188,13.198,27.801,19.065,0.0,1.3341,0.8551,0,0.1579,0.1944,1.4187,none,Normal
CUST01682,4.255,0.675,0.1586,1.575,4.655,4.655,0.0,1.1366,1.025,0,0.133,0.6778,1.094,flattened_cap,Theft
CUST01683,12.346,1.893,0.1533,6.715,17.67,12.238,0.0,0.9498,1.0663,1,0.0496,0.2611,1.4312,none,Normal
CUST01684,9.191,1.765,0.1921,5.433,13.1,9.064,0.0,1.2147,0.8593,0,0.1276,0.1889,1.4253,none,Normal
CUST01685,7.564,2.2,0.2908,1.704,13.296,7.586,0.0,1.2358,0.9263,14,0.1363,0.1333,1.7578,none,Normal
CUST01686,13.418,1.936,0.1443,8.247,18.636,13.43,0.0,0.9464,1.005,0,0.0814,0.2444,1.3889,none,Normal
CUST01687,20.629,1.437,0.0697,17.187,24.183,20.655,0.0,1.0332,1.0182,0,0.0224,0.4722,1.1723,none,Normal
CUST01688,15.291,1.508,0.0986,11.906,20.531,15.191,0.0,0.9517,1.0085,0,0.0543,0.3778,1.3426,none,Normal
CUST01689,6.128,3.648,0.5953,0.0,15.341,6.03,0.0611,0.454,0.9892,20,0.4358,0.0333,2.5035,none,Normal
CUST01690,18.578,2.423,0.1304,12.463,24.393,18.626,0.0,1.1416,1.0832,0,0.0828,0.3056,1.313,none,Normal
CUST01691,7.736,2.766,0.3576,1.566,12.836,8.359,0.0,1.7865,0.7649,0,0.3266,0.0667,1.6593,none,Normal
CUST01692,17.504,1.765,0.1008,12.342,23.653,17.435,0.0,1.0827,1.0455,1,0.0498,0.35,1.3512,none,Normal
CUST01693,20.247,2.202,0.1088,14.241,24.151,20.727,0.0,1.1618,0.987,0,0.0998,0.3,1.1928,none,Normal
CUST01694,20.218,2.038,0.1008,16.067,25.594,20.256,0.0,1.066,0.9437,0,0.0536,0.3278,1.2659,none,Normal
CUST01695,16.274,2.436,0.1497,8.403,22.762,16.243,0.0,0.9168,0.9053,2,0.0633,0.3,1.3987,none,Normal
CUST01696,14.007,1.499,0.107,9.74,17.624,14.078,0.0,1.0979,0.9734,0,0.0579,0.3389,1.2582,none,Normal
CUST01697,5.252,2.124,0.4043,0.287,10.944,5.188,0.0,0.6011,1.0692,12,0.3042,0.0889,2.0837,none,Normal
CUST01698,5.152,3.217,0.6245,0.0,14.83,4.583,0.0389,0.4387,0.9326,28,0.5035,0.1111,2.8786,none,Normal
CUST01699,20.086,2.045,0.1018,15.25,24.053,19.956,0.0,1.1071,1.0921,0,0.0726,0.3722,1.1975,none,Normal
CUST01700,3.33,2.52,0.7566,0.0,10.119,2.942,0.1222,3.1502,1.3302,39,0.6102,0.05,3.0385,none,Normal
CUST01701,21.226,2.428,0.1144,16.09,26.575,21.326,0.0,1.1334,0.8699,0,0.0712,0.3333,1.252,none,Normal
CUST01702,21.463,2.383,0.111,14.553,28.377,21.151,0.0,1.1554,0.9221,0,0.0806,0.3167,1.3222,none,Normal
CUST01703,4.461,2.537,0.5687,0.0,9.615,4.46,0.0389,1.2391,0.3104,34,0.1906,0.05,2.1554,none,Normal
CUST01704,6.78,2.801,0.4131,2.152,13.908,6.132,0.0,0.5145,0.8194,1,0.3671,0.1,2.0512,gradual_underreport,Theft
CUST01705,17.202,1.1,0.064,13.72,19.782,17.191,0.0,0.9795,0.9679,0,0.0323,0.5056,1.15,none,Normal
CUST01706,3.563,2.309,0.648,0.0,9.674,3.462,0.0778,0.7155,0.6913,31,0.4378,0.0667,2.7147,none,Normal
CUST01707,8.854,2.244,0.2534,2.694,14.977,8.954,0.0,0.9125,0.7063,7,0.0731,0.1278,1.6915,none,Normal
CUST01708,10.464,1.414,0.1351,6.917,13.555,10.48,0.0,0.9548,1.1657,0,0.0878,0.2444,1.2954,none,Normal
CUST01709,5.43,3.352,0.6173,1.428,11.784,6.295,0.0,0.3747,0.854,1,0.5678,0.2444,2.1701,sudden_drop,Theft
CUST01710,7.772,1.551,0.1995,3.347,11.759,7.771,0.0,1.0959,0.9584,5,0.0782,0.25,1.513,none,Normal
CUST01711,9.343,2.811,0.3009,1.777,14.741,9.416,0.0,0.6745,0.7404,0,0.2122,0.1222,1.5778,none,Normal
CUST01712,12.629,1.615,0.1279,6.904,13.657,13.657,0.0,1.1738,1.0038,0,0.0982,0.6611,1.0814,flattened_cap,Theft
CUST01713,5.244,3.945,0.7523,1.25,14.843,3.073,0.0,0.3772,0.8802,7,0.695,0.2667,2.8305,sudden_drop,Theft
CUST01714,24.648,2.465,0.1,19.317,30.395,24.579,0.0,0.9104,0.8661,0,0.0517,0.3667,1.2331,none,Normal
CUST01715,4.355,2.547,0.5849,0.0,12.634,3.85,0.0444,1.6443,0.8425,35,0.3219,0.0722,2.9011,none,Normal
CUST01716,12.9,3.355,0.2601,4.353,19.299,12.933,0.0,1.4283,0.8775,0,0.2001,0.1667,1.496,none,Normal
CUST01717,23.662,2.652,0.1121,16.337,29.577,23.615,0.0,0.9185,1.0897,0,0.0498,0.3167,1.25,none,Normal
CUST01718,2.976,2.702,0.9079,0.0,10.564,1.936,0.0722,3.9441,0.2489,36,0.6904,0.0944,3.5494,periodic_bypass,Theft
CUST01719,12.785,7.47,0.5843,4.168,23.543,16.972,0.0,0.2971,0.9991,1,0.5659,0.3389,1.8415,sudden_drop,Theft
CUST01720,2.995,2.469,0.8242,0.0,10.779,2.634,0.1722,2.2964,1.8695,38,0.5721,0.0333,3.5986,none,Normal
CUST01721,4.672,2.542,0.5441,0.0,10.478,4.554,0.0389,0.4872,1.0943,28,0.3914,0.0667,2.2426,none,Normal
CUST01722,11.182,2.336,0.2089,5.219,14.604,11.758,0.0,0.7445,1.1159,0,0.1819,0.1833,1.306,none,Normal
CUST01723,23.383,2.516,0.1076,18.041,28.808,23.08,0.0,1.1794,0.9909,0,0.091,0.3333,1.232,none,Normal
CUST01724,25.184,0.829,0.0329,22.661,27.031,25.214,0.0,0.9594,0.9826,0,0.0237,0.8944,1.0734,none,Normal
CUST01725,7.87,1.862,0.2366,2.922,11.966,7.819,0.0,0.9785,0.8457,11,0.1126,0.1778,1.5205,none,Normal
CUST01726,20.363,2.653,0.1303,14.789,26.769,20.337,0.0,1.2007,0.9812,0,0.1019,0.2611,1.3146,none,Normal
CUST01727,12.215,1.726,0.1413,7.708,16.432,12.032,0.0,1.2246,0.9822,0,0.1156,0.2444,1.3453,none,Normal
CUST01728,18.985,3.044,0.1604,12.266,27.652,18.802,0.0,1.149,1.0407,0,0.0957,0.25,1.4565,none,Normal
CUST01729,15.738,2.498,0.1587,9.423,22.168,15.738,0.0,1.0566,0.9587,0,0.0799,0.2167,1.4086,none,Normal
CUST01730,11.29,2.444,0.2165,5.536,15.414,11.924,0.0,0.7267,1.061,0,0.1858,0.1222,1.3653,none,Normal
CUST01731,13.837,4.602,0.3326,6.733,25.711,13.069,0.0,0.5695,0.9523,0,0.3123,0.1222,1.8582,gradual_underreport,Theft
CUST01732,10.486,1.134,0.1082,7.209,14.163,10.488,0.0,0.9688,0.9703,1,0.04,0.3111,1.3507,none,Normal
CUST01733,6.258,1.337,0.2136,2.859,9.151,6.24,0.0,1.0046,0.7154,1,0.0668,0.1833,1.4623,none,Normal
CUST01734,19.038,1.706,0.0896,14.94,24.251,18.772,0.0,1.1091,1.0367,0,0.0667,0.4222,1.2738,none,Normal
CUST01735,5.092,2.197,0.4314,0.0,9.409,5.094,0.0333,1.2891,0.8108,25,0.2649,0.1167,1.8476,none,Normal
CUST01736,6.766,2.879,0.4255,1.046,13.871,6.886,0.0,0.6463,0.6131,6,0.2914,0.0611,2.0502,none,Normal
CUST01737,10.896,2.618,0.2403,4.549,19.056,10.64,0.0,0.7622,0.9371,2,0.1654,0.2111,1.7489,gradual_underreport,Theft
CUST01738,24.131,1.864,0.0772,18.863,31.816,24.094,0.0,1.0388,1.0755,0,0.0325,0.4889,1.3184,none,Normal
CUST01739,23.188,3.316,0.143,15.905,32.038,22.904,0.0,1.1538,0.9939,0,0.0851,0.2333,1.3817,none,Normal
CUST01740,19.359,7.817,0.4038,0.026,25.254,22.329,0.1111,0.9495,1.056,6,0.2666,0.4444,1.3045,zero_stretches,Theft
CUST01741,20.686,1.981,0.0958,16.354,24.845,20.566,0.0,1.0455,0.9631,0,0.0345,0.3833,1.201,none,Normal
CUST01742,5.232,2.847,0.5442,0.0,11.108,5.472,0.0444,2.5553,0.936,9,0.5011,0.05,2.1231,none,Normal
CUST01743,9.056,2.902,0.3204,5.113,14.901,7.905,0.0,1.7368,0.9895,0,0.3066,0.1944,1.6453,none,Normal
CUST01744,10.034,1.945,0.1938,3.089,15.139,10.169,0.0,0.9768,1.0257,2,0.1301,0.2,1.5087,none,Normal
CUST01745,24.455,2.201,0.09,18.558,30.132,24.342,0.0,1.03,1.0479,0,0.0436,0.4111,1.2322,none,Normal
CUST01746,10.442,2.561,0.2453,2.937,16.355,10.673,0.0,1.0425,1.2742,10,0.0783,0.1222,1.5663,none,Normal
CUST01747,6.825,2.445,0.3582,1.007,13.509,6.648,0.0,1.0249,1.0524,21,0.1869,0.1056,1.9793,none,Normal
CUST01748,5.775,2.058,0.3563,1.821,11.312,5.44,0.0,0.5768,0.8707,3,0.3008,0.1111,1.9587,none,Normal
CUST01749,4.703,2.806,0.5966,0.0,12.379,4.463,0.0333,0.7555,1.6368,40,0.3279,0.0611,2.6321,none,Normal
CUST01750,16.397,1.438,0.0877,12.693,20.007,16.305,0.0,1.0787,0.9437,0,0.044,0.4278,1.2202,none,Normal
CUST01751,6.263,2.533,0.4045,0.0,12.445,6.09,0.0167,1.225,0.7669,26,0.1754,0.0944,1.987,none,Normal
CUST01752,18.884,3.125,0.1655,10.492,26.544,18.748,0.0,1.231,1.0638,0,0.1171,0.2444,1.4056,none,Normal
CUST01753,19.404,2.594,0.1337,13.992,27.815,19.24,0.0,1.1832,0.9802,0,0.1017,0.3222,1.4335,none,Normal
CUST01754,9.038,2.971,0.3288,0.996,16.981,8.922,0.0,1.0155,1.2207,20,0.1209,0.1,1.8788,none,Normal
CUST01755,6.687,1.375,0.2057,2.45,10.911,6.863,0.0,0.7903,0.9399,2,0.1402,0.1667,1.6317,none,Normal
CUST01756,10.692,2.311,0.2162,4.833,14.46,11.188,0.0,1.3649,0.8729,0,0.1962,0.1389,1.3524,none,Normal
CUST01757,11.302,1.024,0.0906,6.832,11.905,11.905,0.0,0.9503,1.0588,0,0.0431,0.7111,1.0533,flattened_cap,Theft
CUST01758,13.987,1.779,0.1272,8.873,18.653,13.948,0.0,0.9563,1.0185,0,0.0391,0.3389,1.3336,none,Normal
CUST01759,16.266,2.709,0.1665,9.79,22.538,16.289,0.0,1.1475,0.8062,0,0.0844,0.2278,1.3855,none,Normal
CUST01760,10.746,2.884,0.2684,4.279,16.404,10.954,0.0,1.5264,0.8894,0,0.2314,0.1167,1.5265,none,Normal
CUST01761,8.022,1.111,0.1385,5.381,10.834,8.108,0.0,0.8306,0.927,0,0.1045,0.2333,1.3506,none,Normal
CUST01762,16.541,3.041,0.1838,9.582,22.321,16.58,0.0,0.8544,1.1888,0,0.0953,0.1833,1.3494,none,Normal
CUST01763,17.622,2.608,0.148,10.941,23.813,17.629,0.0,0.9274,0.8762,0,0.0621,0.25,1.3514,none,Normal
CUST01764,7.421,3.484,0.4696,0.0,16.683,7.179,0.0111,0.5273,1.3367,18,0.3653,0.1167,2.2482,none,Normal
CUST01765,17.867,1.316,0.0737,14.237,21.522,17.944,0.0,0.9312,1.023,0,0.0415,0.5056,1.2045,none,Normal
CUST01766,23.859,3.547,0.1487,15.145,30.752,24.431,0.0,1.2416,0.9661,0,0.1248,0.1722,1.2889,none,Normal
CUST01767,9.872,3.021,0.3061,3.257,16.153,9.959,0.0,1.5457,0.7172,0,0.2437,0.1111,1.6363,none,Normal
CUST01768,11.706,3.324,0.2839,4.494,18.405,11.502,0.0,1.4654,0.7371,1,0.2124,0.1333,1.5723,none,Normal
CUST01769,11.368,3.631,0.3194,3.16,18.779,11.521,0.0,0.6004,1.0963,3,0.2716,0.0833,1.652,none,Normal
CUST01770,21.479,1.842,0.0858,17.011,26.117,21.499,0.0,0.9891,0.9932,0,0.0318,0.4333,1.2159,none,Normal
CUST01771,16.398,8.231,0.502,2.411,25.984,20.333,0.0,0.9692,0.1706,26,0.0643,0.1111,1.5846,periodic_bypass,Theft
CUST01772,6.021,2.383,0.3958,0.037,11.415,6.316,0.0667,1.3971,1.0433,17,0.2633,0.1333,1.8958,zero_stretches,Theft
CUST01773,15.322,8.441,0.5509,1.699,26.125,19.338,0.0,1.0143,0.101,25,0.0325,0.0833,1.7051,periodic_bypass,Theft
CUST01774,5.943,2.678,0.4506,0.659,13.0,5.844,0.0,0.6588,0.5768,10,0.2926,0.1,2.1876,none,Normal
CUST01775,10.815,2.801,0.2589,4.998,17.958,10.612,0.0,1.2224,1.0545,0,0.1614,0.1833,1.6604,none,Normal
CUST01776,2.863,1.719,0.6006,0.0,6.819,2.87,0.0389,1.3542,0.2748,37,0.2882,0.05,2.3818,none,Normal
CUST01777,25.73,3.429,0.1333,16.856,32.468,25.639,0.0,1.1692,0.8708,0,0.0918,0.2611,1.2619,none,Normal
CUST01778,8.188,1.146,0.14,3.525,8.861,8.861,0.0,1.0486,1.046,0,0.0635,0.6722,1.0822,flattened_cap,Theft
CUST01779,10.987,2.193,0.1996,6.817,17.29,10.596,0.0,1.2476,0.8613,0,0.1509,0.2889,1.5737,none,Normal
CUST01780,9.442,2.765,0.2929,2.941,16.532,9.367,0.0,0.9583,1.1085,8,0.1383,0.1556,1.7509,none,Normal
CUST01781,3.641,1.579,0.4337,0.0,7.49,3.617,0.0111,1.5772,1.4514,22,0.2604,0.0833,2.057,none,Normal
CUST01782,10.903,1.891,0.1735,6.58,15.561,11.1,0.0,1.0972,1.1991,0,0.062,0.1667,1.4272,none,Normal
CUST01783,5.67,1.474,0.26,2.061,8.713,5.591,0.0,0.6915,0.8398,0,0.1956,0.1833,1.5367,none,Normal
CUST01784,1.838,2.024,1.1016,0.0,8.418,1.27,0.3667,1.0223,0.1399,57,0.3968,0.0167,4.5809,none,Normal
CUST01785,10.77,2.053,0.1906,5.798,16.298,10.593,0.0,1.2341,0.9939,0,0.114,0.2222,1.5132,none,Normal
CUST01786,7.861,2.024,0.2575,3.204,13.596,7.829,0.0,0.8029,0.9338,2,0.1705,0.15,1.7294,none,Normal
CUST01787,8.079,0.696,0.0862,5.691,8.526,8.526,0.0,0.9957,1.0762,0,0.0273,0.6667,1.0554,flattened_cap,Theft
CUST01788,13.654,1.823,0.1335,10.489,17.108,13.457,0.0,1.0309,0.8458,0,0.0229,0.2667,1.253,none,Normal
CUST01789,17.462,2.528,0.1448,11.888,22.741,17.468,0.0,1.2113,0.9624,0,0.1074,0.2833,1.3023,none,Normal
CUST01790,22.229,0.85,0.0383,20.102,24.427,22.252,0.0,0.9852,0.9662,0,0.0162,0.7667,1.0989,none,Normal
CUST01791,22.297,1.095,0.0491,19.769,25.4,22.287,0.0,1.0506,0.9411,0,0.0297,0.6667,1.1392,none,Normal
CUST01792,15.071,2.265,0.1503,8.812,20.095,15.009,0.0,1.1802,0.9688,0,0.1062,0.2667,1.3333,none,Normal
CUST01793,11.25,1.328,0.118,4.504,11.966,11.966,0.0,1.0523,1.0662,0,0.0632,0.7167,1.0636,flattened_cap,Theft
CUST01794,8.485,3.121,0.3678,0.0,15.513,8.305,0.0056,1.4872,0.6468,12,0.2249,0.0889,1.8282,none,Normal
CUST01795,5.952,2.768,0.465,0.0,15.261,5.759,0.0111,0.8108,0.9579,32,0.2113,0.0556,2.5641,none,Normal
CUST01796,4.613,0.581,0.1259,2.138,4.943,4.943,0.0,1.0708,1.0499,0,0.0933,0.6944,1.0716,flattened_cap,Theft
CUST01797,7.273,3.261,0.4484,0.233,15.953,7.134,0.0,1.8916,0.9226,11,0.3644,0.0889,2.1934,none,Normal
CUST01798,11.17,1.997,0.1788,6.763,14.827,10.989,0.0,1.2066,0.8089,0,0.1187,0.2556,1.3274,none,Normal
CUST01799,13.366,5.927,0.4435,5.729,23.211,12.046,0.0,0.403,1.1408,1,0.418,0.1944,1.7366,sudden_drop,Theft
CUST01800,5.587,2.128,0.381,0.0,11.92,5.565,0.0056,0.7312,0.7413,8,0.2425,0.1722,2.1336,none,Normal
CUST01801,23.033,2.787,0.121,17.08,29.952,22.88,0.0,1.1857,0.9081,0,0.0958,0.2833,1.3004,none,Normal
CUST01802,22.534,1.396,0.062,18.396,26.123,22.548,0.0,0.9671,1.0233,0,0.0241,0.6278,1.1593,none,Normal
CUST01803,14.705,2.621,0.1782,7.57,21.636,14.902,0.0,0.8584,0.8697,0,0.1174,0.2278,1.4713,none,Normal
CUST01804,24.241,1.389,0.0573,21.235,27.865,24.257,0.0,1.0675,0.9532,0,0.0371,0.6,1.1495,none,Normal
CUST01805,8.166,2.112,0.2586,3.321,12.704,8.028,0.0,1.0527,1.0377,2,0.1029,0.1389,1.5557,none,Normal
CUST01806,8.884,2.4,0.2702,3.213,15.774,8.944,0.0,1.1874,0.7509,6,0.1362,0.1222,1.7756,none,Normal
CUST01807,19.988,3.084,0.1543,10.375,27.587,20.321,0.0,1.1522,1.1287,0,0.1064,0.2722,1.3802,none,Normal
CUST01808,18.361,0.856,0.0466,14.558,18.842,18.842,0.0,1.0288,0.9773,0,0.0193,0.8056,1.0262,flattened_cap,Theft
CUST01809,1.662,1.392,0.8376,0.0,7.309,1.368,0.1278,0.8579,1.4257,44,0.4549,0.0611,4.3964,sudden_drop,Theft
CUST01810,16.934,3.058,0.1806,10.479,23.861,16.917,0.0,0.745,0.9479,0,0.1579,0.1944,1.409,none,Normal
CUST01811,21.879,1.597,0.073,18.227,26.237,21.966,0.0,0.9284,1.0655,0,0.0458,0.5167,1.1992,none,Normal
CUST01812,17.512,1.015,0.058,12.838,18.128,18.128,0.0,0.975,0.9934,0,0.0183,0.7222,1.0351,flattened_cap,Theft
CUST01813,12.413,1.437,0.1157,8.543,16.621,12.424,0.0,1.1054,1.0268,0,0.0843,0.3056,1.339,none,Normal
CUST01814,25.129,2.697,0.1073,17.587,29.892,25.037,0.0,1.1015,0.9791,0,0.0758,0.3611,1.1895,none,Normal
CUST01815,17.698,1.984,0.1121,10.946,22.697,17.931,0.0,1.1221,1.0204,0,0.07,0.3222,1.2825,none,Normal
CUST01816,3.887,0.825,0.2122,0.0,4.349,4.349,0.0056,1.1462,1.0831,7,0.1088,0.65,1.1189,flattened_cap,Theft
CUST01817,16.307,2.598,0.1593,10.151,22.879,16.256,0.0,0.9198,0.877,0,0.0694,0.25,1.403,none,Normal
CUST01818,13.952,2.146,0.1538,9.9,18.531,13.821,0.0,0.784,1.0174,0,0.1389,0.2222,1.3282,none,Normal
CUST01819,9.563,2.427,0.2538,4.241,15.847,9.482,0.0,1.31,1.0029,1,0.1828,0.1556,1.657,none,Normal
CUST01820,11.61,2.85,0.2455,5.138,18.723,11.531,0.0,1.258,1.045,2,0.1594,0.1778,1.6127,none,Normal
CUST01821,23.471,2.282,0.0972,18.662,28.422,23.327,0.0,1.0551,1.0074,0,0.0365,0.3278,1.2109,none,Normal
CUST01822,12.63,3.674,0.2909,6.134,20.849,12.415,0.0,0.6607,1.0082,0,0.2325,0.1278,1.6507,none,Normal
CUST01823,21.363,2.934,0.1373,13.682,28.363,21.231,0.0,1.2099,0.9085,0,0.1076,0.2444,1.3276,none,Normal
CUST01824,9.177,3.371,0.3674,2.517,17.042,9.013,0.0,0.6283,1.0886,13,0.2553,0.0833,1.8571,none,Normal
CUST01825,21.712,2.719,0.1252,16.931,29.184,21.089,0.0,1.2074,0.9859,0,0.1086,0.3389,1.3441,none,Normal
CUST01826,8.06,3.636,0.451,0.0,17.32,8.501,0.0111,0.5937,0.7461,17,0.3044,0.0722,2.1488,none,Normal
CUST01827,12.695,2.059,0.1622,8.022,17.07,12.885,0.0,1.2868,0.873,0,0.1385,0.1722,1.3445,none,Normal
CUST01828,11.569,0.902,0.0779,9.262,13.919,11.524,0.0,1.0282,1.0801,0,0.0341,0.4556,1.2031,none,Normal
CUST01829,14.549,1.972,0.1355,8.67,19.593,14.555,0.0,0.9656,1.0327,0,0.0722,0.3111,1.3467,none,Normal
CUST01830,10.492,2.195,0.2092,6.111,14.349,10.71,0.0,0.9495,1.1844,0,0.0355,0.1,1.3676,none,Normal
CUST01831,16.63,2.781,0.1672,9.843,23.142,16.807,0.0,0.8221,1.104,0,0.114,0.2167,1.3915,none,Normal
CUST01832,17.802,2.833,0.1591,9.539,24.676,17.84,0.0,0.8564,0.971,0,0.1061,0.2611,1.3862,none,Normal
CUST01833,15.493,0.997,0.0643,13.316,17.841,15.57,0.0,1.0625,1.0633,0,0.0338,0.5278,1.1516,none,Normal
CUST01834,18.375,3.553,0.1934,12.197,25.743,17.843,0.0,1.3827,1.0902,0,0.1777,0.1778,1.401,none,Normal
CUST01835,1.422,1.186,0.8341,0.0,5.59,1.111,0.0611,0.5731,0.5331,26,0.526,0.0833,3.9321,sudden_drop,Theft
CUST01836,4.609,0.611,0.1326,1.756,4.98,4.98,0.0,0.9775,0.8975,1,0.0566,0.6667,1.0803,flattened_cap,Theft
CUST01837,19.778,1.608,0.0813,15.545,23.221,19.845,0.0,1.0814,1.0778,0,0.0637,0.4056,1.1741,none,Normal
CUST01838,22.073,2.529,0.1146,15.493,27.378,22.261,0.0,1.0724,1.0711,0,0.0804,0.3389,1.2404,none,Normal
CUST01839,19.148,1.373,0.0717,15.753,22.751,18.982,0.0,0.9291,1.0767,0,0.0437,0.4667,1.1882,none,Normal
CUST01840,13.823,1.566,0.1133,10.585,17.735,13.859,0.0,1.0399,0.9835,0,0.0583,0.2833,1.283,none,Normal
CUST01841,24.889,1.698,0.0682,20.746,29.88,24.78,0.0,1.0374,1.027,0,0.0388,0.5222,1.2005,none,Normal
CUST01842,24.221,1.658,0.0684,20.525,27.546,24.198,0.0,1.112,0.9587,0,0.0588,0.45,1.1373,none,Normal
CUST01843,23.523,1.774,0.0754,18.847,28.014,23.636,0.0,1.003,1.0176,0,0.0536,0.5,1.1909,none,Normal
CUST01844,23.374,2.237,0.0957,17.753,26.449,24.199,0.0,0.8644,1.0062,0,0.0875,0.3333,1.1316,none,Normal
CUST01845,26.547,2.616,0.0985,19.802,32.868,27.138,0.0,1.1396,1.0413,0,0.0827,0.3056,1.2381,none,Normal
CUST01846,25.444,1.953,0.0768,21.242,29.329,25.585,0.0,0.9741,0.9695,0,0.0243,0.4222,1.1527,none,Normal
CUST01847,19.329,8.387,0.4339,0.049,31.149,21.201,0.1167,0.7547,1.0589,6,0.2931,0.1611,1.6115,zero_stretches,Theft
CUST01848,17.364,1.367,0.0787,13.111,20.911,17.255,0.0,1.0089,0.9677,0,0.0425,0.4778,1.2043,none,Normal
CUST01849,5.666,4.788,0.845,1.497,16.858,2.787,0.0,0.2847,0.9989,5,0.8131,0.3222,2.975,sudden_drop,Theft
CUST01850,11.847,1.57,0.1325,8.554,15.72,11.888,0.0,0.9351,1.1631,0,0.073,0.2444,1.327,none,Normal
CUST01851,17.812,0.796,0.0447,15.945,19.968,17.77,0.0,1.0295,0.9801,0,0.0277,0.7222,1.1211,none,Normal
CUST01852,7.067,4.167,0.5897,0.585,15.775,7.548,0.0,0.6353,0.1743,32,0.2641,0.0778,2.2323,periodic_bypass,Theft
CUST01853,10.072,2.691,0.2672,1.467,15.907,10.156,0.0,1.4047,1.2128,1,0.1938,0.1556,1.5793,none,Normal
CUST01854,7.933,2.421,0.3051,0.631,13.954,7.99,0.0,0.9246,0.7616,11,0.1532,0.1167,1.7589,none,Normal
CUST01855,6.853,2.586,0.3774,0.336,12.413,6.791,0.0,0.6796,0.7103,18,0.238,0.1056,1.8114,none,Normal
CUST01856,20.657,1.782,0.0863,16.484,24.526,20.698,0.0,1.0329,0.9784,0,0.0203,0.3444,1.1873,none,Normal
CUST01857,5.253,0.937,0.1784,2.196,7.591,5.223,0.0,1.142,1.1696,1,0.1097,0.2389,1.445,none,Normal
CUST01858,15.609,2.58,0.1653,9.761,21.597,15.482,0.0,1.2896,0.9834,0,0.1431,0.2111,1.3836,none,Normal
CUST01859,21.043,2.355,0.1119,14.533,26.171,21.06,0.0,1.0659,1.0153,0,0.0555,0.3167,1.2437,none,Normal
CUST01860,10.165,7.61,0.7487,2.804,25.591,4.817,0.0,0.2727,1.1565,8,0.7153,0.4111,2.5177,sudden_drop,Theft
CUST01861,19.069,1.947,0.1021,14.256,23.607,19.258,0.0,1.0855,1.0753,0,0.0671,0.3722,1.238,none,Normal
CUST01862,9.562,1.987,0.2078,4.669,13.717,9.6,0.0,1.2668,0.8609,0,0.1481,0.1944,1.4346,none,Normal
CUST01863,23.132,3.696,0.1598,13.455,34.494,23.251,0.0,1.2418,1.0369,0,0.1189,0.2167,1.4911,none,Normal
CUST01864,10.377,3.389,0.3266,0.337,19.204,10.826,0.0,1.5477,0.846,8,0.2663,0.1056,1.8506,none,Normal
CUST01865,16.347,1.009,0.0617,13.086,16.97,16.97,0.0,1.075,0.964,0,0.0436,0.7222,1.0381,flattened_cap,Theft
CUST01866,16.426,2.639,0.1606,8.897,23.005,16.455,0.0,1.1759,1.0114,0,0.1097,0.2389,1.4005,none,Normal
CUST01867,10.61,2.749,0.2591,3.005,15.682,10.862,0.0,1.3791,0.8958,0,0.2189,0.2,1.4781,none,Normal
CUST01868,13.841,1.548,0.1118,10.104,17.517,13.925,0.0,0.8732,1.0656,0,0.0795,0.3278,1.2656,none,Normal
CUST01869,21.832,2.67,0.1223,15.811,29.434,21.943,0.0,1.0279,0.9331,0,0.0378,0.2722,1.3482,none,Normal
CUST01870,15.867,2.308,0.1455,8.89,20.713,16.0,0.0,1.1375,1.0049,1,0.0884,0.2833,1.3054,none,Normal
CUST01871,9.772,1.721,0.1761,4.616,13.215,10.092,0.0,0.7714,0.9307,0,0.1433,0.1333,1.3524,none,Normal
CUST01872,3.762,2.401,0.6383,0.0,8.769,3.734,0.0944,0.5545,1.8587,36,0.3286,0.0833,2.3308,none,Normal
CUST01873,12.344,1.78,0.1442,7.403,16.638,12.129,0.0,0.9258,1.0007,1,0.0755,0.2944,1.3478,none,Normal
CUST01874,10.421,0.597,0.0573,8.39,10.782,10.782,0.0,0.9511,1.0476,0,0.0266,0.7556,1.0346,flattened_cap,Theft
CUST01875,10.752,3.274,0.3045,5.127,19.145,10.5,0.0,1.5121,1.0558,0,0.24,0.1222,1.7806,none,Normal
CUST01876,7.924,1.495,0.1887,4.583,12.215,7.949,0.0,0.804,1.0573,0,0.1328,0.1944,1.5415,none,Normal
CUST01877,17.11,2.194,0.1282,12.261,22.466,16.904,0.0,0.8571,1.0519,0,0.0919,0.3222,1.313,none,Normal
CUST01878,14.203,1.577,0.111,9.72,17.719,14.446,0.0,0.8931,0.9859,0,0.0874,0.2778,1.2475,none,Normal
CUST01879,15.751,2.56,0.1625,9.869,21.915,15.755,0.0,0.9802,0.8687,0,0.059,0.2,1.3913,none,Normal
CUST01880,12.084,3.794,0.314,3.592,22.848,11.572,0.0,1.4052,1.0263,7,0.1999,0.15,1.8908,none,Normal
CUST01881,4.53,1.382,0.3051,0.984,8.485,4.638,0.0,0.9438,1.11,16,0.1493,0.1222,1.8733,none,Normal
CUST01882,22.552,1.025,0.0455,20.558,24.537,22.68,0.0,1.0758,0.9948,0,0.0423,0.6111,1.088,none,Normal
CUST01883,13.147,1.414,0.1076,9.558,16.19,13.248,0.0,1.0803,1.0697,0,0.0663,0.3389,1.2315,none,Normal
CUST01884,7.692,2.358,0.3065,2.039,12.864,8.018,0.0,0.6756,1.0187,4,0.2473,0.0944,1.6723,none,Normal
CUST01885,20.032,1.911,0.0954,15.781,24.003,19.959,0.0,1.0276,1.1339,0,0.0207,0.3556,1.1982,none,Normal
CUST01886,19.362,1.292,0.0667,16.555,23.382,19.3,0.0,1.0071,0.9924,0,0.0438,0.5222,1.2076,none,Normal
CUST01887,10.161,2.365,0.2328,4.762,16.573,10.144,0.0,1.0252,0.9475,3,0.1591,0.1111,1.631,none,Normal
CUST01888,10.494,1.22,0.1163,5.337,11.188,11.188,0.0,1.0571,0.9194,0,0.0467,0.6667,1.0662,flattened_cap,Theft
CUST01889,2.541,2.342,0.9219,0.0,8.202,1.881,0.2333,5.1928,0.4662,28,0.8004,0.0556,3.2281,none,Normal
CUST01890,12.043,2.762,0.2294,7.263,18.96,11.204,0.0,0.6956,0.887,0,0.2114,0.2167,1.5743,none,Normal
CUST01891,10.986,3.079,0.2803,4.51,17.634,10.89,0.0,1.273,0.8766,4,0.1429,0.1167,1.6051,none,Normal
CUST01892,25.143,2.311,0.0919,20.669,30.248,24.983,0.0,0.9891,0.9213,0,0.0138,0.3167,1.203,none,Normal
CUST01893,7.74,3.634,0.4695,0.189,17.42,7.299,0.0,0.5214,1.3052,6,0.3737,0.05,2.2506,none,Normal
CUST01894,6.588,2.34,0.3552,1.636,11.858,6.505,0.0,0.7539,0.6004,2,0.1602,0.1056,1.7998,none,Normal
CUST01895,8.75,2.379,0.2719,2.581,13.72,8.957,0.0,1.3595,1.3166,0,0.1874,0.1278,1.568,none,Normal
CUST01896,3.68,2.411,0.6552,0.0,9.982,3.523,0.0722,0.5987,0.5507,37,0.3957,0.0333,2.7126,none,Normal
CUST01897,16.248,1.368,0.0842,14.034,19.678,15.971,0.0,1.1122,1.0093,0,0.0745,0.4778,1.2111,none,Normal
CUST01898,1.517,1.135,0.748,0.0,5.486,1.381,0.1222,1.0339,0.406,19,0.4417,0.0333,3.617,sudden_drop,Theft
CUST01899,3.532,1.568,0.4439,0.0,7.738,3.497,0.0167,0.6729,1.0492,29,0.2864,0.0722,2.1908,none,Normal
CUST01900,20.317,2.557,0.1259,13.128,26.444,20.311,0.0,1.1035,0.948,0,0.0902,0.3,1.3015,none,Normal
CUST01901,3.69,3.223,0.8734,0.0,13.519,2.995,0.1389,2.8667,1.2434,37,0.6787,0.0556,3.6634,zero_stretches,Theft
CUST01902,23.845,3.232,0.1355,17.951,30.119,23.925,0.0,1.2583,0.9938,0,0.1284,0.2,1.2631,none,Normal
CUST01903,22.685,2.764,0.1218,16.264,29.217,22.775,0.0,1.0867,1.0663,0,0.0541,0.2833,1.288,none,Normal
CUST01904,11.558,2.032,0.1758,5.216,16.892,11.616,0.0,0.9933,0.9874,3,0.0684,0.1889,1.4614,none,Normal
CUST01905,18.474,2.308,0.1249,13.726,23.625,18.577,0.0,1.0649,0.8862,0,0.0363,0.2278,1.2788,none,Normal
CUST01906,14.218,2.11,0.1484,7.842,20.445,14.304,0.0,0.9322,1.0355,1,0.0713,0.2722,1.438,none,Normal
CUST01907,4.373,2.596,0.5936,0.0,8.599,5.097,0.0944,2.9868,1.1891,2,0.5784,0.0167,1.9663,none,Normal
CUST01908,4.882,1.878,0.3847,0.851,9.926,4.867,0.0,0.6623,0.6118,1,0.2674,0.0722,2.0333,none,Normal
CUST01909,13.796,2.424,0.1757,8.022,20.217,13.49,0.0,0.8637,0.8594,0,0.1214,0.2389,1.4655,none,Normal
CUST01910,19.091,1.749,0.0916,15.165,22.603,19.146,0.0,0.9551,0.9229,0,0.0401,0.3389,1.1839,none,Normal
CUST01911,15.503,9.376,0.6048,4.11,27.263,21.945,0.0,0.3096,0.9986,1,0.5748,0.4056,1.7586,sudden_drop,Theft
CUST01912,12.461,1.842,0.1478,7.439,18.008,12.555,0.0,0.9851,1.0176,0,0.0548,0.2444,1.4451,none,Normal
CUST01913,20.469,2.332,0.1139,14.486,26.609,20.548,0.0,0.9096,1.0506,0,0.0579,0.2944,1.3,none,Normal
CUST01914,12.876,2.783,0.2161,3.802,18.389,13.237,0.0,0.7258,1.017,0,0.1823,0.1667,1.4281,none,Normal
CUST01915,20.594,1.945,0.0944,15.358,23.999,21.058,0.0,1.1296,1.0169,0,0.0905,0.3111,1.1653,none,Normal
CUST01916,8.711,2.362,0.2712,3.201,13.11,8.872,0.0,0.848,1.4774,0,0.1159,0.1,1.505,none,Normal
CUST01917,8.546,1.116,0.1306,5.522,10.915,8.501,0.0,1.1409,0.9194,0,0.091,0.3222,1.2772,none,Normal
CUST01918,19.199,3.224,0.1679,11.781,28.212,19.055,0.0,1.171,1.1005,0,0.0992,0.2167,1.4694,none,Normal
CUST01919,11.059,4.944,0.447,2.857,19.349,12.033,0.0,1.016,0.3002,27,0.0612,0.0889,1.7495,periodic_bypass,Theft
CUST01920,21.821,1.521,0.0697,17.699,24.162,22.078,0.0,1.0644,1.0199,0,0.0652,0.4611,1.1073,none,Normal
CUST01921,23.078,1.554,0.0673,18.649,27.276,23.16,0.0,1.0611,1.0116,0,0.0358,0.5056,1.1819,none,Normal
CUST01922,21.895,1.274,0.0582,18.492,24.593,21.998,0.0,1.0239,1.0218,0,0.0471,0.5333,1.1232,none,Normal
CUST01923,21.669,1.237,0.0571,17.633,24.741,21.712,0.0,0.9793,0.9767,0,0.0269,0.6167,1.1418,none,Normal
CUST01924,4.294,2.547,0.5932,0.592,10.698,3.389,0.0,0.3327,1.1155,17,0.515,0.0944,2.4914,sudden_drop,Theft
CUST01925,23.356,1.472,0.063,20.014,28.543,23.417,0.0,1.0196,1.0441,0,0.0321,0.55,1.2221,none,Normal
CUST01926,13.63,4.647,0.3409,0.026,20.82,14.486,0.0556,1.0529,0.9423,4,0.1845,0.1611,1.5275,zero_stretches,Theft
CUST01927,12.177,2.18,0.179,6.367,19.119,12.15,0.0,0.8155,1.034,0,0.1392,0.2222,1.57,none,Normal
CUST01928,4.326,1.998,0.4618,0.0,9.791,4.437,0.0278,0.813,0.5276,35,0.1703,0.1,2.2631,none,Normal
CUST01929,22.69,1.715,0.0756,18.244,26.773,22.595,0.0,1.0748,0.9609,0,0.0396,0.5167,1.1799,none,Normal
CUST01930,10.694,2.88,0.2693,2.977,15.918,11.413,0.0,1.446,1.0124,1,0.2329,0.1111,1.4885,none,Normal
CUST01931,19.451,8.899,0.4575,4.57,29.224,23.79,0.0,1.1989,0.232,24,0.115,0.0944,1.5024,periodic_bypass,Theft
CUST01932,12.046,9.2,0.7637,3.505,26.604,4.696,0.0,0.2232,0.9333,1,0.7379,0.5333,2.2085,sudden_drop,Theft
CUST01933,6.728,3.706,0.5507,0.0,15.59,7.139,0.0556,0.4655,1.1381,28,0.4076,0.05,2.317,none,Normal
CUST01934,19.298,2.012,0.1042,15.367,23.877,19.324,0.0,0.8513,0.9485,0,0.0909,0.3111,1.2373,none,Normal
CUST01935,6.843,3.193,0.4666,0.248,15.405,6.248,0.0,1.7087,0.9657,18,0.3847,0.1333,2.2511,none,Normal
CUST01936,8.935,1.64,0.1836,4.254,12.721,8.868,0.0,1.2567,0.9761,0,0.1436,0.2333,1.4237,none,Normal
CUST01937,18.358,2.737,0.1491,12.781,24.114,17.679,0.0,0.7991,1.0058,0,0.1336,0.2778,1.3136,none,Normal
CUST01938,3.117,2.062,0.6615,0.0,8.361,2.848,0.0722,2.9931,0.9844,41,0.5567,0.0611,2.6823,none,Normal
CUST01939,8.142,3.464,0.4255,0.75,15.966,8.665,0.0,0.4849,0.9704,1,0.3826,0.0611,1.9609,none,Normal
CUST01940,6.938,1.34,0.1931,3.176,10.549,7.011,0.0,1.2063,1.0109,1,0.1375,0.2833,1.5204,none,Normal
CUST01941,12.683,2.351,0.1854,7.906,18.543,12.624,0.0,0.7867,0.9793,0,0.1336,0.2167,1.4621,none,Normal
CUST01942,9.995,2.232,0.2233,4.471,14.751,10.269,0.0,1.243,1.1608,5,0.1431,0.1278,1.4758,none,Normal
CUST01943,9.532,2.278,0.239,4.635,15.314,9.635,0.0,1.0166,1.1976,7,0.0812,0.1333,1.6067,none,Normal
CUST01944,24.593,6.433,0.2616,0.016,31.31,25.787,0.0556,1.0682,0.9235,3,0.1549,0.3389,1.2731,zero_stretches,Theft
CUST01945,24.844,3.372,0.1357,16.883,33.542,25.161,0.0,0.9025,1.0509,0,0.0645,0.2333,1.3501,none,Normal
CUST01946,26.878,1.925,0.0716,22.224,32.22,26.973,0.0,1.0,1.0324,0,0.0334,0.4722,1.1987,none,Normal
CUST01947,22.549,1.474,0.0654,18.257,26.857,22.742,0.0,0.9387,0.964,0,0.0456,0.5,1.1911,none,Normal
CUST01948,17.281,2.056,0.119,12.526,23.509,17.343,0.0,0.8996,1.114,0,0.0828,0.3389,1.3604,none,Normal
CUST01949,4.467,2.525,0.5653,0.0,12.031,3.816,0.0111,2.4261,1.1161,10,0.5081,0.0889,2.6932,none,Normal
CUST01950,3.566,0.768,0.2155,1.503,5.753,3.498,0.0,1.1265,1.052,3,0.1271,0.1944,1.613,none,Normal
CUST01951,10.506,1.656,0.1576,6.66,14.151,10.483,0.0,0.8254,0.9551,0,0.1082,0.2167,1.347,none,Normal
CUST01952,6.295,1.993,0.3167,0.0,12.821,6.393,0.0056,0.7754,1.0822,9,0.2012,0.1556,2.0367,none,Normal
CUST01953,18.997,1.939,0.102,14.045,23.764,19.041,0.0,0.9643,0.9458,0,0.0313,0.3889,1.2509,none,Normal
CUST01954,20.06,2.304,0.1149,14.306,25.689,20.134,0.0,0.9149,1.1707,0,0.0496,0.2833,1.2806,none,Normal
CUST01955,12.905,1.261,0.0977,8.739,13.677,13.677,0.0,0.9147,1.0679,0,0.0534,0.6667,1.0598,flattened_cap,Theft
CUST01956,6.839,2.515,0.3677,2.338,13.495,6.44,0.0,0.5733,0.9037,9,0.32,0.0944,1.9731,none,Normal
CUST01957,21.261,3.543,0.1666,13.369,29.553,21.222,0.0,1.1334,0.9722,0,0.1057,0.2056,1.39,none,Normal
CUST01958,9.508,2.681,0.282,2.604,15.233,9.556,0.0,1.266,1.1582,12,0.1421,0.1278,1.6022,none,Normal
CUST01959,19.176,3.235,0.1687,9.597,25.886,19.338,0.0,1.1183,1.0103,0,0.1001,0.2167,1.3499,none,Normal
CUST01960,25.073,2.046,0.0816,19.612,30.126,25.268,0.0,0.969,0.9511,0,0.0299,0.4056,1.2015,none,Normal
CUST01961,16.552,3.946,0.2384,8.974,25.02,16.177,0.0,0.6785,0.998,0,0.2081,0.15,1.5116,none,Normal
CUST01962,11.753,2.101,0.1787,5.388,15.663,11.925,0.0,0.9136,0.8865,0,0.1243,0.2444,1.3327,none,Normal
CUST01963,17.835,1.857,0.1041,13.661,22.203,17.868,0.0,0.9367,1.0539,0,0.0404,0.3111,1.2449,none,Normal
CUST01964,13.908,2.588,0.1861,7.518,23.614,13.884,0.0,0.9051,0.7937,0,0.0992,0.2,1.6979,none,Normal
CUST01965,2.841,1.743,0.6134,0.0,8.111,2.729,0.0611,0.4672,1.4018,38,0.4293,0.0333,2.8551,none,Normal
CUST01966,11.337,2.62,0.2311,4.007,16.897,11.594,0.0,1.276,0.8866,4,0.1539,0.1889,1.4904,none,Normal
CUST01967,15.935,2.772,0.174,10.504,21.946,15.242,0.0,1.3198,1.0994,0,0.1547,0.2611,1.3772,none,Normal
CUST01968,17.353,2.887,0.1663,9.391,24.481,17.286,0.0,0.8876,1.1944,0,0.0807,0.2389,1.4107,none,Normal
CUST01969,12.176,1.07,0.0879,8.973,12.869,12.869,0.0,0.9032,0.9208,0,0.0583,0.6667,1.0569,flattened_cap,Theft
CUST01970,25.495,1.873,0.0735,20.095,29.579,25.511,0.0,0.9325,1.0748,0,0.0381,0.4889,1.1602,none,Normal
CUST01971,6.744,4.934,0.7316,0.954,17.834,3.488,0.0,0.2212,1.0352,10,0.6788,0.1278,2.6442,sudden_drop,Theft
CUST01972,3.18,2.854,0.8973,0.0,12.088,2.888,0.2389,3.684,1.56,35,0.6644,0.0222,3.8012,none,Normal
CUST01973,3.931,2.268,0.577,0.0,9.029,4.039,0.0444,1.1427,0.3776,43,0.1718,0.0389,2.2967,none,Normal
CUST01974,15.283,2.021,0.1322,10.468,20.153,15.437,0.0,1.058,0.8457,0,0.0543,0.2111,1.3186,none,Normal
CUST01975,19.232,1.913,0.0995,14.746,22.476,19.528,0.0,1.0656,1.0076,0,0.083,0.2611,1.1687,none,Normal
CUST01976,4.028,1.41,0.35,0.077,7.08,4.129,0.0056,0.8608,0.9085,26,0.1416,0.0944,1.7577,none,Normal
CUST01977,6.97,2.505,0.3595,0.11,11.472,7.318,0.0556,1.1649,0.8902,11,0.2141,0.1611,1.646,zero_stretches,Theft
CUST01978,8.032,5.108,0.636,2.531,15.805,9.272,0.0,0.2413,1.0,1,0.6216,0.4333,1.9677,sudden_drop,Theft
CUST01979,6.588,2.263,0.3435,1.708,14.083,6.384,0.0,0.7104,1.1637,12,0.2204,0.1611,2.1378,none,Normal
CUST01980,7.277,2.432,0.3342,1.948,12.363,7.335,0.0,1.5907,1.4036,1,0.2551,0.1056,1.699,none,Normal
CUST01981,24.137,1.427,0.0591,21.121,27.202,24.187,0.0,0.9424,0.9385,0,0.033,0.5667,1.127,none,Normal
CUST01982,5.142,1.208,0.2349,1.564,8.997,5.108,0.0,0.8378,0.9402,12,0.1304,0.2222,1.7498,none,Normal
CUST01983,4.823,2.128,0.4413,0.0,9.66,4.776,0.0111,0.5179,1.0086,15,0.3596,0.0667,2.0028,none,Normal
CUST01984,22.981,2.36,0.1027,17.533,29.168,22.976,0.0,1.0554,1.0478,0,0.0512,0.3611,1.2692,none,Normal
CUST01985,10.358,2.686,0.2593,4.943,17.71,10.3,0.0,1.246,1.1802,4,0.1487,0.1111,1.7098,none,Normal
CUST01986,9.182,0.474,0.0517,7.183,9.45,9.45,0.0,1.0036,0.9498,0,0.0191,0.7722,1.0292,flattened_cap,Theft
CUST01987,21.981,1.803,0.082,17.587,26.432,22.195,0.0,1.0003,1.0044,0,0.036,0.3944,1.2025,none,Normal
CUST01988,23.322,0.931,0.0399,21.134,25.412,23.241,0.0,0.9514,1.033,0,0.0279,0.7611,1.0896,none,Normal
CUST01989,8.309,6.116,0.7361,2.898,20.098,4.627,0.0,0.3321,1.0195,1,0.7126,0.3778,2.4189,sudden_drop,Theft
CUST01990,7.12,3.537,0.4968,0.0,13.696,7.27,0.0111,2.4006,0.7922,5,0.4598,0.0333,1.9236,none,Normal
CUST01991,12.166,2.162,0.1777,7.288,18.077,12.219,0.0,0.9519,1.1159,1,0.1003,0.1889,1.4859,none,Normal
CUST01992,18.056,1.978,0.1096,13.107,22.674,18.192,0.0,0.9654,1.0363,0,0.0307,0.3444,1.2557,none,Normal
CUST01993,14.436,1.265,0.0876,11.686,17.756,14.316,0.0,1.076,1.0466,0,0.0422,0.4056,1.23,none,Normal
CUST01994,7.284,2.65,0.3639,0.496,13.573,7.574,0.0,0.9083,1.4547,22,0.1318,0.0667,1.8632,none,Normal
CUST01995,20.028,2.436,0.1216,14.592,26.752,19.961,0.0,0.9399,1.1033,0,0.0569,0.3167,1.3357,none,Normal
CUST01996,8.086,2.637,0.3261,1.269,14.815,7.782,0.0,1.2684,1.0844,14,0.1738,0.1278,1.8321,none,Normal
CUST01997,21.928,6.173,0.2815,0.012,30.423,22.981,0.0333,1.069,0.8948,3,0.193,0.2833,1.3874,zero_stretches,Theft
CUST01998,18.119,2.875,0.1587,11.13,23.859,18.128,0.0,0.8209,0.9343,0,0.1099,0.2333,1.3168,none,Normal
CUST01999,15.304,2.002,0.1308,11.235,20.966,15.253,0.0,0.9227,0.9331,0,0.0865,0.2611,1.3699,none,Normal
CUST02000,4.417,0.893,0.2023,2.18,7.312,4.47,0.0,0.9072,1.0577,6,0.0941,0.1833,1.6555,none,Normal
CUST02001,14.696,1.414,0.0962,11.095,18.457,14.739,0.0,0.9404,0.9328,0,0.0448,0.3833,1.2559,none,Normal
CUST02002,7.333,2.049,0.2794,2.173,12.282,7.259,0.0,0.6519,0.9914,2,0.2247,0.1333,1.6749,none,Normal
CUST02003,4.912,2.311,0.4704,0.0,10.694,4.748,0.0167,1.3938,0.7076,30,0.1995,0.0889,2.1769,none,Normal
CUST02004,5.434,2.461,0.4529,0.0,10.907,5.525,0.0111,0.6412,1.7173,16,0.2388,0.1,2.0073,none,Normal
CUST02005,7.575,2.093,0.2763,4.52,14.019,7.001,0.0,0.7024,0.9973,0,0.2668,0.1722,1.8508,none,Normal
CUST02006,6.14,0.921,0.1499,3.68,8.832,6.103,0.0,1.0034,1.104,1,0.0736,0.2667,1.4384,none,Normal
CUST02007,13.457,3.288,0.2444,4.403,24.078,13.231,0.0,0.8251,1.2315,3,0.1197,0.2167,1.7893,none,Normal
CUST02008,5.938,1.885,0.3174,0.794,10.322,6.016,0.0,0.9808,1.0629,25,0.1226,0.1167,1.7382,none,Normal
CUST02009,3.37,2.111,0.6264,0.0,8.183,3.227,0.0556,2.3869,1.1438,32,0.4983,0.0444,2.4282,none,Normal
CUST02010,4.501,2.246,0.4989,0.0,10.017,4.407,0.0333,1.3722,0.4964,31,0.231,0.05,2.2254,none,Normal
CUST02011,22.071,2.265,0.1026,16.403,27.108,22.408,0.0,0.8534,0.9685,0,0.0877,0.2722,1.2282,none,Normal
CUST02012,16.817,1.683,0.1001,12.848,21.207,16.99,0.0,1.0464,0.9854,0,0.0407,0.3222,1.2611,none,Normal
CUST02013,11.563,3.747,0.324,4.741,18.864,12.086,0.0,0.5651,1.0514,0,0.3004,0.0667,1.6314,gradual_underreport,Theft
CUST02014,23.216,2.409,0.1037,18.664,28.679,23.19,0.0,0.8442,1.0255,0,0.0925,0.3,1.2353,none,Normal
CUST02015,10.769,1.83,0.17,7.37,15.628,10.507,0.0,1.2538,0.9117,0,0.1303,0.2444,1.4512,none,Normal
CUST02016,18.17,1.332,0.0733,14.447,21.058,18.202,0.0,1.0215,0.918,0,0.0264,0.5,1.1589,none,Normal
CUST02017,3.616,0.841,0.2327,0.801,4.129,4.129,0.0,1.3003,1.1878,3,0.1428,0.6278,1.1419,flattened_cap,Theft
CUST02018,3.702,2.873,0.7762,0.0,12.289,3.521,0.1389,2.6808,0.5136,40,0.5698,0.0111,3.3198,none,Normal
CUST02019,20.111,3.371,0.1676,13.666,27.429,20.126,0.0,1.2797,0.9242,0,0.1357,0.2167,1.3638,none,Normal
CUST02020,19.85,2.558,0.1288,13.387,25.984,19.765,0.0,1.1381,1.109,0,0.0735,0.2833,1.309,none,Normal
CUST02021,24.571,3.027,0.1232,16.95,32.112,24.544,0.0,1.131,1.0651,0,0.0788,0.2833,1.3069,none,Normal
CUST02022,21.0,3.114,0.1483,13.173,27.128,20.993,0.0,1.215,0.909,0,0.1151,0.2389,1.2918,none,Normal
CUST02023,18.694,2.543,0.136,12.56,25.206,18.313,0.0,1.1712,1.0004,0,0.1044,0.3222,1.3484,none,Normal
CUST02024,13.861,7.322,0.5282,1.906,23.078,17.169,0.0,1.1889,0.1504,27,0.1265,0.0444,1.665,periodic_bypass,Theft
CUST02025,14.955,1.979,0.1323,9.313,19.288,14.924,0.0,1.0451,1.0475,0,0.0582,0.2778,1.2897,none,Normal
CUST02026,25.859,2.172,0.084,18.444,31.982,26.036,0.0,0.9438,0.9538,0,0.0567,0.4444,1.2368,none,Normal
CUST02027,23.844,2.233,0.0936,19.035,28.795,23.751,0.0,1.0915,0.9153,0,0.0537,0.35,1.2076,none,Normal
CUST02028,18.704,2.552,0.1365,12.873,24.509,18.7,0.0,1.0228,1.1279,0,0.0678,0.2722,1.3104,none,Normal
CUST02029,15.181,8.171,0.5383,1.888,26.665,18.397,0.0,0.9789,0.1349,24,0.0748,0.0667,1.7565,periodic_bypass,Theft
CUST02030,18.016,1.581,0.0878,13.65,21.21,18.114,0.0,1.0751,0.898,0,0.0464,0.3611,1.1773,none,Normal
CUST02031,5.515,2.93,0.5313,0.0,12.151,5.874,0.0667,2.1738,0.9134,22,0.4368,0.0389,2.2034,none,Normal
CUST02032,20.7,2.867,0.1385,15.584,27.332,20.459,0.0,0.8294,1.0173,0,0.1167,0.2722,1.3204,none,Normal
CUST02033,17.031,1.907,0.112,12.352,21.315,17.065,0.0,0.997,0.9668,0,0.0789,0.3111,1.2515,none,Normal
CUST02034,13.921,1.907,0.137,8.862,18.894,14.0,0.0,1.0593,0.9681,0,0.0905,0.2667,1.3573,none,Normal
CUST02035,18.353,2.29,0.1248,12.347,22.755,18.699,0.0,0.8252,1.0943,0,0.1042,0.2278,1.2399,none,Normal
CUST02036,7.36,2.486,0.3378,1.114,14.142,7.176,0.0,1.1968,1.6031,6,0.1188,0.0944,1.9214,none,Normal
CUST02037,3.385,2.48,0.7326,0.0,9.144,3.241,0.1278,0.426,0.9216,47,0.4891,0.0278,2.7011,none,Normal
CUST02038,3.178,2.122,0.6675,0.117,8.523,2.515,0.0111,3.1008,0.8517,4,0.6316,0.1056,2.6815,none,Normal
CUST02039,18.562,2.335,0.1258,11.856,24.164,18.41,0.0,0.9731,0.9548,0,0.0516,0.3222,1.3018,none,Normal
CUST02040,12.29,3.256,0.2649,4.024,20.34,12.203,0.0,1.3573,0.8198,3,0.1883,0.1278,1.6549,none,Normal
CUST02041,23.957,0.773,0.0323,21.657,25.863,23.969,0.0,1.0109,1.0372,0,0.018,0.8556,1.0796,none,Normal
CUST02042,26.09,1.667,0.0639,22.13,29.837,26.008,0.0,1.0239,1.0653,0,0.0364,0.5222,1.1436,none,Normal
CUST02043,11.335,1.62,0.1429,7.733,14.778,11.121,0.0,0.9596,0.9385,0,0.0611,0.2667,1.3038,none,Normal
CUST02044,6.378,3.02,0.4735,0.5,13.78,5.777,0.0,2.2235,0.792,2,0.4321,0.0833,2.1606,none,Normal
CUST02045,6.086,1.919,0.3154,0.694,12.219,6.11,0.0,1.0067,0.8803,15,0.1584,0.1278,2.0078,none,Normal
CUST02046,8.322,3.189,0.3832,1.961,16.768,7.87,0.0,1.8551,1.0835,2,0.3367,0.0944,2.0148,none,Normal
CUST02047,16.664,1.495,0.0897,12.887,20.536,16.574,0.0,0.9474,0.9782,0,0.0444,0.3611,1.2323,none,Normal
CUST02048,3.612,1.952,0.5404,0.0,8.714,3.581,0.0333,1.898,1.4461,25,0.3786,0.0556,2.4124,none,Normal
CUST02049,12.86,5.668,0.4408,0.015,20.693,14.504,0.1444,1.0719,0.8991,6,0.3346,0.1722,1.609,zero_stretches,Theft
CUST02050,4.63,2.063,0.4456,0.754,10.627,4.311,0.0,0.5809,1.2056,10,0.2924,0.1,2.2956,gradual_underreport,Theft
CUST02051,4.799,2.984,0.6219,0.0,12.58,4.066,0.0222,2.769,1.2429,19,0.5485,0.0833,2.6213,none,Normal
CUST02052,17.359,2.911,0.1677,8.681,23.176,17.595,0.0,1.0091,1.1825,0,0.0509,0.1778,1.3351,none,Normal
CUST02053,19.45,1.766,0.0908,15.145,23.442,19.538,0.0,0.8934,0.9003,0,0.0625,0.3944,1.2053,none,Normal
CUST02054,9.03,2.07,0.2293,2.326,13.881,8.954,0.0,0.9754,1.0809,8,0.105,0.1944,1.5371,none,Normal
CUST02055,8.734,0.983,0.1125,4.739,9.327,9.327,0.0,0.9403,0.979,0,0.0488,0.6556,1.0679,flattened_cap,Theft
CUST02056,6.271,2.416,0.3853,0.403,12.956,6.45,0.0,1.1379,1.4272,18,0.1382,0.1,2.0659,none,Normal
CUST02057,20.343,1.735,0.0853,15.43,25.907,20.243,0.0,0.9539,0.922,0,0.0419,0.4333,1.2735,none,Normal
CUST02058,2.16,2.511,1.1626,0.0,8.253,1.165,0.4,13.7089,1.3155,29,1.0943,0.0278,3.8209,none,Normal
CUST02059,3.395,3.352,0.9873,0.0,10.816,1.134,0.0667,0.0954,0.9626,13,0.9276,0.1444,3.1856,sudden_drop,Theft
CUST02060,17.664,2.02,0.1143,12.737,23.199,17.684,0.0,1.0263,0.9598,0,0.043,0.3,1.3133,none,Normal
CUST02061,3.157,1.825,0.5781,0.0,8.646,3.317,0.0889,1.4346,0.5909,45,0.2924,0.05,2.7391,none,Normal
CUST02062,21.792,2.174,0.0998,16.661,25.822,21.81,0.0,0.8822,1.0943,0,0.069,0.3722,1.1849,none,Normal
CUST02063,16.749,1.771,0.1057,11.828,20.768,16.932,0.0,1.0945,1.0574,0,0.0812,0.3556,1.24,none,Normal
CUST02064,23.144,1.942,0.0839,17.957,28.2,23.072,0.0,0.9094,1.0703,0,0.057,0.4389,1.2184,none,Normal
CUST02065,2.731,2.349,0.8601,0.0,8.587,2.683,0.2222,0.5721,0.4743,44,0.5245,0.0556,3.1443,none,Normal
CUST02066,7.973,3.28,0.4113,1.424,17.001,7.934,0.0,0.5962,1.0767,11,0.2988,0.0778,2.1322,none,Normal
CUST02067,15.892,1.3,0.0818,12.594,20.067,15.812,0.0,0.9671,0.9223,0,0.0382,0.4778,1.2627,none,Normal
CUST02068,19.371,2.16,0.1115,13.737,24.537,19.529,0.0,0.9308,0.9599,0,0.0568,0.2889,1.2667,none,Normal
CUST02069,20.977,2.424,0.1155,16.296,26.703,20.943,0.0,0.8894,1.1543,0,0.0707,0.2778,1.273,none,Normal
CUST02070,14.704,2.741,0.1864,8.454,22.406,14.485,0.0,1.2442,1.0325,0,0.1354,0.2167,1.5238,none,Normal
CUST02071,9.426,1.964,0.2084,4.809,14.776,9.617,0.0,1.2165,1.0889,1,0.1475,0.1556,1.5676,none,Normal
CUST02072,11.164,2.825,0.253,4.602,17.635,11.205,0.0,0.7376,1.0027,3,0.1889,0.1444,1.5796,none,Normal
CUST02073,8.362,0.736,0.0881,6.714,10.317,8.304,0.0,0.9072,1.0238,0,0.0689,0.4111,1.2339,none,Normal
CUST02074,23.187,2.333,0.1006,17.342,27.676,23.861,0.0,0.8593,1.0141,0,0.0888,0.2778,1.1936,none,Normal
CUST02075,12.891,1.6,0.1241,9.881,15.796,12.86,0.0,1.0574,0.8667,0,0.0347,0.2444,1.2253,none,Normal
CUST02076,5.709,1.155,0.2023,2.888,8.819,5.826,0.0,1.1117,1.1719,2,0.1007,0.1611,1.5447,none,Normal
CUST02077,20.07,1.926,0.096,14.364,23.931,20.167,0.0,1.0527,0.9281,0,0.0624,0.3444,1.1923,none,Normal
CUST02078,21.635,2.78,0.1285,15.463,28.272,22.054,0.0,1.2252,1.0533,0,0.1176,0.2111,1.3068,none,Normal
CUST02079,15.563,2.06,0.1324,10.673,20.956,15.575,0.0,0.9402,1.0343,0,0.0632,0.2556,1.3466,none,Normal
CUST02080,7.821,1.534,0.1961,4.205,11.193,7.866,0.0,0.9017,1.0044,1,0.0773,0.1722,1.4311,none,Normal
CUST02081,9.381,4.164,0.4439,0.015,17.62,10.06,0.1167,1.4093,0.9011,7,0.2814,0.0944,1.8783,zero_stretches,Theft
CUST02082,7.872,1.792,0.2276,2.634,12.011,7.913,0.0,0.9068,0.8717,13,0.098,0.1278,1.5257,none,Normal
CUST02083,11.423,2.486,0.2176,5.493,18.431,11.383,0.0,1.0914,1.1538,5,0.0814,0.1611,1.6134,none,Normal
CUST02084,3.619,2.127,0.5877,0.0,9.134,3.424,0.0167,2.6517,1.188,16,0.5173,0.0722,2.524,none,Normal
CUST02085,12.735,0.905,0.0711,8.842,13.286,13.286,0.0,1.007,0.9464,0,0.0333,0.7056,1.0433,flattened_cap,Theft
CUST02086,6.004,1.951,0.325,2.067,10.601,6.025,0.0,1.1588,0.615,19,0.0944,0.1167,1.7657,none,Normal
CUST02087,8.265,2.087,0.2524,2.529,12.094,8.65,0.0,1.0549,0.8883,8,0.1531,0.1444,1.4631,none,Normal
CUST02088,8.411,2.507,0.2981,1.279,14.287,8.259,0.0,0.9296,1.478,12,0.0828,0.15,1.6985,none,Normal
CUST02089,6.116,1.907,0.3119,1.644,10.508,6.182,0.0,0.9015,0.914,0,0.1591,0.0889,1.7183,none,Normal
CUST02090,4.32,1.99,0.4607,0.0,9.13,4.298,0.0222,1.1248,0.4799,31,0.1544,0.1056,2.1135,none,Normal
CUST02091,25.52,1.389,0.0544,20.622,28.765,25.636,0.0,0.9545,1.0338,0,0.038,0.6111,1.1272,none,Normal
CUST02092,18.562,2.823,0.1521,11.812,24.773,18.542,0.0,0.8382,1.2009,0,0.0997,0.2722,1.3346,none,Normal
CUST02093,17.232,3.257,0.189,9.788,28.634,17.225,0.0,1.2085,0.8849,0,0.1207,0.1833,1.6617,none,Normal
CUST02094,17.376,2.788,0.1605,10.444,22.956,17.544,0.0,1.1527,0.8431,0,0.0949,0.1944,1.3211,none,Normal
CUST02095,6.176,2.189,0.3544,0.256,11.907,6.272,0.0,0.9529,1.3102,17,0.1989,0.1,1.9278,none,Normal
CUST02096,17.265,2.614,0.1514,11.335,23.838,16.917,0.0,1.148,0.9567,0,0.1079,0.2611,1.3807,none,Normal
CUST02097,9.44,1.896,0.2009,5.588,13.608,9.385,0.0,0.7507,1.2235,0,0.1574,0.1722,1.4415,none,Normal
CUST02098,15.406,2.812,0.1826,9.263,20.712,15.356,0.0,0.8047,1.1102,0,0.123,0.2389,1.3445,none,Normal
CUST02099,4.53,1.482,0.3271,0.367,8.726,4.368,0.0,0.8893,1.0402,16,0.142,0.1278,1.9262,gradual_underreport,Theft
CUST02100,13.295,3.26,0.2452,7.232,21.153,12.928,0.0,0.7052,1.1485,0,0.2051,0.1556,1.5911,none,Normal
CUST02101,14.088,3.284,0.2331,8.351,21.614,13.576,0.0,1.4198,0.8229,0,0.1977,0.1889,1.5342,none,Normal
CUST02102,21.402,3.002,0.1402,14.419,30.112,21.059,0.0,1.2283,0.9773,0,0.1179,0.2611,1.407,none,Normal
CUST02103,11.335,2.601,0.2294,4.379,18.261,11.348,0.0,1.0885,1.1523,4,0.0755,0.1556,1.6111,none,Normal
CUST02104,14.772,0.75,0.0508,12.773,16.718,14.78,0.0,1.0474,1.027,0,0.0279,0.7111,1.1318,none,Normal
CUST02105,10.82,1.632,0.1508,6.998,14.626,10.969,0.0,0.8824,1.0031,0,0.0854,0.2278,1.3518,none,Normal
CUST02106,22.129,2.378,0.1075,16.07,27.148,21.967,0.0,0.929,1.0133,0,0.0486,0.35,1.2268,none,Normal
CUST02107,9.201,3.953,0.4296,0.0,21.003,9.124,0.0056,1.7298,1.2128,13,0.3176,0.0722,2.2827,none,Normal
CUST02108,9.214,3.748,0.4067,1.036,17.587,8.46,0.0,1.91,0.9201,3,0.3516,0.0833,1.9087,none,Normal
CUST02109,21.954,3.03,0.138,13.313,28.261,22.115,0.0,1.2179,1.0749,0,0.1123,0.2611,1.2873,none,Normal
CUST02110,9.467,1.428,0.1509,5.531,13.24,9.443,0.0,0.8788,0.9827,0,0.0788,0.2444,1.3985,none,Normal
CUST02111,12.738,2.458,0.193,5.745,17.255,12.816,0.0,0.823,1.1039,0,0.1293,0.2278,1.3546,none,Normal
CUST02112,4.712,1.32,0.2802,2.011,8.224,4.67,0.0,0.7607,0.8993,0,0.1952,0.1444,1.7452,none,Normal
CUST02113,7.241,2.999,0.4141,0.0,13.88,7.787,0.0167,0.5591,0.7315,10,0.3157,0.0667,1.9169,none,Normal
CUST02114,15.006,2.545,0.1696,8.474,20.919,14.956,0.0,1.1582,1.0282,1,0.1066,0.2222,1.3941,none,Normal
CUST02115,23.839,3.015,0.1265,16.518,30.585,23.839,0.0,0.9053,1.0523,0,0.0618,0.2556,1.283,none,Normal
CUST02116,22.334,3.549,0.1589,16.392,30.016,21.907,0.0,1.3062,1.0661,0,0.1474,0.2278,1.3439,none,Normal
CUST02117,19.347,2.154,0.1114,11.837,24.668,19.467,0.0,0.9786,1.0826,0,0.0579,0.3,1.275,none,Normal
CUST02118,7.055,2.744,0.389,1.039,13.587,6.83,0.0,0.5533,0.9652,10,0.3303,0.0722,1.926,none,Normal
CUST02119,9.377,2.565,0.2736,3.695,15.871,9.064,0.0,1.3908,0.8295,0,0.2071,0.1778,1.6925,none,Normal
CUST02120,16.976,2.917,0.1718,10.238,23.035,17.227,0.0,1.2626,0.9879,0,0.1367,0.1833,1.3569,none,Normal
CUST02121,15.655,1.61,0.1028,12.399,20.521,15.396,0.0,1.0839,0.9816,0,0.0801,0.4056,1.3108,none,Normal
CUST02122,16.398,1.758,0.1072,13.006,20.772,16.404,0.0,0.9566,1.1655,0,0.0384,0.3056,1.2668,none,Normal
CUST02123,11.813,2.367,0.2004,6.508,18.214,11.746,0.0,1.2988,0.9161,0,0.144,0.1611,1.5418,none,Normal
CUST02124,17.131,2.436,0.1422,11.375,23.569,17.114,0.0,1.1401,1.0185,0,0.0881,0.2333,1.3758,none,Normal
CUST02125,20.299,2.204,0.1086,15.801,25.522,20.064,0.0,0.8473,0.9798,0,0.0956,0.3444,1.2573,none,Normal
CUST02126,19.216,2.071,0.1077,13.46,24.113,19.307,0.0,0.9217,0.9316,0,0.066,0.3111,1.2548,none,Normal
CUST02127,6.689,2.066,0.3088,1.704,12.495,6.505,0.0,1.2532,0.7614,3,0.1771,0.1333,1.8679,none,Normal
CUST02128,14.052,2.05,0.1459,9.244,18.473,14.086,0.0,0.9919,0.8596,0,0.0909,0.2667,1.3146,none,Normal
CUST02129,3.438,2.619,0.7618,0.0,9.127,3.364,0.1722,3.5418,0.7181,18,0.6325,0.05,2.6549,none,Normal
CUST02130,23.25,2.163,0.093,18.462,26.915,23.567,0.0,0.8692,0.9589,0,0.08,0.3056,1.1576,none,Normal
CUST02131,7.952,3.101,0.39,2.381,12.579,8.189,0.0,2.0548,0.9948,0,0.3864,0.0556,1.5819,none,Normal
CUST02132,16.012,2.017,0.126,11.456,21.382,15.925,0.0,0.9546,1.0612,0,0.0459,0.2722,1.3353,none,Normal
CUST02133,16.533,2.429,0.1469,10.293,22.587,16.508,0.0,0.9444,1.0192,0,0.0977,0.2778,1.3661,none,Normal
CUST02134,10.891,2.722,0.2499,4.126,18.536,10.636,0.0,1.2436,0.9646,2,0.1919,0.1389,1.7019,none,Normal
CUST02135,23.164,2.272,0.0981,19.789,28.979,22.484,0.0,0.8576,0.9593,0,0.093,0.4333,1.2511,none,Normal
CUST02136,10.792,1.182,0.1095,8.028,13.487,10.918,0.0,1.1464,0.9653,0,0.0815,0.25,1.2497,none,Normal
CUST02137,9.396,3.358,0.3574,2.145,17.794,9.159,0.0,0.6393,0.7005,2,0.264,0.1222,1.8938,none,Normal
CUST02138,12.912,1.137,0.0881,10.138,15.297,12.844,0.0,0.8974,1.0736,0,0.0604,0.4444,1.1847,none,Normal
CUST02139,5.981,2.947,0.4927,0.0,11.612,6.494,0.0389,0.4747,1.0573,14,0.4015,0.05,1.9416,none,Normal
CUST02140,9.754,2.227,0.2283,4.87,15.021,9.877,0.0,1.0719,0.8617,1,0.0529,0.1167,1.5401,none,Normal
CUST02141,18.062,2.347,0.1299,12.032,23.066,18.293,0.0,1.191,1.0975,0,0.1055,0.2167,1.2771,none,Normal
CUST02142,22.908,1.546,0.0675,19.108,26.037,23.017,0.0,0.9057,1.0649,0,0.0534,0.4667,1.1366,none,Normal
CUST02143,8.196,1.985,0.2422,3.447,13.126,8.235,0.0,0.8356,0.8688,8,0.1258,0.1333,1.6015,none,Normal
CUST02144,26.327,4.131,0.1569,17.056,35.507,26.881,0.0,1.2502,0.9276,0,0.1313,0.1667,1.3487,none,Normal
CUST02145,7.945,1.565,0.197,3.772,11.419,8.202,0.0,0.9379,1.0167,0,0.163,0.1389,1.4373,none,Normal
CUST02146,21.502,2.632,0.1224,14.403,26.852,21.719,0.0,0.9009,0.9561,0,0.0885,0.2389,1.2488,none,Normal
CUST02147,17.668,2.297,0.13,13.467,23.554,17.872,0.0,0.9383,0.8323,0,0.0689,0.2,1.3331,none,Normal
CUST02148,12.715,2.554,0.2009,6.853,18.38,12.663,0.0,1.1528,1.3027,1,0.0813,0.2056,1.4455,none,Normal
CUST02149,10.767,6.172,0.5732,1.223,21.784,11.568,0.0,0.6544,0.1552,26,0.2355,0.0778,2.0231,periodic_bypass,Theft
CUST02150,6.366,1.383,0.2173,2.86,9.696,6.316,0.0,0.763,1.0632,0,0.1581,0.1889,1.5229,none,Normal
CUST02151,22.122,2.721,0.123,13.25,27.541,22.482,0.0,1.1386,0.9101,0,0.0888,0.3111,1.245,none,Normal
CUST02152,13.384,2.271,0.1697,7.551,18.59,13.492,0.0,1.0329,1.1534,1,0.0628,0.2167,1.3889,none,Normal
CUST02153,12.46,1.378,0.1106,9.272,15.753,12.529,0.0,1.0837,1.014,0,0.0521,0.3056,1.2642,none,Normal
CUST02154,14.92,3.993,0.2677,6.128,23.935,14.842,0.0,1.5116,1.1079,0,0.2239,0.15,1.6043,none,Normal
CUST02155,19.546,2.127,0.1088,14.372,25.127,19.621,0.0,0.9535,1.098,0,0.0432,0.2722,1.2855,none,Normal
CUST02156,17.912,2.057,0.1148,12.025,22.818,17.901,0.0,1.1332,0.9062,0,0.0761,0.2833,1.2739,none,Normal
CUST02157,13.904,1.469,0.1056,10.281,17.715,13.804,0.0,0.8885,0.9807,0,0.0711,0.3333,1.2741,none,Normal
CUST02158,8.226,2.976,0.3617,2.342,14.371,7.88,0.0,0.5445,1.1467,1,0.3276,0.0889,1.747,none,Normal
CUST02159,12.088,2.813,0.2327,4.956,19.26,12.238,0.0,0.7453,1.2185,0,0.159,0.1167,1.5932,none,Normal
CUST02160,14.76,5.602,0.3796,0.04,22.787,16.142,0.0833,0.9237,1.1241,9,0.213,0.1889,1.5438,zero_stretches,Theft
CUST02161,12.858,3.122,0.2428,4.762,21.316,12.636,0.0,1.3806,1.1706,0,0.1751,0.1667,1.6578,none,Normal
CUST02162,16.084,2.65,0.1648,9.745,23.971,16.336,0.0,1.068,1.1921,0,0.0637,0.2056,1.4903,none,Normal
CUST02163,6.143,2.418,0.3935,0.34,12.292,6.033,0.0,1.1344,1.0623,19,0.1779,0.1278,2.0009,none,Normal
CUST02164,15.735,1.439,0.0914,11.2,19.498,15.712,0.0,1.0137,0.9872,0,0.0443,0.4333,1.2391,none,Normal
CUST02165,21.217,1.045,0.0492,19.115,23.826,21.25,0.0,1.0212,1.0207,0,0.0357,0.65,1.1229,none,Normal
CUST02166,20.077,1.614,0.0804,16.19,24.36,20.173,0.0,1.0419,0.8996,0,0.0301,0.3944,1.2133,none,Normal
CUST02167,12.699,3.021,0.2379,4.359,21.604,12.924,0.0,0.7699,0.8303,5,0.1533,0.1667,1.7012,none,Normal
CUST02168,5.642,1.736,0.3077,1.456,9.199,5.651,0.0,0.9655,0.6547,1,0.1905,0.0778,1.6306,none,Normal
CUST02169,11.643,1.472,0.1264,7.831,15.05,11.763,0.0,0.8366,0.9609,0,0.1018,0.2944,1.2926,none,Normal
CUST02170,13.896,1.381,0.0994,9.625,17.081,13.945,0.0,0.9546,0.9866,0,0.0406,0.3722,1.2292,none,Normal
CUST02171,20.592,2.648,0.1286,14.946,27.327,20.398,0.0,0.9775,0.8911,0,0.0675,0.2778,1.3271,none,Normal
CUST02172,24.11,3.468,0.1438,16.675,31.167,24.401,0.0,1.2122,1.1063,0,0.1086,0.2333,1.2927,none,Normal
CUST02173,12.46,0.872,0.07,10.483,14.394,12.543,0.0,0.9767,1.0257,0,0.0543,0.4222,1.1552,none,Normal
CUST02174,10.511,1.389,0.1322,6.87,14.289,10.44,0.0,1.1283,0.9827,0,0.079,0.3444,1.3595,none,Normal
CUST02175,10.153,2.637,0.2597,5.341,15.067,10.19,0.0,0.6414,1.0386,0,0.2418,0.0944,1.484,none,Normal
CUST02176,7.182,4.509,0.6278,0.211,16.211,7.137,0.0,1.586,0.1458,34,0.2633,0.0722,2.2571,periodic_bypass,Theft
CUST02177,7.267,2.39,0.3289,1.166,13.386,7.252,0.0,1.043,0.618,11,0.1107,0.0889,1.8421,none,Normal
CUST02178,21.098,2.011,0.0953,15.765,25.933,21.176,0.0,0.9218,0.9909,0,0.0623,0.3667,1.2292,none,Normal
CUST02179,5.784,2.066,0.3571,0.511,11.262,5.854,0.0,0.6372,1.3972,8,0.2483,0.1056,1.9471,none,Normal
CUST02180,18.721,1.961,0.1048,13.201,22.52,19.048,0.0,1.1374,0.9561,0,0.09,0.3444,1.2029,none,Normal
CUST02181,23.295,2.828,0.1214,15.717,30.269,23.32,0.0,1.0661,0.9804,0,0.0505,0.3278,1.2994,none,Normal
CUST02182,6.616,1.535,0.232,3.827,9.905,6.546,0.0,1.4832,1.079,0,0.216,0.1278,1.4973,none,Normal
CUST02183,21.997,1.485,0.0675,18.245,26.26,21.883,0.0,1.01,0.9821,0,0.036,0.5278,1.1938,none,Normal
CUST02184,5.167,1.109,0.2146,2.02,8.013,5.209,0.0,0.9661,0.8912,3,0.13,0.1778,1.5508,none,Normal
CUST02185,24.117,2.029,0.0841,19.085,29.442,24.087,0.0,1.0942,1.0212,0,0.057,0.4778,1.2208,none,Normal
CUST02186,11.725,2.619,0.2234,5.996,18.7,11.668,0.0,1.1599,1.0332,7,0.123,0.1944,1.5949,none,Normal
CUST02187,8.875,1.599,0.1802,4.632,13.366,8.985,0.0,0.9443,1.0853,2,0.068,0.1833,1.5059,none,Normal
CUST02188,6.219,1.77,0.2846,2.729,11.574,5.952,0.0,0.683,0.8504,2,0.2103,0.1333,1.8611,gradual_underreport,Theft
CUST02189,15.458,2.217,0.1434,10.596,21.089,15.234,0.0,1.1318,0.9107,0,0.0793,0.2667,1.3642,none,Normal
CUST02190,6.046,1.931,0.3195,0.0,11.041,5.967,0.0056,1.0228,1.0205,24,0.126,0.1278,1.8262,none,Normal
CUST02191,4.125,2.776,0.673,0.0,10.036,4.034,0.0778,0.2828,0.8223,19,0.5976,0.05,2.4328,none,Normal
CUST02192,25.789,2.071,0.0803,20.288,31.324,25.719,0.0,1.0567,1.0757,0,0.0425,0.45,1.2146,none,Normal
CUST02193,22.33,3.378,0.1513,11.874,31.01,22.404,0.0,1.1657,0.8987,0,0.1,0.2167,1.3887,none,Normal
CUST02194,8.955,2.218,0.2477,4.943,15.044,8.635,0.0,1.2845,0.7953,1,0.1619,0.2,1.6799,none,Normal
CUST02195,22.316,1.389,0.0622,19.347,25.374,22.354,0.0,0.9836,1.1052,0,0.0167,0.4611,1.1371,none,Normal
CUST02196,7.724,2.76,0.3574,1.83,14.737,7.717,0.0,0.5771,0.8197,5,0.2928,0.0889,1.908,gradual_underreport,Theft
CUST02197,9.071,2.268,0.25,3.099,13.712,9.368,0.0,1.4588,0.999,0,0.2208,0.1222,1.5116,none,Normal
CUST02198,23.08,3.73,0.1616,14.207,30.899,23.525,0.0,0.7684,1.0384,0,0.1446,0.1611,1.3388,none,Normal
CUST02199,6.3,0.336,0.0533,5.176,6.507,6.507,0.0,1.0641,1.0338,0,0.0371,0.7556,1.033,flattened_cap,Theft
CUST02200,2.976,2.021,0.6791,0.0,7.95,2.939,0.1278,0.7379,1.7929,47,0.3118,0.0333,2.6711,none,Normal
CUST02201,1.651,1.532,0.9279,0.0,7.928,1.31,0.2111,1.0275,2.9982,52,0.4054,0.0722,4.8015,gradual_underreport,Theft
CUST02202,9.192,2.55,0.2774,3.57,12.984,9.96,0.0,0.6374,1.1381,0,0.2486,0.0833,1.4125,gradual_underreport,Theft
CUST02203,14.102,2.3,0.1631,8.33,22.898,14.193,0.0,0.8407,1.027,0,0.1119,0.2111,1.6238,none,Normal
CUST02204,20.555,5.138,0.25,0.011,24.85,21.724,0.0333,1.0475,0.9692,2,0.2143,0.5056,1.209,zero_stretches,Theft
CUST02205,16.772,1.663,0.0991,12.029,21.625,16.717,0.0,0.9367,1.0075,0,0.0641,0.4222,1.2893,none,Normal
CUST02206,22.059,1.388,0.0629,18.566,25.361,22.019,0.0,1.0197,1.0515,0,0.0327,0.5556,1.1497,none,Normal
CUST02207,19.78,3.505,0.1772,10.857,27.517,19.952,0.0,1.2143,0.9366,0,0.124,0.1889,1.3911,none,Normal
CUST02208,2.839,2.78,0.9791,0.0,10.698,2.041,0.2667,0.1871,0.6481,35,0.7874,0.0389,3.7681,none,Normal
CUST02209,8.209,2.584,0.3147,4.417,17.506,7.666,0.0,0.6412,0.929,1,0.2689,0.1222,2.1325,gradual_underreport,Theft
CUST02210,13.889,3.422,0.2464,6.638,20.47,14.162,0.0,0.6561,0.9428,0,0.2246,0.1111,1.4738,none,Normal
CUST02211,9.883,6.132,0.6204,2.756,19.59,12.831,0.0,0.2668,1.0577,3,0.59,0.2944,1.9822,sudden_drop,Theft
CUST02212,19.256,1.156,0.06,16.55,22.063,19.298,0.0,0.9902,0.9606,0,0.0132,0.5111,1.1457,none,Normal
CUST02213,8.085,2.417,0.2989,3.322,12.567,8.135,0.0,0.7947,1.2912,1,0.13,0.1333,1.5543,none,Normal
CUST02214,5.431,1.752,0.3227,0.736,9.409,5.407,0.0,0.8076,1.5214,3,0.1333,0.1056,1.7325,gradual_underreport,Theft
CUST02215,14.259,3.62,0.2539,8.53,23.165,13.7,0.0,0.6611,0.9477,0,0.2407,0.1333,1.6245,gradual_underreport,Theft
CUST02216,7.378,2.739,0.3712,0.0,13.057,7.698,0.0111,0.6487,1.0128,13,0.2489,0.0778,1.7697,none,Normal
CUST02217,15.081,6.169,0.4091,0.011,22.92,16.689,0.0889,0.7527,0.8099,5,0.3105,0.1778,1.5198,zero_stretches,Theft
CUST02218,9.813,2.436,0.2483,3.767,17.132,9.771,0.0,1.1798,1.1269,0,0.1663,0.1556,1.7459,none,Normal
CUST02219,1.428,1.819,1.2734,0.0,7.577,0.695,0.4167,0.8156,3.7015,51,0.7024,0.4111,5.3055,none,Normal
CUST02220,17.817,3.187,0.1788,10.398,25.016,17.712,0.0,0.7403,0.9758,0,0.162,0.1722,1.404,none,Normal
CUST02221,9.595,2.318,0.2416,4.173,15.207,9.602,0.0,0.8342,1.2717,1,0.1396,0.1389,1.5849,gradual_underreport,Theft
CUST02222,17.145,7.263,0.4236,4.57,27.908,20.02,0.0,0.9355,0.2818,25,0.0469,0.1167,1.6278,periodic_bypass,Theft
CUST02223,23.164,1.806,0.078,17.304,28.308,23.324,0.0,1.1079,0.971,0,0.0593,0.4778,1.2221,none,Normal
CUST02224,3.67,2.926,0.7972,0.0,11.552,3.488,0.1667,3.372,0.8147,35,0.6157,0.0556,3.1475,none,Normal
CUST02225,2.176,1.75,0.8039,0.0,7.562,1.91,0.15,1.5147,1.8955,30,0.5997,0.0556,3.4746,none,Normal
CUST02226,25.778,2.723,0.1056,19.563,32.172,26.119,0.0,1.1863,0.9904,0,0.096,0.25,1.248,none,Normal
CUST02227,10.396,2.938,0.2826,2.988,18.274,10.37,0.0,0.7412,0.7969,8,0.1679,0.1056,1.7577,none,Normal
CUST02228,2.982,2.351,0.7885,0.0,10.175,2.804,0.1889,1.4667,0.5395,41,0.4239,0.0333,3.4126,none,Normal
CUST02229,2.038,0.928,0.4551,0.0,2.645,2.645,0.1056,1.0015,0.9485,22,0.1894,0.6278,1.2974,flattened_cap,Theft
CUST02230,15.402,2.047,0.1329,10.867,19.856,15.332,0.0,0.9455,0.8421,0,0.0505,0.2556,1.2891,none,Normal
CUST02231,16.447,1.951,0.1186,10.481,21.187,16.352,0.0,1.1238,0.9559,0,0.0772,0.3167,1.2882,none,Normal
CUST02232,17.165,1.357,0.079,14.053,21.546,17.123,0.0,0.9932,1.0362,0,0.0319,0.4667,1.2552,none,Normal
CUST02233,24.288,2.663,0.1097,17.427,29.627,24.395,0.0,1.1688,1.0074,0,0.0907,0.3,1.2198,none,Normal
CUST02234,8.777,4.326,0.4929,3.568,16.97,7.26,0.0,0.3555,0.9999,1,0.4742,0.3389,1.9336,sudden_drop,Theft
CUST02235,4.817,1.208,0.2508,2.162,7.647,4.827,0.0,0.8705,0.8446,4,0.0996,0.1056,1.5876,none,Normal
CUST02236,17.394,2.158,0.1241,12.501,22.459,17.463,0.0,0.9881,1.2008,0,0.0232,0.2333,1.2912,none,Normal
CUST02237,22.978,2.379,0.1036,16.711,28.621,23.112,0.0,1.0688,0.9332,0,0.068,0.3722,1.2456,none,Normal
CUST02238,19.61,2.371,0.1209,12.783,24.617,19.68,0.0,1.0353,1.0556,0,0.0522,0.2889,1.2553,none,Normal
CUST02239,9.547,4.18,0.4378,2.605,16.231,10.796,0.0,1.1914,0.276,24,0.13,0.1944,1.7002,periodic_bypass,Theft
CUST02240,3.214,0.85,0.2645,1.375,6.337,3.155,0.0,0.8716,0.9964,5,0.1997,0.1778,1.9718,gradual_underreport,Theft
CUST02241,5.106,3.15,0.6169,1.445,13.485,3.742,0.0,0.5676,1.3608,11,0.5305,0.1611,2.641,sudden_drop,Theft
CUST02242,23.389,2.176,0.093,19.304,27.78,23.277,0.0,1.0749,1.1101,0,0.0389,0.3722,1.1877,none,Normal
CUST02243,24.354,0.985,0.0405,21.977,26.998,24.385,0.0,1.0116,0.9994,0,0.0275,0.7778,1.1086,none,Normal
CUST02244,20.351,2.226,0.1094,14.568,24.602,20.289,0.0,0.9999,0.8717,0,0.0537,0.3111,1.2089,none,Normal
CUST02245,17.745,2.069,0.1166,12.739,22.125,17.721,0.0,0.9507,0.857,0,0.0409,0.2944,1.2468,none,Normal
CUST02246,13.134,2.752,0.2095,7.315,22.465,12.926,0.0,0.7415,0.9708,1,0.1777,0.1611,1.7105,none,Normal
CUST02247,22.474,2.901,0.1291,13.101,29.155,22.296,0.0,1.1641,0.905,0,0.0928,0.3333,1.2972,none,Normal
CUST02248,8.748,2.884,0.3297,3.174,15.493,8.6,0.0,0.6129,1.3532,0,0.2672,0.1167,1.7711,none,Normal
CUST02249,3.58,0.933,0.2607,1.257,6.057,3.571,0.0,1.0971,1.142,5,0.1381,0.1444,1.6919,none,Normal
CUST02250,7.571,3.6,0.4755,0.031,15.51,8.118,0.0667,1.0935,0.9556,17,0.3138,0.0611,2.0486,zero_stretches,Theft
CUST02251,15.165,1.541,0.1016,10.742,18.918,15.284,0.0,0.92,1.0418,0,0.0522,0.3333,1.2475,none,Normal
CUST02252,4.55,2.941,0.6464,0.974,12.478,3.751,0.0,0.4472,0.6014,11,0.5253,0.1389,2.7422,sudden_drop,Theft
CUST02253,23.696,2.005,0.0846,18.186,29.171,23.843,0.0,1.0168,0.9309,0,0.0262,0.3722,1.231,none,Normal
CUST02254,16.707,2.396,0.1434,10.754,21.557,16.8,0.0,0.9036,1.1929,0,0.0719,0.2278,1.2903,none,Normal
CUST02255,27.274,2.719,0.0997,20.15,32.273,27.588,0.0,0.8757,0.9217,0,0.0811,0.35,1.1833,none,Normal
CUST02256,20.626,2.277,0.1104,15.571,26.968,20.468,0.0,1.1036,0.9666,0,0.0634,0.35,1.3075,none,Normal
CUST02257,6.186,2.044,0.3304,2.319,10.293,5.995,0.0,1.1209,1.177,5,0.0752,0.1,1.664,none,Normal
CUST02258,11.064,1.48,0.1338,7.115,15.548,11.017,0.0,0.9803,1.0225,0,0.0458,0.2722,1.4054,none,Normal
CUST02259,22.24,2.319,0.1043,16.806,28.82,22.374,0.0,1.1456,0.9622,0,0.0836,0.2833,1.2959,none,Normal
CUST02260,14.064,1.15,0.0818,11.28,16.491,14.169,0.0,0.9567,0.9909,0,0.0695,0.3833,1.1725,none,Normal
CUST02261,6.238,3.448,0.5528,0.0,14.358,6.0,0.0167,2.4192,0.7892,7,0.4901,0.0722,2.3019,none,Normal
CUST02262,12.799,2.89,0.2258,6.293,19.898,12.754,0.0,0.6996,1.001,0,0.1906,0.1222,1.5547,none,Normal
CUST02263,19.153,1.227,0.064,15.929,22.112,19.254,0.0,1.0071,0.9418,0,0.024,0.4889,1.1545,none,Normal
CUST02264,18.978,3.236,0.1705,12.22,25.025,19.803,0.0,0.755,1.0138,0,0.1522,0.1444,1.3186,none,Normal
CUST02265,20.06,0.945,0.0471,17.736,22.128,20.146,0.0,0.9554,0.9662,0,0.0355,0.65,1.1031,none,Normal
CUST02266,15.373,2.749,0.1788,8.684,22.509,15.194,0.0,1.0372,0.8248,2,0.0478,0.2278,1.4642,none,Normal
CUST02267,5.727,1.513,0.2642,2.178,8.891,5.706,0.0,0.7269,1.0495,0,0.1776,0.1611,1.5526,none,Normal
CUST02268,11.985,1.662,0.1387,7.457,15.768,12.183,0.0,1.0825,0.9347,0,0.0986,0.2167,1.3157,none,Normal
CUST02269,25.241,1.908,0.0756,21.168,30.194,25.077,0.0,1.0152,1.1177,0,0.0258,0.4333,1.1962,none,Normal
CUST02270,23.194,3.142,0.1355,17.172,30.689,22.653,0.0,0.8291,1.0448,0,0.1131,0.2944,1.3232,none,Normal
CUST02271,3.433,2.052,0.5978,0.0,10.934,3.333,0.0778,0.7734,1.7572,48,0.2131,0.0667,3.1849,none,Normal
CUST02272,11.315,4.116,0.3638,0.021,15.847,12.474,0.1,0.8238,1.076,6,0.2409,0.3278,1.4006,zero_stretches,Theft
CUST02273,16.266,2.434,0.1496,11.175,22.409,15.852,0.0,1.2198,0.9433,0,0.1152,0.2556,1.3776,none,Normal
CUST02274,19.731,1.544,0.0783,15.571,23.153,19.856,0.0,1.0004,0.9586,0,0.0548,0.4167,1.1734,none,Normal
CUST02275,18.442,2.539,0.1377,9.84,24.451,18.441,0.0,1.1102,0.9516,0,0.0969,0.2722,1.3259,none,Normal
CUST02276,10.079,3.125,0.31,3.523,16.628,9.919,0.0,0.6614,0.674,0,0.2252,0.1222,1.6498,none,Normal
CUST02277,21.947,2.261,0.103,17.439,27.391,22.101,0.0,0.931,1.0365,0,0.043,0.2722,1.248,none,Normal
CUST02278,22.371,2.009,0.0898,18.607,27.056,22.4,0.0,0.9751,1.1517,0,0.0184,0.3389,1.2094,none,Normal
CUST02279,6.571,2.307,0.3511,2.715,11.572,6.319,0.0,0.6029,0.7554,5,0.2751,0.0778,1.7611,gradual_underreport,Theft
CUST02280,18.552,3.389,0.1827,10.348,25.781,19.06,0.0,1.2848,1.1246,0,0.1461,0.2056,1.3897,none,Normal
CUST02281,5.605,1.473,0.2628,0.717,10.001,5.571,0.0,0.9639,0.8995,11,0.1433,0.1278,1.7844,none,Normal
CUST02282,5.208,3.121,0.5992,0.44,12.896,4.568,0.0,0.3563,0.9033,1,0.5372,0.0889,2.4765,gradual_underreport,Theft
CUST02283,11.843,1.175,0.0992,7.92,14.787,11.733,0.0,0.9901,1.1086,0,0.031,0.4111,1.2486,none,Normal
CUST02284,20.988,2.472,0.1178,15.345,26.9,21.126,0.0,1.038,1.0841,0,0.0666,0.2944,1.2817,none,Normal
CUST02285,8.58,2.468,0.2877,3.504,14.511,8.448,0.0,0.9292,1.0562,10,0.0847,0.1111,1.6912,none,Normal
CUST02286,23.252,2.158,0.0928,17.44,27.283,23.405,0.0,1.1008,0.9606,0,0.0754,0.3778,1.1734,none,Normal
CUST02287,6.497,3.919,0.6032,1.617,17.0,4.506,0.0,0.4368,1.1828,7,0.5473,0.2,2.6165,sudden_drop,Theft
CUST02288,17.98,3.028,0.1684,11.198,24.394,18.024,0.0,1.2571,0.9766,0,0.1349,0.2167,1.3567,none,Normal
CUST02289,10.634,2.287,0.2151,3.28,15.588,11.022,0.0,0.8156,1.1109,0,0.1506,0.1444,1.4659,none,Normal
CUST02290,6.498,2.527,0.3889,0.169,11.991,6.642,0.0,0.7152,1.0347,22,0.2364,0.0778,1.8452,none,Normal
CUST02291,9.873,2.963,0.3001,0.0,15.415,10.091,0.0056,1.3226,1.1246,6,0.2311,0.1222,1.5613,none,Normal
CUST02292,9.726,2.487,0.2557,3.377,16.093,9.646,0.0,1.1406,0.8222,4,0.1052,0.1111,1.6547,none,Normal
CUST02293,21.859,3.364,0.1539,16.126,28.536,21.501,0.0,0.7662,1.0508,0,0.1476,0.2278,1.3054,none,Normal
CUST02294,16.123,3.376,0.2094,8.486,22.947,16.386,0.0,1.3974,1.0206,0,0.1868,0.15,1.4233,none,Normal
CUST02295,13.952,3.513,0.2518,7.994,23.431,13.139,0.0,0.6587,0.9715,0,0.2297,0.1667,1.6793,none,Normal
CUST02296,3.872,2.306,0.5957,1.069,9.67,2.754,0.0,0.3692,0.6227,5,0.5175,0.1333,2.4977,sudden_drop,Theft
CUST02297,8.682,3.491,0.4021,0.203,18.459,8.458,0.0,0.5751,0.6914,10,0.3034,0.0944,2.1261,none,Normal
CUST02298,8.066,2.457,0.3046,4.252,15.5,7.519,0.0,0.7146,1.1516,6,0.2008,0.1889,1.9215,gradual_underreport,Theft
CUST02299,8.102,1.8,0.2222,4.067,11.367,8.081,0.0,1.0766,0.8338,0,0.0967,0.1389,1.403,none,Normal
CUST02300,3.176,1.328,0.4182,0.509,6.391,3.151,0.0,0.9182,0.7486,31,0.1631,0.1056,2.0123,none,Normal
CUST02301,26.557,2.105,0.0793,21.209,29.717,27.033,0.0,1.1081,1.0606,0,0.072,0.4611,1.119,none,Normal
CUST02302,18.516,2.429,0.1312,11.003,23.538,18.533,0.0,1.0367,1.0339,0,0.0792,0.3,1.2712,none,Normal
CUST02303,2.962,1.822,0.6149,0.0,8.054,2.801,0.0667,1.0489,1.129,47,0.2413,0.0667,2.7189,none,Normal
CUST02304,13.931,2.555,0.1834,7.771,18.727,13.765,0.0,1.2023,0.8098,0,0.1106,0.2278,1.3442,none,Normal
CUST02305,14.736,2.286,0.1551,8.95,21.421,14.815,0.0,1.0702,0.9885,0,0.1022,0.2722,1.4537,none,Normal
CUST02306,15.807,2.466,0.156,8.437,20.974,15.83,0.0,1.1039,1.0474,0,0.0631,0.2722,1.3269,none,Normal
CUST02307,7.947,2.847,0.3583,0.458,13.17,8.392,0.0,1.5026,0.9556,2,0.2672,0.1,1.6573,none,Normal
CUST02308,4.193,2.188,0.5219,0.0,10.492,4.072,0.0333,1.95,1.4241,30,0.3862,0.0833,2.5025,none,Normal
CUST02309,9.963,2.996,0.3007,1.678,19.002,9.895,0.0,1.1213,1.1104,12,0.1235,0.1111,1.9072,none,Normal
CUST02310,7.305,3.886,0.532,0.0,16.626,7.432,0.0111,0.4632,1.3726,19,0.4014,0.0833,2.276,none,Normal
CUST02311,5.664,2.913,0.5143,0.0,12.07,5.937,0.0389,2.0932,0.873,19,0.4236,0.0667,2.1309,none,Normal
CUST02312,10.697,5.214,0.4874,1.904,18.983,12.392,0.0,0.8893,0.2222,26,0.0898,0.0667,1.7747,periodic_bypass,Theft
CUST02313,15.222,1.91,0.1255,10.597,19.905,15.181,0.0,1.0527,1.0416,0,0.0452,0.3056,1.3076,none,Normal
CUST02314,14.52,2.91,0.2004,8.15,22.219,14.568,0.0,1.1047,0.8006,0,0.1135,0.1556,1.5302,none,Normal
CUST02315,15.409,3.046,0.1977,8.37,20.653,16.002,0.0,1.3818,0.9629,0,0.1875,0.15,1.3403,none,Normal
CUST02316,15.308,8.269,0.5402,1.85,23.077,19.634,0.0,1.0114,0.1013,25,0.04,0.2833,1.5075,periodic_bypass,Theft
CUST02317,2.938,2.325,0.7912,0.0,9.176,2.953,0.2056,0.4473,2.387,51,0.4487,0.0278,3.1226,none,Normal
CUST02318,10.163,2.434,0.2395,4.732,17.772,9.998,0.0,0.8731,0.9348,5,0.1164,0.1722,1.7487,none,Normal
CUST02319,6.613,3.974,0.6009,0.001,16.029,6.727,0.1222,0.6251,0.7194,22,0.3744,0.05,2.4238,zero_stretches,Theft
CUST02320,15.685,1.597,0.1018,10.925,19.5,15.591,0.0,0.8911,1.049,0,0.0633,0.3611,1.2432,none,Normal
CUST02321,22.038,2.503,0.1136,18.021,27.707,21.624,0.0,1.2183,0.9969,0,0.1074,0.2833,1.2573,none,Normal
CUST02322,16.255,7.008,0.4311,5.721,30.868,15.281,0.0,0.4572,1.0007,0,0.4117,0.0722,1.8989,gradual_underreport,Theft
CUST02323,13.206,8.1,0.6133,6.784,28.667,8.257,0.0,0.422,0.9345,1,0.597,0.5,2.1707,sudden_drop,Theft
CUST02324,21.351,2.983,0.1397,15.542,28.69,21.231,0.0,0.7988,0.998,0,0.1284,0.2333,1.3437,none,Normal
CUST02325,1.922,1.923,1.0008,0.0,7.281,1.472,0.3333,0.8654,0.1886,56,0.4042,0.0278,3.7889,none,Normal
CUST02326,23.262,1.632,0.0702,18.838,27.719,23.219,0.0,0.9323,1.0151,0,0.0455,0.5389,1.1916,none,Normal
CUST02327,3.424,2.358,0.6886,0.0,10.678,3.393,0.0944,0.7552,0.4519,51,0.3372,0.0556,3.1184,none,Normal
CUST02328,5.845,1.464,0.2504,3.0,8.784,5.744,0.0,1.044,1.3997,0,0.0458,0.1111,1.5028,none,Normal
CUST02329,7.854,1.824,0.2322,3.98,13.765,7.907,0.0,0.8065,1.0099,6,0.1364,0.1833,1.7526,none,Normal
CUST02330,11.567,2.329,0.2013,7.473,17.406,11.613,0.0,1.2783,0.785,0,0.1447,0.1222,1.5047,none,Normal
CUST02331,16.603,2.641,0.159,11.341,23.491,16.561,0.0,0.9392,1.204,0,0.0562,0.2278,1.4148,none,Normal
CUST02332,12.05,1.764,0.1464,6.897,16.915,12.075,0.0,1.0928,0.9906,0,0.0621,0.2444,1.4038,none,Normal
CUST02333,8.446,1.93,0.2285,3.829,12.625,8.481,0.0,1.4439,0.9426,0,0.2003,0.1278,1.4948,none,Normal
CUST02334,5.673,2.183,0.3848,0.614,10.892,5.848,0.0,0.9257,0.6789,25,0.197,0.0722,1.92,none,Normal
CUST02335,21.468,3.415,0.1591,13.766,27.605,21.78,0.0,1.2743,0.9927,0,0.1381,0.2111,1.2858,none,Normal
CUST02336,12.986,2.328,0.1793,8.562,18.37,13.275,0.0,1.1407,1.2216,0,0.0869,0.1667,1.4146,none,Normal
CUST02337,11.321,2.358,0.2083,5.366,15.57,11.453,0.0,0.7689,1.0544,0,0.1481,0.1778,1.3754,none,Normal
CUST02338,15.978,1.991,0.1246,11.916,19.873,16.005,0.0,0.915,0.8374,0,0.0494,0.2444,1.2437,none,Normal
CUST02339,18.042,3.176,0.1761,13.53,24.657,16.976,0.0,1.3578,0.9825,0,0.1684,0.2556,1.3667,none,Normal
CUST02340,16.152,0.917,0.0568,11.96,16.665,16.665,0.0,0.9959,1.0408,0,0.0238,0.7611,1.0318,flattened_cap,Theft
CUST02341,15.263,2.312,0.1515,9.37,19.775,15.355,0.0,0.8783,1.0039,0,0.0743,0.2167,1.2956,none,Normal
CUST02342,18.411,1.164,0.0632,15.471,22.306,18.447,0.0,1.0028,1.0288,0,0.0239,0.5611,1.2116,none,Normal
CUST02343,22.48,2.065,0.0919,16.76,28.508,22.383,0.0,0.9801,1.086,0,0.0392,0.4278,1.2681,none,Normal
CUST02344,13.831,1.634,0.1181,9.643,17.68,13.742,0.0,1.0811,1.0919,0,0.0526,0.3056,1.2783,none,Normal
CUST02345,11.25,0.921,0.0818,8.786,13.719,11.222,0.0,1.0421,1.0553,0,0.0335,0.4778,1.2196,none,Normal
CUST02346,6.924,1.391,0.2009,3.333,10.041,6.861,0.0,1.1597,0.9104,1,0.0935,0.2167,1.4501,none,Normal
CUST02347,6.765,2.207,0.3262,1.238,12.005,6.858,0.0,0.7658,0.9721,17,0.1601,0.1333,1.7746,none,Normal
CUST02348,5.52,2.769,0.5016,0.0,12.429,5.34,0.0167,1.2113,0.4848,32,0.2138,0.0667,2.2518,none,Normal
CUST02349,10.883,0.594,0.0546,9.389,12.338,10.829,0.0,0.9333,1.0221,0,0.0437,0.5944,1.1337,none,Normal
CUST02350,16.006,2.234,0.1396,11.296,20.231,16.17,0.0,0.9589,1.1146,0,0.0264,0.1889,1.2639,none,Normal
CUST02351,6.643,1.98,0.2981,2.573,10.983,6.644,0.0,1.08,0.5935,3,0.1193,0.1222,1.6533,none,Normal
CUST02352,11.274,2.17,0.1925,6.515,16.188,11.048,0.0,1.2351,0.7939,0,0.1186,0.2,1.4359,none,Normal
CUST02353,12.072,2.789,0.231,5.551,18.527,12.486,0.0,1.3509,1.0591,3,0.1865,0.1278,1.5347,none,Normal
CUST02354,4.098,3.542,0.8644,0.0,12.926,3.377,0.2056,4.0814,0.6013,33,0.7116,0.0833,3.1547,none,Normal
CUST02355,2.589,2.37,0.9155,0.0,9.176,2.134,0.2056,0.7795,2.3838,48,0.4407,0.0222,3.5449,none,Normal
CUST02356,5.786,2.358,0.4074,0.655,10.674,5.761,0.0,1.2943,0.5441,15,0.165,0.0944,1.8446,none,Normal
CUST02357,9.374,2.428,0.259,2.342,15.983,9.438,0.0,1.1476,0.9889,9,0.1874,0.1278,1.705,none,Normal
CUST02358,24.582,1.423,0.0579,20.968,28.205,24.518,0.0,0.9885,0.9372,0,0.0191,0.5667,1.1474,none,Normal
CUST02359,12.454,0.793,0.0637,9.516,12.943,12.943,0.0,1.017,1.0072,0,0.0177,0.7111,1.0393,flattened_cap,Theft
CUST02360,2.642,2.014,0.762,0.0,8.554,2.317,0.0889,0.4333,1.3912,38,0.4808,0.0611,3.237,gradual_underreport,Theft
CUST02361,20.254,2.087,0.103,13.808,26.229,20.239,0.0,0.999,0.9747,0,0.0707,0.3778,1.295,none,Normal
CUST02362,16.907,2.216,0.1311,10.731,22.581,16.974,0.0,0.8869,0.8808,0,0.0727,0.2278,1.3357,none,Normal
CUST02363,4.236,1.789,0.4224,0.909,7.846,4.343,0.0,2.075,0.9457,0,0.3948,0.0778,1.8521,none,Normal
CUST02364,17.849,2.729,0.1529,10.179,26.315,17.966,0.0,0.8925,1.1804,0,0.0709,0.2056,1.4743,none,Normal
CUST02365,11.601,4.686,0.404,4.635,23.535,11.017,0.0,0.4898,1.1193,0,0.3845,0.0833,2.0287,gradual_underreport,Theft
CUST02366,5.575,1.696,0.3041,1.12,9.515,5.635,0.0,0.9,0.684,13,0.0824,0.0778,1.7067,none,Normal
CUST02367,19.488,1.818,0.0933,15.741,23.055,19.673,0.0,1.0276,1.1571,0,0.023,0.3056,1.183,none,Normal
CUST02368,13.814,1.751,0.1267,9.207,17.566,13.695,0.0,1.0624,0.8481,0,0.0761,0.3222,1.2716,none,Normal
CUST02369,3.617,2.653,0.7336,0.0,10.303,3.321,0.1444,2.3295,0.5849,38,0.4711,0.0556,2.8485,none,Normal
CUST02370,5.126,2.443,0.4765,0.0,12.018,5.006,0.0111,0.5876,1.1978,13,0.3726,0.1167,2.3444,none,Normal
CUST02371,21.215,3.041,0.1433,14.443,28.472,21.481,0.0,1.0373,0.8486,1,0.0661,0.2111,1.3421,none,Normal
CUST02372,5.963,3.505,0.5877,0.0,13.461,6.107,0.0611,0.3821,0.8349,18,0.4902,0.0611,2.2572,none,Normal
CUST02373,4.323,3.085,0.7135,0.0,10.549,4.528,0.1167,0.245,0.6475,1,0.6474,0.0278,2.44,none,Normal
CUST02374,17.265,2.841,0.1646,12.711,23.428,16.667,0.0,1.3212,0.9563,0,0.1546,0.2556,1.3569,none,Normal
CUST02375,6.697,3.62,0.5406,2.252,14.854,5.333,0.0,0.3486,1.0438,12,0.4758,0.1556,2.218,sudden_drop,Theft
CUST02376,16.552,2.768,0.1673,10.468,23.013,16.456,0.0,1.0987,1.2159,0,0.0632,0.1833,1.3904,none,Normal
CUST02377,22.105,1.963,0.0888,18.405,26.288,22.013,0.0,0.9796,1.1268,0,0.0352,0.35,1.1892,none,Normal
CUST02378,3.745,1.409,0.3763,0.553,8.305,3.666,0.0,0.9552,0.8302,26,0.155,0.1278,2.2175,none,Normal
CUST02379,7.854,2.521,0.3209,0.806,14.697,7.791,0.0,1.2003,1.215,16,0.1646,0.1278,1.8713,none,Normal
CUST02380,9.363,2.085,0.2227,2.346,14.591,9.412,0.0,1.3049,0.8803,1,0.1725,0.1778,1.5584,none,Normal
CUST02381,7.072,0.83,0.1173,4.657,9.061,7.055,0.0,0.9765,1.0356,0,0.0662,0.3444,1.2813,none,Normal
CUST02382,8.238,1.758,0.2134,4.012,12.248,8.323,0.0,1.1062,0.8676,1,0.0706,0.1444,1.4868,none,Normal
CUST02383,7.929,3.121,0.3936,0.339,16.543,7.628,0.0,1.7281,1.1208,9,0.2989,0.0944,2.0864,none,Normal
CUST02384,16.498,2.225,0.1348,11.161,21.018,16.906,0.0,0.8231,1.1025,0,0.1132,0.2389,1.2739,none,Normal
CUST02385,12.218,3.253,0.2662,3.907,19.616,12.184,0.0,1.5096,0.9502,0,0.2306,0.1222,1.6056,none,Normal
CUST02386,13.148,1.003,0.0763,8.88,13.716,13.716,0.0,0.9876,0.9937,0,0.0278,0.7333,1.0432,flattened_cap,Theft
CUST02387,20.231,1.73,0.0855,16.094,24.586,20.148,0.0,0.9708,1.0903,0,0.0308,0.3833,1.2153,none,Normal
CUST02388,17.393,3.089,0.1776,11.19,23.922,16.895,0.0,1.3208,0.8909,0,0.1518,0.2222,1.3753,none,Normal
CUST02389,6.595,2.113,0.3204,1.867,10.471,6.789,0.0,0.6198,0.8379,0,0.2571,0.1222,1.5877,none,Normal
CUST02390,16.372,3.582,0.2188,7.903,22.887,16.707,0.0,0.7377,1.1731,0,0.1674,0.1444,1.3979,none,Normal
CUST02391,11.372,2.031,0.1786,7.021,16.573,11.228,0.0,1.1274,0.7982,0,0.1254,0.25,1.4574,none,Normal
CUST02392,8.736,2.625,0.3005,4.175,16.197,7.881,0.0,1.582,1.0191,0,0.2658,0.1722,1.8541,none,Normal
CUST02393,4.23,2.202,0.5205,0.0,9.031,4.13,0.0167,1.0518,0.5438,35,0.1523,0.0889,2.1348,none,Normal
CUST02394,11.778,1.19,0.101,7.803,12.484,12.484,0.0,0.9514,0.873,0,0.0459,0.7,1.0599,flattened_cap,Theft
CUST02395,11.881,1.971,0.1659,7.161,16.154,11.906,0.0,0.9374,1.1102,3,0.082,0.1778,1.3596,none,Normal
CUST02396,12.802,1.264,0.0988,9.33,16.715,12.797,0.0,0.9315,1.0259,0,0.0594,0.3389,1.3056,none,Normal
CUST02397,5.469,1.688,0.3086,1.684,10.434,5.501,0.0,1.3232,0.8995,13,0.1777,0.1222,1.9077,none,Normal
CUST02398,11.116,3.077,0.2768,2.817,17.506,11.565,0.0,1.3419,1.3004,0,0.21,0.1222,1.5749,none,Normal
CUST02399,7.668,3.123,0.4073,0.0,16.51,7.727,0.0111,0.6959,1.2937,16,0.2112,0.0889,2.1531,none,Normal
CUST02400,13.252,2.058,0.1553,8.874,17.896,13.19,0.0,1.0122,0.9267,0,0.097,0.2389,1.3504,none,Normal
CUST02401,5.586,2.351,0.4208,0.0,11.256,5.44,0.0222,1.3966,1.1197,18,0.2282,0.0889,2.0149,none,Normal
CUST02402,17.861,2.383,0.1334,11.549,24.403,17.732,0.0,0.9974,0.9624,0,0.0353,0.3056,1.3663,none,Normal
CUST02403,4.612,3.327,0.7214,0.0,12.768,4.427,0.1444,3.6517,0.8786,13,0.6378,0.0389,2.7685,none,Normal
CUST02404,20.875,1.955,0.0936,15.128,25.576,20.903,0.0,1.0673,0.944,0,0.0668,0.4278,1.2252,none,Normal
CUST02405,6.411,2.261,0.3527,2.797,12.087,5.735,0.0,0.5763,1.1884,0,0.3252,0.1722,1.8852,none,Normal
CUST02406,6.534,3.206,0.4907,0.839,13.4,6.211,0.0,0.441,1.3652,1,0.4289,0.0833,2.0509,none,Normal
CUST02407,15.091,7.738,0.5128,2.663,25.01,18.164,0.0,1.179,0.1526,26,0.0999,0.2611,1.6572,periodic_bypass,Theft
CUST02408,12.638,2.221,0.1757,7.74,18.592,12.485,0.0,1.2419,1.2118,0,0.1219,0.2444,1.4711,none,Normal
CUST02409,16.54,1.189,0.0719,12.063,18.659,16.671,0.0,0.9213,1.0193,0,0.0513,0.4889,1.1281,none,Normal
CUST02410,16.427,2.158,0.1314,11.211,22.521,16.206,0.0,0.8789,0.9544,0,0.081,0.3111,1.371,none,Normal
CUST02411,13.963,2.202,0.1577,7.206,19.629,13.814,0.0,0.8345,0.9696,1,0.1019,0.2667,1.4058,none,Normal
CUST02412,11.135,3.185,0.286,4.412,18.652,11.243,0.0,1.4781,0.9202,4,0.2235,0.1444,1.6751,none,Normal
CUST02413,19.049,6.377,0.3347,0.048,26.619,20.606,0.0333,1.067,0.9081,5,0.2335,0.2111,1.3974,zero_stretches,Theft
CUST02414,22.197,3.307,0.149,16.852,28.032,22.12,0.0,1.3013,0.9628,0,0.1446,0.1722,1.2629,none,Normal
CUST02415,6.944,1.885,0.2715,2.504,10.801,6.8,0.0,1.2732,0.9769,0,0.1341,0.1389,1.5555,none,Normal
CUST02416,17.753,2.052,0.1156,12.843,22.94,17.81,0.0,0.9071,0.9952,0,0.0657,0.2944,1.2922,none,Normal
CUST02417,18.852,3.93,0.2085,10.256,27.297,18.692,0.0,1.3522,0.9167,0,0.1816,0.1722,1.448,none,Normal
CUST02418,3.779,2.195,0.5808,0.0,9.273,3.486,0.0333,0.4094,1.5302,18,0.4743,0.0722,2.4538,none,Normal
CUST02419,3.635,1.974,0.5432,0.0,8.831,3.469,0.0556,1.0907,1.0629,23,0.3057,0.0611,2.4296,none,Normal
CUST02420,22.206,2.387,0.1075,15.232,29.098,22.509,0.0,1.0538,0.9103,0,0.066,0.3278,1.3104,none,Normal
CUST02421,16.033,3.212,0.2004,9.346,24.825,15.72,0.0,1.2501,1.2286,0,0.1404,0.2444,1.5483,none,Normal
CUST02422,21.422,2.379,0.111,17.487,27.215,21.112,0.0,0.8545,0.9977,0,0.0941,0.3444,1.2704,none,Normal
CUST02423,10.384,2.744,0.2643,3.784,17.419,10.221,0.0,1.4394,0.8645,5,0.1952,0.1556,1.6774,none,Normal
CUST02424,9.926,2.341,0.2359,4.519,15.116,10.149,0.0,0.8641,0.6748,4,0.0917,0.1389,1.5228,none,Normal
CUST02425,5.319,2.859,0.5374,1.457,12.352,4.546,0.0,0.4952,0.5967,7,0.4251,0.1444,2.3223,sudden_drop,Theft
CUST02426,12.048,3.892,0.323,1.684,21.338,11.992,0.0,0.6367,0.7483,3,0.2397,0.1056,1.771,none,Normal
CUST02427,20.047,2.871,0.1432,14.134,26.282,20.049,0.0,1.2377,1.0757,0,0.1184,0.2278,1.311,none,Normal
CUST02428,23.174,3.825,0.165,16.041,30.762,22.873,0.0,0.7612,0.9615,0,0.1498,0.2222,1.3274,none,Normal
CUST02429,24.068,1.516,0.063,20.377,29.101,24.18,0.0,1.0513,1.009,0,0.034,0.5611,1.2092,none,Normal
CUST02430,18.448,1.969,0.1067,12.771,26.208,18.566,0.0,0.9234,1.0946,0,0.0566,0.3389,1.4207,none,Normal
CUST02431,3.451,1.769,0.5126,0.0,7.832,3.477,0.0167,0.8905,1.4671,32,0.1834,0.1111,2.2692,none,Normal
CUST02432,16.121,3.755,0.2329,7.719,23.996,16.217,0.0,1.4237,1.0223,0,0.1958,0.1778,1.4885,none,Normal
CUST02433,9.18,1.804,0.1965,4.98,14.186,9.245,0.0,1.0911,0.9,0,0.066,0.1389,1.5453,none,Normal
CUST02434,6.659,1.933,0.2903,2.674,11.187,6.534,0.0,0.674,1.2268,1,0.2335,0.1056,1.6801,none,Normal
CUST02435,6.195,1.177,0.19,3.147,8.679,6.293,0.0,1.0669,0.7975,2,0.0659,0.1778,1.4011,gradual_underreport,Theft
CUST02436,8.494,2.296,0.2703,4.297,14.627,8.008,0.0,1.5174,0.8878,0,0.2352,0.1611,1.7221,none,Normal
CUST02437,14.066,3.102,0.2205,6.194,20.59,14.748,0.0,0.7286,1.1196,0,0.1824,0.1556,1.4638,none,Normal
CUST02438,5.365,1.522,0.2837,1.118,8.312,5.322,0.0,1.291,0.758,3,0.1729,0.1833,1.5493,none,Normal
CUST02439,7.71,0.844,0.1095,4.471,8.174,8.174,0.0,1.038,1.0037,0,0.042,0.7,1.0602,flattened_cap,Theft
CUST02440,11.813,1.796,0.152,6.81,14.928,12.122,0.0,1.2395,0.9913,0,0.1399,0.2222,1.2637,none,Normal
CUST02441,18.605,2.552,0.1372,11.817,23.76,18.707,0.0,0.8624,1.0631,0,0.0917,0.3167,1.2771,none,Normal
CUST02442,14.742,2.313,0.1569,8.191,19.2,14.917,0.0,0.8321,0.9526,0,0.108,0.2556,1.3024,none,Normal
CUST02443,10.639,2.148,0.2019,5.402,14.66,11.019,0.0,1.3103,0.9798,0,0.1891,0.1778,1.3779,none,Normal
CUST02444,9.841,2.483,0.2523,4.091,14.392,9.967,0.0,1.2421,1.1764,0,0.1407,0.1389,1.4624,none,Normal
CUST02445,21.251,1.705,0.0802,17.917,26.243,21.233,0.0,0.9537,1.0493,0,0.0612,0.4111,1.2349,none,Normal
CUST02446,9.375,1.712,0.1826,5.403,12.785,9.281,0.0,0.9854,1.0821,0,0.134,0.2056,1.3637,none,Normal
CUST02447,17.615,1.472,0.0836,14.306,20.747,17.598,0.0,1.0032,0.9676,0,0.0323,0.3889,1.1778,none,Normal
CUST02448,23.442,1.596,0.0681,19.615,28.207,23.231,0.0,1.006,0.983,0,0.0316,0.5056,1.2033,none,Normal
CUST02449,5.987,3.316,0.5538,0.0,13.337,6.06,0.0722,0.4729,0.954,24,0.3838,0.0833,2.2276,none,Normal
CUST02450,19.302,3.019,0.1564,12.636,27.336,19.265,0.0,0.7946,1.038,0,0.1276,0.2111,1.4162,none,Normal
CUST02451,3.378,2.158,0.6387,0.0,8.651,3.439,0.0944,0.6278,0.8302,37,0.3855,0.0444,2.5611,zero_stretches,Theft
CUST02452,9.62,2.749,0.2858,4.138,16.503,9.884,0.0,0.6322,0.9264,0,0.2475,0.0889,1.7155,gradual_underreport,Theft
CUST02453,6.115,2.296,0.3755,2.822,12.462,5.794,0.0,1.6677,0.9602,0,0.3175,0.0889,2.0379,none,Normal
CUST02454,11.292,5.463,0.4838,2.212,20.252,13.114,0.0,0.891,0.2151,29,0.0773,0.0944,1.7934,periodic_bypass,Theft
CUST02455,9.159,2.712,0.2961,4.694,16.577,8.561,0.0,0.6574,0.8111,0,0.2711,0.1444,1.81,none,Normal
CUST02456,24.619,2.512,0.102,17.608,30.184,25.105,0.0,0.8814,1.0128,0,0.0785,0.3556,1.2261,none,Normal
CUST02457,23.512,1.928,0.082,18.971,27.589,23.451,0.0,1.0567,1.0165,0,0.0398,0.45,1.1734,none,Normal
CUST02458,12.57,2.181,0.1735,7.218,17.946,12.485,0.0,1.1094,1.1259,0,0.0703,0.2056,1.4277,none,Normal
CUST02459,3.503,2.579,0.7364,0.0,11.784,3.099,0.1056,0.4694,0.965,36,0.5879,0.0444,3.3645,none,Normal
CUST02460,18.564,3.303,0.1779,10.199,26.245,18.676,0.0,1.2264,0.9676,0,0.1219,0.2167,1.4138,none,Normal
CUST02461,23.221,1.739,0.0749,18.747,27.516,23.3,0.0,1.0387,0.9724,0,0.0387,0.4778,1.185,none,Normal
CUST02462,11.801,2.034,0.1723,7.194,17.748,11.733,0.0,1.0453,1.2323,2,0.0579,0.2278,1.504,none,Normal
CUST02463,4.88,3.706,0.7595,0.0,17.0,3.708,0.0611,0.4064,0.4014,41,0.4884,0.0667,3.4839,periodic_bypass,Theft
CUST02464,11.387,3.587,0.315,5.69,17.974,11.338,0.0,0.5672,1.0578,0,0.2998,0.0833,1.5785,none,Normal
CUST02465,7.437,2.565,0.3449,1.851,14.252,7.515,0.0,1.2144,0.9836,19,0.1187,0.0944,1.9164,none,Normal
CUST02466,4.578,2.439,0.5328,0.404,10.264,4.144,0.0,0.3756,0.8666,1,0.5017,0.05,2.2421,none,Normal
CUST02467,22.47,3.38,0.1504,14.217,32.101,22.223,0.0,1.2264,1.022,0,0.1145,0.25,1.4286,none,Normal
CUST02468,22.122,1.269,0.0574,18.613,25.249,22.1,0.0,1.0241,1.0806,0,0.0231,0.55,1.1413,none,Normal
CUST02469,17.08,2.67,0.1563,9.11,23.355,16.862,0.0,0.9424,1.1704,2,0.0529,0.25,1.3674,none,Normal
CUST02470,22.007,2.645,0.1202,14.362,27.716,22.007,0.0,1.1688,1.0172,0,0.0887,0.2944,1.2594,none,Normal
CUST02471,15.174,2.181,0.1437,9.724,21.982,15.019,0.0,0.883,1.0859,0,0.088,0.2389,1.4487,none,Normal
CUST02472,13.493,2.346,0.1739,8.711,18.684,13.607,0.0,0.8745,0.7539,0,0.0766,0.1889,1.3847,none,Normal
CUST02473,13.224,2.233,0.1689,8.226,18.351,13.332,0.0,0.967,1.1083,0,0.1065,0.2333,1.3877,none,Normal
CUST02474,25.414,2.093,0.0824,18.673,30.102,25.569,0.0,1.0693,0.9787,0,0.0555,0.4667,1.1844,none,Normal
CUST02475,17.14,1.345,0.0785,13.697,19.805,17.415,0.0,0.88,0.9743,0,0.0705,0.3611,1.1555,none,Normal
CUST02476,15.134,2.725,0.1801,7.157,21.381,15.445,0.0,0.9669,1.2008,0,0.0907,0.1667,1.4128,none,Normal
CUST02477,12.732,3.497,0.2747,3.914,18.586,13.116,0.0,0.6266,0.9054,0,0.2503,0.1,1.4599,none,Normal
CUST02478,17.231,1.528,0.0887,14.577,20.683,16.947,0.0,1.1544,0.9701,0,0.0807,0.4333,1.2003,none,Normal
CUST02479,5.911,1.637,0.277,1.297,8.916,6.196,0.0,0.7545,1.0378,2,0.2209,0.1167,1.5084,none,Normal
CUST02480,23.286,3.995,0.1716,13.052,31.225,23.362,0.0,0.7978,1.0488,0,0.1267,0.2056,1.3409,none,Normal
CUST02481,10.308,1.556,0.151,6.535,14.131,10.238,0.0,1.1779,1.0638,0,0.1046,0.2556,1.3709,none,Normal
CUST02482,9.638,2.079,0.2157,5.22,14.24,9.674,0.0,1.3677,1.0002,0,0.1667,0.1556,1.4775,none,Normal
CUST02483,2.702,1.875,0.6938,0.0,7.816,2.508,0.0944,1.5772,0.7696,39,0.4516,0.05,2.8929,none,Normal
CUST02484,12.273,2.472,0.2014,6.203,19.074,12.279,0.0,1.0605,1.2423,1,0.0624,0.1778,1.5541,none,Normal
CUST02485,15.162,6.747,0.445,6.243,28.197,17.281,0.0,0.5033,0.8509,1,0.4138,0.0944,1.8597,sudden_drop,Theft
CUST02486,20.31,2.774,0.1366,12.592,26.123,20.935,0.0,0.8497,1.0311,0,0.1046,0.2278,1.2862,none,Normal
CUST02487,10.764,3.35,0.3112,3.833,17.01,11.139,0.0,0.6147,1.1242,0,0.2645,0.0667,1.5802,gradual_underreport,Theft
CUST02488,18.885,2.062,0.1092,15.92,23.208,18.267,0.0,0.8288,1.0232,0,0.107,0.4389,1.2289,none,Normal
CUST02489,22.225,2.241,0.1008,17.634,27.183,22.306,0.0,1.1263,1.1206,0,0.0667,0.3667,1.2231,none,Normal
CUST02490,5.202,1.721,0.3309,1.674,10.281,5.081,0.0,0.8788,0.6155,11,0.0892,0.1167,1.9764,gradual_underreport,Theft
CUST02491,10.925,2.121,0.1941,5.568,16.264,10.884,0.0,1.2315,0.932,1,0.1274,0.2111,1.4887,none,Normal
CUST02492,9.996,2.18,0.2181,2.424,16.075,9.906,0.0,0.9338,1.0689,8,0.1121,0.2111,1.6082,none,Normal
CUST02493,15.059,0.703,0.0467,13.179,16.746,15.091,0.0,1.0526,1.015,0,0.0334,0.7111,1.112,none,Normal
CUST02494,6.85,2.439,0.3561,0.0,13.527,6.672,0.0056,1.2091,1.3612,18,0.1455,0.1056,1.9748,none,Normal
CUST02495,13.327,1.314,0.0986,9.117,14.134,14.134,0.0,0.9419,1.0453,0,0.0513,0.6833,1.0605,flattened_cap,Theft
CUST02496,14.09,3.57,0.2533,6.969,22.184,13.96,0.0,1.5163,0.9513,0,0.2294,0.1389,1.5745,none,Normal
CUST02497,21.186,1.604,0.0757,17.527,26.051,21.055,0.0,1.0611,1.0066,0,0.0397,0.4389,1.2296,none,Normal
CUST02498,10.196,1.609,0.1578,5.52,13.464,10.103,0.0,1.135,1.0905,1,0.0796,0.2778,1.3205,none,Normal
CUST02499,12.255,2.553,0.2083,6.751,16.602,13.003,0.0,1.4081,1.053,0,0.2016,0.1222,1.3547,none,Normal
CUST02500,17.705,1.617,0.0913,14.204,22.192,17.551,0.0,1.0721,0.9344,0,0.0703,0.4167,1.2534,none,Normal
CUST02501,11.929,6.547,0.5489,5.172,23.26,7.27,0.0,0.3861,1.0077,1,0.5335,0.3389,1.9498,sudden_drop,Theft
CUST02502,4.401,2.425,0.5511,0.0,8.956,4.364,0.0611,1.85,1.857,17,0.346,0.0722,2.0351,none,Normal
CUST02503,22.061,1.498,0.0679,18.433,25.185,22.074,0.0,1.0652,0.9205,0,0.0406,0.4722,1.1416,none,Normal
CUST02504,6.558,2.189,0.3338,0.985,9.565,7.161,0.0,1.5797,1.0093,0,0.3305,0.1167,1.4585,none,Normal
CUST02505,19.148,2.263,0.1182,13.125,25.22,19.3,0.0,0.8943,0.9997,0,0.0656,0.2889,1.3171,none,Normal
CUST02506,20.685,2.532,0.1224,13.825,27.168,20.694,0.0,0.9384,1.0756,0,0.0445,0.2556,1.3134,none,Normal
CUST02507,10.692,1.909,0.1786,6.096,14.764,10.795,0.0,0.8479,0.9247,0,0.0942,0.1778,1.3808,none,Normal
CUST02508,24.232,1.516,0.0626,20.761,26.99,24.186,0.0,1.0424,0.9671,0,0.0261,0.4667,1.1138,none,Normal
CUST02509,11.393,2.18,0.1913,5.516,16.792,11.475,0.0,0.9655,0.8427,6,0.0736,0.2111,1.474,none,Normal
CUST02510,24.385,2.321,0.0952,17.338,29.398,24.261,0.0,0.9665,1.1444,0,0.0303,0.3667,1.2056,none,Normal
CUST02511,9.989,3.426,0.343,2.251,17.118,10.477,0.0,0.5728,1.1613,0,0.2925,0.0722,1.7136,none,Normal
CUST02512,12.629,1.39,0.1101,10.129,16.732,12.451,0.0,0.8927,1.0473,0,0.0958,0.3611,1.3249,none,Normal
CUST02513,26.096,2.659,0.1019,18.814,32.802,26.291,0.0,1.1403,0.974,0,0.0809,0.3333,1.257,none,Normal
CUST02514,10.006,1.781,0.178,6.449,14.537,9.746,0.0,1.2226,1.0262,0,0.1393,0.2611,1.4529,none,Normal
CUST02515,18.484,2.232,0.1208,14.037,23.938,18.414,0.0,0.9074,1.0957,0,0.0619,0.2778,1.2951,none,Normal
CUST02516,15.349,2.081,0.1356,10.566,21.451,15.221,0.0,0.8848,0.9644,0,0.0803,0.3111,1.3976,none,Normal
CUST02517,12.215,1.359,0.1112,7.634,15.222,12.218,0.0,0.9284,0.9792,0,0.0654,0.2944,1.2462,none,Normal
CUST02518,3.694,2.105,0.5697,0.881,8.319,3.358,0.0,0.4139,1.5217,13,0.4671,0.0833,2.2517,sudden_drop,Theft
CUST02519,7.903,1.688,0.2136,3.465,12.232,7.986,0.0,1.0722,1.1603,2,0.0739,0.1056,1.5478,none,Normal
CUST02520,14.06,2.298,0.1634,8.903,20.472,13.762,0.0,1.2026,1.0432,0,0.1304,0.2833,1.456,none,Normal
CUST02521,8.133,2.185,0.2687,4.525,15.041,7.742,0.0,0.6894,0.7634,0,0.2171,0.1611,1.8493,gradual_underreport,Theft
CUST02522,16.704,1.976,0.1183,12.66,21.729,16.63,0.0,1.189,0.9921,0,0.0977,0.2722,1.3008,none,Normal
CUST02523,23.945,4.081,0.1704,15.202,32.446,23.994,0.0,0.7819,0.9925,0,0.1354,0.2,1.355,none,Normal
CUST02524,8.705,1.985,0.228,2.799,12.575,8.953,0.0,0.8471,0.9726,1,0.1656,0.1444,1.4445,none,Normal
CUST02525,14.378,1.983,0.1379,10.663,19.807,14.264,0.0,1.1919,1.0325,0,0.0976,0.2444,1.3776,none,Normal
CUST02526,22.222,0.978,0.044,20.281,24.537,22.21,0.0,0.9758,1.0637,0,0.0225,0.7222,1.1042,none,Normal
CUST02527,26.608,2.649,0.0995,18.538,32.852,26.755,0.0,1.1261,1.0041,0,0.0773,0.3889,1.2347,none,Normal
CUST02528,8.314,1.143,0.1375,4.764,9.035,9.035,0.0,0.9604,0.835,1,0.0429,0.65,1.0868,flattened_cap,Theft
CUST02529,18.313,2.676,0.1461,12.131,26.157,18.418,0.0,1.0159,1.1767,0,0.0758,0.2,1.4283,none,Normal
CUST02530,20.348,2.815,0.1383,13.851,25.673,20.497,0.0,1.1887,0.8606,0,0.101,0.2556,1.2617,none,Normal
CUST02531,16.131,2.098,0.1301,11.606,20.856,16.245,0.0,1.1826,1.0003,0,0.098,0.2278,1.2929,none,Normal
CUST02532,23.651,1.556,0.0658,20.531,27.978,23.513,0.0,1.0809,0.9778,0,0.0459,0.5222,1.183,none,Normal
CUST02533,16.205,7.19,0.4437,4.25,28.439,18.168,0.0,0.7781,0.2797,25,0.1384,0.0722,1.7549,periodic_bypass,Theft
CUST02534,7.502,0.534,0.0711,6.324,9.033,7.504,0.0,1.0285,1.0308,0,0.0327,0.4778,1.204,none,Normal
CUST02535,17.69,2.752,0.1556,11.446,24.292,17.528,0.0,0.8572,1.0897,0,0.0908,0.2333,1.3732,none,Normal
CUST02536,24.465,2.493,0.1019,17.93,29.14,24.195,0.0,1.0792,1.1499,0,0.0597,0.3778,1.1911,none,Normal
CUST02537,6.147,1.458,0.2372,2.484,9.341,6.112,0.0,1.0681,1.3625,2,0.1024,0.1667,1.5197,none,Normal
CUST02538,10.757,1.179,0.1096,8.324,13.013,10.778,0.0,0.9689,1.101,0,0.0327,0.2611,1.2097,none,Normal
CUST02539,17.548,2.296,0.1308,12.209,22.916,17.67,0.0,1.0705,0.9517,0,0.0418,0.2056,1.3059,none,Normal
CUST02540,24.957,2.498,0.1001,18.93,30.712,24.985,0.0,0.9185,1.1387,0,0.0557,0.3778,1.2306,none,Normal
CUST02541,19.229,2.726,0.1418,12.067,24.305,19.312,0.0,1.1778,0.9554,0,0.1106,0.2611,1.264,none,Normal
CUST02542,21.18,1.455,0.0687,17.326,24.389,21.175,0.0,1.0235,0.9396,0,0.0391,0.5111,1.1515,none,Normal
CUST02543,16.898,0.827,0.0489,14.84,18.95,16.937,0.0,0.9616,1.019,0,0.0231,0.6333,1.1214,none,Normal
CUST02544,6.388,2.69,0.4212,0.0,12.902,6.179,0.0056,1.0434,1.3476,31,0.182,0.1056,2.0199,none,Normal
CUST02545,16.28,2.329,0.1431,10.84,22.536,16.08,0.0,0.8529,0.933,0,0.086,0.2778,1.3843,none,Normal
CUST02546,19.996,1.641,0.0821,16.416,23.552,20.134,0.0,1.0463,0.9039,0,0.0423,0.3778,1.1778,none,Normal
CUST02547,25.127,3.319,0.1321,17.947,31.686,25.564,0.0,0.8199,0.9379,0,0.1108,0.2167,1.261,none,Normal
CUST02548,16.693,2.926,0.1753,10.672,24.646,16.49,0.0,0.846,0.8138,0,0.1083,0.2333,1.4764,none,Normal
CUST02549,13.956,2.075,0.1487,8.835,18.14,13.912,0.0,0.8856,1.2169,0,0.0865,0.2611,1.2998,none,Normal
CUST02550,8.739,1.012,0.1158,4.928,9.363,9.363,0.0,1.0953,1.0434,0,0.0715,0.6667,1.0714,flattened_cap,Theft
CUST02551,0.869,0.497,0.5718,0.0,1.999,0.857,0.0667,1.7124,0.6613,17,0.4315,0.05,2.3009,sudden_drop,Theft
CUST02552,12.106,1.047,0.0865,9.42,15.579,12.093,0.0,0.9331,1.0272,0,0.0483,0.4667,1.2869,none,Normal
CUST02553,11.972,1.715,0.1433,7.655,15.689,11.894,0.0,0.9623,0.865,0,0.0571,0.25,1.3105,none,Normal
CUST02554,25.703,1.987,0.0773,21.092,30.58,25.748,0.0,0.9879,0.9995,0,0.0191,0.4111,1.1897,none,Normal
CUST02555,2.669,1.791,0.6712,0.0,7.963,2.581,0.1222,0.8583,1.3361,46,0.2115,0.0722,2.9839,gradual_underreport,Theft
CUST02556,18.883,2.604,0.1379,13.558,25.722,18.966,0.0,0.8554,1.1397,0,0.0937,0.2389,1.3622,none,Normal
CUST02557,7.696,1.868,0.2427,3.653,13.547,7.743,0.0,0.8166,1.0447,6,0.1427,0.1556,1.7603,none,Normal
CUST02558,12.916,2.404,0.1862,6.767,19.261,12.998,0.0,0.8921,1.1355,1,0.0991,0.1722,1.4912,none,Normal
CUST02559,13.711,2.698,0.1968,5.755,18.66,14.285,0.0,1.2625,1.0765,0,0.1658,0.1833,1.3609,none,Normal
CUST02560,11.942,3.03,0.2537,4.676,18.737,12.081,0.0,0.7685,0.833,0,0.1548,0.1167,1.569,none,Normal
CUST02561,12.835,2.459,0.1916,6.95,18.63,13.094,0.0,0.8051,0.9865,0,0.1483,0.2444,1.4515,none,Normal
CUST02562,5.666,2.222,0.3921,0.0,11.816,5.579,0.0056,0.7357,0.7775,24,0.2735,0.0722,2.0853,none,Normal
CUST02563,7.232,3.372,0.4663,0.0,15.354,7.242,0.0389,0.6536,1.2703,21,0.3037,0.0889,2.123,none,Normal
CUST02564,4.349,2.988,0.687,0.0,12.791,4.028,0.0167,1.637,0.2787,50,0.2814,0.0389,2.941,periodic_bypass,Theft
CUST02565,20.763,1.622,0.0781,17.374,25.696,20.389,0.0,1.1109,0.9718,0,0.0609,0.5278,1.2376,none,Normal
CUST02566,12.712,1.584,0.1246,9.148,16.494,12.618,0.0,0.8326,0.9949,0,0.1022,0.3,1.2975,none,Normal
CUST02567,20.918,1.58,0.0755,16.675,24.097,20.74,0.0,0.9315,0.9729,0,0.0404,0.4722,1.152,none,Normal
CUST02568,23.102,1.61,0.0697,18.716,26.346,23.224,0.0,1.0356,0.9732,0,0.0299,0.5,1.1404,none,Normal
CUST02569,12.902,2.589,0.2007,6.69,18.281,12.661,0.0,0.8426,0.83,1,0.1137,0.2167,1.4169,none,Normal
CUST02570,11.762,1.165,0.099,9.032,14.602,11.906,0.0,1.0305,1.0016,0,0.0585,0.4,1.2415,none,Normal
CUST02571,5.803,2.227,0.3837,0.876,9.765,5.798,0.0,0.7743,1.5862,5,0.1439,0.0611,1.6827,none,Normal
CUST02572,24.806,4.268,0.1721,13.984,33.456,24.823,0.0,0.7756,0.8814,0,0.1339,0.1833,1.3487,none,Normal
CUST02573,9.744,6.218,0.6381,2.427,20.524,7.506,0.0,0.2367,1.0569,4,0.6058,0.3056,2.1063,sudden_drop,Theft
CUST02574,19.679,2.304,0.1171,12.853,24.438,19.825,0.0,1.1376,1.0932,0,0.077,0.3111,1.2418,none,Normal
CUST02575,13.694,1.594,0.1164,9.29,17.718,13.544,0.0,0.9362,1.1603,0,0.0411,0.3333,1.2939,none,Normal
CUST02576,14.577,1.33,0.0913,11.474,17.658,14.474,0.0,0.981,1.0537,0,0.0716,0.45,1.2113,none,Normal
CUST02577,6.013,2.622,0.4361,0.372,12.187,5.769,0.0,0.7795,0.5729,19,0.1464,0.0833,2.0269,none,Normal
CUST02578,9.124,3.062,0.3356,0.68,16.632,9.249,0.0,0.7826,1.4114,10,0.1463,0.1333,1.8229,none,Normal
CUST02579,23.445,3.107,0.1325,17.867,30.411,23.128,0.0,1.2482,0.9971,0,0.1215,0.2389,1.2971,none,Normal
CUST02580,3.801,2.544,0.6692,0.0,10.715,3.617,0.1222,0.8146,0.9597,40,0.303,0.0278,2.8188,zero_stretches,Theft
CUST02581,22.107,2.096,0.0948,16.181,27.302,22.329,0.0,0.9608,0.9894,0,0.0547,0.3611,1.235,none,Normal
CUST02582,14.345,2.778,0.1936,8.61,21.941,14.332,0.0,1.2165,0.8261,1,0.1229,0.2278,1.5295,none,Normal
CUST02583,14.003,4.964,0.3545,5.467,24.744,14.107,0.0,0.5479,1.008,0,0.3279,0.1056,1.7671,gradual_underreport,Theft
CUST02584,16.466,5.474,0.3325,0.035,22.379,17.561,0.0889,1.0816,1.0518,4,0.2265,0.2944,1.3591,zero_stretches,Theft
CUST02585,5.589,2.91,0.5206,0.52,12.532,5.113,0.0,0.4675,0.9768,18,0.4649,0.0556,2.2423,none,Normal
CUST02586,9.725,2.42,0.2489,3.751,14.229,9.81,0.0,0.738,0.7394,0,0.1678,0.1667,1.4632,none,Normal
CUST02587,21.254,3.785,0.1781,13.64,29.388,21.348,0.0,0.7944,0.9219,0,0.1269,0.2111,1.3827,none,Normal
CUST02588,16.296,2.513,0.1542,9.696,24.579,16.19,0.0,0.8291,1.0216,1,0.1052,0.2556,1.5083,none,Normal
CUST02589,8.963,3.162,0.3528,2.942,14.368,9.218,0.0,1.8607,0.8753,0,0.3371,0.0722,1.6029,none,Normal
CUST02590,9.94,2.24,0.2254,3.13,15.496,10.104,0.0,0.9668,1.244,4,0.0809,0.1444,1.559,none,Normal
CUST02591,18.333,2.441,0.1331,11.884,24.097,18.113,0.0,0.9186,1.1567,0,0.058,0.2944,1.3144,none,Normal
CUST02592,15.361,2.192,0.1427,9.922,20.706,15.23,0.0,1.0485,0.8073,0,0.0363,0.2222,1.3479,none,Normal
CUST02593,6.221,1.967,0.3161,0.875,12.174,6.267,0.0,1.0205,1.1011,21,0.1254,0.1111,1.9571,none,Normal
CUST02594,6.804,2.621,0.3852,0.096,11.621,7.298,0.0056,1.666,1.1925,9,0.3296,0.0722,1.7079,none,Normal
CUST02595,5.075,3.44,0.6778,0.0,14.105,4.944,0.1167,0.3264,0.6378,26,0.5475,0.0222,2.7795,none,Normal
CUST02596,10.819,2.356,0.2178,3.442,16.521,10.853,0.0,0.8366,0.989,4,0.1271,0.1556,1.527,none,Normal
CUST02597,6.893,2.982,0.4326,2.027,14.281,6.241,0.0,2.0832,0.8046,1,0.3948,0.1056,2.0719,none,Normal
CUST02598,6.779,2.751,0.4057,0.0,14.827,6.721,0.0111,1.3363,0.6018,17,0.2363,0.1,2.187,none,Normal
CUST02599,5.188,2.014,0.3881,0.516,9.58,5.354,0.0,1.7028,1.1647,15,0.297,0.0722,1.8466,none,Normal
CUST02600,12.87,1.94,0.1507,7.768,17.25,13.09,0.0,0.9066,0.8766,0,0.0686,0.2111,1.3403,none,Normal
CUST02601,24.029,2.826,0.1176,17.765,30.76,23.992,0.0,0.8762,1.1439,0,0.0696,0.3056,1.2802,none,Normal
CUST02602,13.15,2.857,0.2173,6.825,18.15,13.084,0.0,1.2977,1.2623,0,0.1571,0.2167,1.3803,none,Normal
CUST02603,19.861,1.042,0.0525,17.393,21.681,19.946,0.0,1.0831,0.98,0,0.0461,0.5722,1.0916,none,Normal
CUST02604,1.237,1.661,1.3427,0.0,6.7,0.424,0.3778,0.1722,0.3774,41,0.8953,0.0444,5.4159,sudden_drop,Theft
CUST02605,10.48,2.433,0.2321,3.815,16.003,10.638,0.0,1.1497,1.0274,4,0.168,0.1444,1.527,none,Normal
CUST02606,23.225,3.282,0.1413,16.876,30.615,22.839,0.0,1.2541,0.9561,0,0.1251,0.2556,1.3182,none,Normal
CUST02607,15.102,1.704,0.1128,11.139,19.3,15.11,0.0,1.0181,0.9275,0,0.0495,0.3167,1.278,none,Normal
CUST02608,22.001,2.593,0.1179,17.433,28.477,21.814,0.0,0.8533,0.9093,0,0.099,0.3167,1.2944,none,Normal
CUST02609,8.632,2.049,0.2374,4.142,12.871,8.582,0.0,1.1568,1.0163,4,0.1219,0.1667,1.4912,none,Normal
CUST02610,13.194,2.448,0.1856,7.016,18.989,13.278,0.0,1.1304,1.2398,0,0.1078,0.2,1.4392,none,Normal
CUST02611,11.98,2.375,0.1982,5.994,18.904,12.126,0.0,0.8023,0.9799,2,0.1301,0.1722,1.5779,none,Normal
CUST02612,8.784,2.448,0.2787,1.289,14.757,8.822,0.0,0.9136,1.0891,13,0.0899,0.1333,1.68,none,Normal
CUST02613,21.485,2.427,0.113,15.89,27.276,21.551,0.0,0.8945,1.0539,0,0.0613,0.35,1.2695,none,Normal
CUST02614,2.06,2.588,1.2563,0.0,8.802,0.618,0.1944,0.0817,1.6761,20,1.1259,0.1556,4.2733,sudden_drop,Theft
CUST02615,23.627,2.754,0.1166,18.213,30.0,23.349,0.0,1.1788,1.0073,0,0.0947,0.2667,1.2697,none,Normal
CUST02616,7.992,2.226,0.2786,2.516,13.791,7.824,0.0,0.7263,1.2867,1,0.196,0.1111,1.7257,none,Normal
CUST02617,16.318,3.003,0.1841,9.358,21.888,16.384,0.0,1.23,0.8022,0,0.1363,0.2444,1.3413,none,Normal
CUST02618,3.79,2.556,0.6744,0.0,10.963,3.675,0.1056,1.4069,0.7593,42,0.4277,0.0778,2.8924,none,Normal
CUST02619,13.812,3.651,0.2643,5.239,21.102,14.272,0.0,1.5025,1.0394,0,0.2327,0.1389,1.5278,none,Normal
CUST02620,5.333,2.211,0.4145,0.0,9.208,5.697,0.0167,0.5626,0.8734,4,0.3247,0.0556,1.7265,none,Normal
CUST02621,5.764,1.943,0.3371,1.875,11.173,5.62,0.0,0.6396,1.3043,6,0.2418,0.1111,1.9385,gradual_underreport,Theft
CUST02622,16.628,3.498,0.2103,8.196,23.641,17.057,0.0,0.7323,0.8516,0,0.1708,0.1389,1.4218,none,Normal
CUST02623,23.485,3.043,0.1296,16.932,28.435,23.933,0.0,1.2563,0.9682,0,0.1271,0.1722,1.2107,none,Normal
CUST02624,18.93,1.851,0.0978,13.78,22.363,19.235,0.0,1.1313,0.9732,0,0.0899,0.35,1.1814,none,Normal
CUST02625,8.694,2.811,0.3233,2.397,13.325,9.161,0.0,1.6927,1.195,0,0.2962,0.0722,1.5327,none,Normal
CUST02626,16.254,2.337,0.1438,9.178,22.158,16.514,0.0,1.0532,1.1057,0,0.087,0.2833,1.3632,none,Normal
CUST02627,3.624,2.239,0.6177,0.0,9.61,3.696,0.0778,1.8623,0.755,30,0.3622,0.0444,2.6515,none,Normal
CUST02628,8.549,2.636,0.3083,1.854,13.433,8.897,0.0,0.692,0.8043,3,0.2151,0.1167,1.5713,none,Normal
CUST02629,3.814,1.415,0.371,0.166,7.206,3.726,0.0,1.1355,1.0844,16,0.1211,0.1056,1.8896,none,Normal
CUST02630,20.328,2.016,0.0992,14.155,25.215,20.31,0.0,1.0726,1.0728,0,0.0771,0.3833,1.2404,none,Normal
CUST02631,15.732,2.684,0.1706,7.896,22.001,15.451,0.0,0.9714,0.8095,2,0.0455,0.2611,1.3984,none,Normal
CUST02632,7.519,3.293,0.438,0.0,15.872,7.55,0.0056,1.615,0.74,17,0.2926,0.0944,2.1108,none,Normal
CUST02633,14.862,0.864,0.0581,12.619,16.527,14.75,0.0,1.0981,1.0214,0,0.0512,0.5444,1.112,none,Normal
CUST02634,12.396,1.701,0.1373,8.391,17.25,12.228,0.0,0.8473,1.066,0,0.0988,0.3111,1.3915,none,Normal
CUST02635,19.533,2.375,0.1216,13.924,24.279,19.662,0.0,1.1801,1.0978,0,0.0937,0.3111,1.243,none,Normal
CUST02636,16.181,2.536,0.1567,9.401,22.789,16.165,0.0,1.1063,0.7998,0,0.0626,0.2611,1.4084,none,Normal
CUST02637,5.682,3.311,0.5828,0.0,13.936,5.561,0.0833,2.2515,0.9355,26,0.4502,0.1,2.4528,none,Normal
CUST02638,13.734,2.451,0.1785,7.481,18.254,13.742,0.0,0.8962,0.8354,0,0.1085,0.2389,1.3291,none,Normal
CUST02639,9.816,3.609,0.3676,0.027,15.858,10.309,0.0667,0.9186,1.3046,5,0.2238,0.1667,1.6155,zero_stretches,Theft
CUST02640,10.099,2.723,0.2696,4.514,15.507,10.281,0.0,0.6434,1.0047,0,0.2359,0.1111,1.5356,none,Normal
CUST02641,18.786,1.483,0.079,15.404,23.723,18.753,0.0,1.0115,1.05,0,0.0443,0.4222,1.2628,none,Normal
CUST02642,14.31,4.927,0.3443,4.705,24.43,14.59,0.0,0.5599,1.021,1,0.3112,0.1,1.7073,gradual_underreport,Theft
CUST02643,23.321,1.688,0.0724,19.113,27.151,23.314,0.0,1.0826,1.074,0,0.0472,0.4444,1.1642,none,Normal
CUST02644,20.272,2.605,0.1285,12.651,26.252,20.541,0.0,1.165,1.0108,0,0.0996,0.2722,1.295,none,Normal
CUST02645,21.161,2.295,0.1084,16.581,26.878,20.592,0.0,1.1538,0.9841,0,0.0925,0.4333,1.2702,none,Normal
CUST02646,5.158,3.505,0.6795,1.037,12.193,5.458,0.0,0.3151,0.913,9,0.622,0.2333,2.3637,sudden_drop,Theft
CUST02647,10.053,2.265,0.2253,3.976,16.562,10.044,0.0,1.1881,0.8469,4,0.1437,0.2278,1.6475,none,Normal
CUST02648,16.156,1.926,0.1192,12.081,21.108,16.315,0.0,1.0249,1.049,0,0.0473,0.2667,1.3066,none,Normal
CUST02649,16.329,9.519,0.583,3.984,30.628,21.535,0.0,0.3585,0.9064,1,0.5573,0.1778,1.8757,sudden_drop,Theft
CUST02650,2.858,1.261,0.4412,0.0,6.056,2.745,0.0222,0.6846,0.8143,25,0.2868,0.1167,2.1192,none,Normal
CUST02651,10.536,2.316,0.2198,4.612,15.926,10.783,0.0,0.8641,1.2139,1,0.1042,0.1667,1.5116,none,Normal
CUST02652,23.582,2.838,0.1203,16.593,29.41,24.037,0.0,1.1083,1.0222,0,0.0718,0.2611,1.2472,none,Normal
CUST02653,4.11,3.374,0.8208,0.0,10.841,3.601,0.1667,0.1743,0.8457,10,0.764,0.0444,2.6374,none,Normal
CUST02654,25.803,2.539,0.0984,19.252,30.198,25.854,0.0,1.1414,0.9016,0,0.0785,0.3667,1.1704,none,Normal
CUST02655,7.33,2.188,0.2986,2.102,13.646,7.037,0.0,1.2369,1.0118,6,0.2228,0.1722,1.8616,none,Normal
CUST02656,13.658,2.298,0.1683,6.711,17.934,13.781,0.0,0.8352,0.97,0,0.1052,0.2056,1.3131,none,Normal
CUST02657,23.095,2.347,0.1016,16.832,28.651,23.115,0.0,1.0881,0.907,0,0.0589,0.3778,1.2406,none,Normal
CUST02658,4.95,2.829,0.5715,0.0,12.569,4.861,0.0333,1.9214,0.801,29,0.3612,0.0833,2.5394,none,Normal
CUST02659,19.739,3.859,0.1955,11.042,28.801,19.357,0.0,1.3268,0.9194,0,0.1555,0.1889,1.4591,none,Normal
CUST02660,16.984,2.796,0.1646,10.857,23.951,16.771,0.0,0.917,0.8566,0,0.0755,0.2333,1.4102,none,Normal
CUST02661,18.215,3.058,0.1679,11.625,24.861,18.584,0.0,1.306,0.9997,0,0.151,0.1667,1.3648,none,Normal
CUST02662,9.388,2.446,0.2606,4.211,16.203,9.346,0.0,0.7532,0.9027,0,0.2033,0.1111,1.7258,none,Normal
CUST02663,14.776,1.084,0.0734,11.597,15.436,15.436,0.0,0.9155,0.9943,0,0.0654,0.7111,1.0447,flattened_cap,Theft
CUST02664,2.994,2.485,0.8297,0.0,9.304,2.642,0.1833,2.0539,0.9735,47,0.4882,0.05,3.107,none,Normal
CUST02665,22.817,2.338,0.1025,17.486,27.466,22.727,0.0,1.1453,0.9052,0,0.075,0.3556,1.2037,none,Normal
CUST02666,11.229,2.001,0.1782,6.123,17.313,11.286,0.0,1.0439,1.0178,3,0.0693,0.2556,1.5419,none,Normal
CUST02667,24.745,3.808,0.1539,13.848,32.507,25.023,0.0,1.152,0.8718,0,0.1082,0.25,1.3137,none,Normal
CUST02668,21.726,1.621,0.0746,17.872,26.446,21.761,0.0,0.9831,1.062,0,0.0236,0.4778,1.2173,none,Normal
CUST02669,24.462,3.403,0.1391,18.246,31.037,24.583,0.0,1.2777,1.0216,0,0.1358,0.1889,1.2688,none,Normal
CUST02670,4.663,2.309,0.4952,0.0,12.093,4.568,0.0056,0.6166,1.0362,21,0.4173,0.0889,2.5935,none,Normal
CUST02671,16.77,3.177,0.1894,9.762,23.67,16.898,0.0,1.2621,0.8538,0,0.1303,0.15,1.4114,none,Normal
CUST02672,10.349,5.763,0.5569,1.048,20.13,12.481,0.0,0.8562,0.122,27,0.1211,0.1111,1.945,periodic_bypass,Theft
CUST02673,5.581,2.156,0.3863,0.751,11.62,5.457,0.0,0.7904,0.8051,20,0.1656,0.15,2.0822,none,Normal
CUST02674,21.393,2.52,0.1178,14.903,27.514,21.782,0.0,1.0503,0.909,0,0.0446,0.2278,1.2861,none,Normal
CUST02675,9.002,1.369,0.1521,4.796,12.653,8.905,0.0,0.9934,0.997,1,0.0851,0.2611,1.4056,none,Normal
CUST02676,9.945,2.9,0.2917,2.084,15.592,10.047,0.0,0.6704,0.9178,0,0.2345,0.1722,1.5678,none,Normal
CUST02677,17.523,5.493,0.3135,0.006,21.313,18.978,0.0444,1.1022,0.8821,5,0.173,0.6111,1.2163,zero_stretches,Theft
CUST02678,23.401,1.803,0.0771,18.792,29.099,23.42,0.0,0.9366,1.0157,0,0.0457,0.4667,1.2435,none,Normal
CUST02679,14.597,2.296,0.1573,8.783,18.844,15.035,0.0,1.2412,0.9052,0,0.1387,0.2222,1.291,none,Normal
CUST02680,8.833,2.897,0.3279,0.743,15.679,8.645,0.0,0.6259,0.979,4,0.2631,0.1056,1.7749,none,Normal
CUST02681,5.486,2.584,0.471,0.0,11.931,5.531,0.0167,0.9132,0.5303,33,0.1159,0.0889,2.1747,none,Normal
CUST02682,8.295,2.251,0.2714,2.428,12.799,8.559,0.0,0.7488,1.0532,0,0.1852,0.1056,1.5429,none,Normal
CUST02683,9.614,1.964,0.2043,5.384,15.417,9.606,0.0,1.2065,0.9233,0,0.1173,0.2,1.6037,none,Normal
CUST02684,9.604,3.094,0.3221,3.664,17.614,9.235,0.0,1.6294,0.7744,0,0.2699,0.1444,1.834,none,Normal
CUST02685,20.52,2.412,0.1175,13.594,27.124,20.54,0.0,1.0401,1.027,0,0.0488,0.3056,1.3218,none,Normal
CUST02686,5.732,1.173,0.2046,2.429,8.156,5.797,0.0,0.7982,0.816,0,0.14,0.1722,1.423,none,Normal
CUST02687,13.882,9.515,0.6854,4.136,26.547,5.606,0.0,0.2195,1.009,1,0.67,0.45,1.9124,sudden_drop,Theft
CUST02688,10.813,2.02,0.1868,5.498,15.562,11.004,0.0,0.7998,0.8462,0,0.1361,0.2278,1.4392,none,Normal
CUST02689,14.186,2.853,0.2011,7.466,21.489,14.178,0.0,0.8868,1.2127,0,0.1082,0.1556,1.5148,none,Normal
CUST02690,5.328,2.327,0.4368,0.0,12.55,5.148,0.0111,0.8472,1.1365,30,0.2232,0.0667,2.3554,none,Normal
CUST02691,21.836,1.162,0.0532,17.834,22.547,22.547,0.0,1.0499,1.0157,0,0.0386,0.75,1.0325,flattened_cap,Theft
CUST02692,21.247,2.875,0.1353,15.613,29.924,20.776,0.0,0.8192,0.9717,0,0.1209,0.3222,1.4084,none,Normal
CUST02693,6.541,2.84,0.4341,0.518,13.401,6.516,0.0,1.4975,1.3075,27,0.2909,0.1,2.0487,none,Normal
CUST02694,3.237,2.456,0.7589,0.0,9.328,2.944,0.1389,0.2896,0.9305,36,0.6323,0.0444,2.8821,none,Normal
CUST02695,10.0,3.754,0.3754,3.998,18.665,9.327,0.0,0.5562,0.8517,1,0.3429,0.1222,1.8665,gradual_underreport,Theft
CUST02696,12.15,1.544,0.1271,9.036,15.849,12.139,0.0,1.0603,1.1499,0,0.0553,0.3,1.3044,none,Normal
CUST02697,20.216,2.186,0.1081,13.935,25.191,20.354,0.0,0.9094,1.0518,0,0.0712,0.2944,1.2461,none,Normal
CUST02698,3.888,2.008,0.5165,0.0,9.214,3.624,0.0167,0.673,0.6509,40,0.2745,0.0611,2.37,none,Normal
CUST02699,13.125,2.016,0.1536,7.017,17.567,12.915,0.0,0.8908,1.0845,0,0.0913,0.2667,1.3385,none,Normal
CUST02700,20.771,3.057,0.1472,12.943,26.893,20.866,0.0,0.8583,0.8487,0,0.0972,0.2278,1.2947,none,Normal
CUST02701,17.453,0.985,0.0564,14.978,19.919,17.299,0.0,1.0576,0.9946,0,0.0379,0.6389,1.1413,none,Normal
CUST02702,21.479,2.004,0.0933,17.241,26.292,21.478,0.0,1.0391,0.9812,0,0.0245,0.3111,1.2241,none,Normal
CUST02703,10.11,3.099,0.3065,3.18,16.782,10.085,0.0,0.5902,1.0484,0,0.2812,0.0889,1.66,none,Normal
CUST02704,10.319,3.413,0.3307,3.069,18.14,10.618,0.0,0.617,1.0848,2,0.2595,0.1056,1.758,none,Normal
CUST02705,19.075,1.949,0.1022,14.129,25.91,18.883,0.0,1.0118,0.9122,0,0.0382,0.3778,1.3583,none,Normal
CUST02706,14.239,1.991,0.1399,9.138,19.653,14.229,0.0,0.9755,0.9176,0,0.0477,0.2333,1.3802,none,Normal
CUST02707,6.353,2.25,0.3542,0.965,12.126,6.449,0.0,1.115,0.7109,22,0.1329,0.0833,1.9087,none,Normal
CUST02708,20.632,2.936,0.1423,13.763,27.29,20.292,0.0,1.0377,0.8533,0,0.0741,0.2778,1.3227,none,Normal
CUST02709,18.905,2.948,0.1559,12.023,27.436,18.966,0.0,0.8812,0.919,0,0.0886,0.2444,1.4513,none,Normal
CUST02710,8.483,1.299,0.1531,5.192,10.779,8.808,0.0,1.0822,0.9545,0,0.1407,0.1444,1.2707,none,Normal
CUST02711,17.504,1.799,0.1028,13.585,22.344,17.409,0.0,1.0105,0.9016,0,0.065,0.3444,1.2766,none,Normal
CUST02712,10.206,2.199,0.2155,4.37,16.523,10.37,0.0,0.9021,0.9362,4,0.1264,0.1556,1.619,none,Normal
CUST02713,5.415,1.711,0.3159,2.124,9.88,5.355,0.0,0.7454,1.254,0,0.2215,0.1167,1.8246,none,Normal
CUST02714,12.623,3.124,0.2475,7.422,20.326,12.066,0.0,1.5153,0.9478,0,0.2297,0.1278,1.6103,none,Normal
CUST02715,6.675,3.742,0.5607,2.01,12.909,8.329,0.0,0.3132,0.9138,1,0.5317,0.2556,1.9339,sudden_drop,Theft
CUST02716,19.167,2.241,0.1169,13.437,24.499,19.261,0.0,0.9783,1.0899,0,0.0318,0.3,1.2782,none,Normal
CUST02717,8.954,2.681,0.2994,2.928,18.293,8.936,0.0,1.1182,0.966,11,0.1113,0.1278,2.0429,none,Normal
CUST02718,13.942,6.07,0.4354,3.756,24.902,15.652,0.0,1.213,0.2846,25,0.1157,0.0944,1.7861,periodic_bypass,Theft
CUST02719,5.68,2.393,0.4213,1.307,10.532,5.713,0.0,2.0615,0.8793,0,0.3874,0.0722,1.8544,none,Normal
CUST02720,21.157,2.182,0.1031,15.236,26.671,21.311,0.0,1.0386,0.9514,0,0.0558,0.3556,1.2606,none,Normal
CUST02721,6.297,1.238,0.1966,1.006,7.033,7.033,0.0,1.0149,1.1159,6,0.0959,0.6278,1.1168,flattened_cap,Theft
CUST02722,10.447,1.007,0.0964,5.857,10.985,10.985,0.0,0.9449,0.8876,0,0.0452,0.7111,1.0514,flattened_cap,Theft
CUST02723,1.304,1.55,1.1883,0.0,6.134,0.712,0.4167,1.3519,1.6158,60,0.521,0.4056,4.7025,none,Normal
CUST02724,7.823,2.383,0.3046,2.717,14.345,7.451,0.0,0.7397,1.1976,4,0.2071,0.1556,1.8337,none,Normal
CUST02725,10.793,2.272,0.2105,4.674,16.008,10.873,0.0,1.0735,1.1204,7,0.076,0.1556,1.4832,none,Normal
CUST02726,18.288,2.206,0.1206,11.165,23.467,18.37,0.0,1.0858,1.0364,0,0.0525,0.2889,1.2832,none,Normal
CUST02727,17.553,2.345,0.1336,11.365,22.557,17.694,0.0,1.1542,1.1535,0,0.0845,0.2444,1.2851,none,Normal
CUST02728,25.215,3.012,0.1194,17.881,33.965,25.192,0.0,0.9135,0.9623,0,0.0588,0.2556,1.347,none,Normal
CUST02729,9.847,2.161,0.2195,4.31,15.381,9.838,0.0,0.8921,0.7085,1,0.0804,0.1667,1.562,none,Normal
CUST02730,10.969,1.121,0.1022,7.733,13.658,10.966,0.0,0.9989,1.0388,0,0.0571,0.3333,1.2451,none,Normal
CUST02731,20.283,2.001,0.0986,16.035,26.432,20.39,0.0,1.0848,0.9405,0,0.048,0.3222,1.3032,none,Normal
CUST02732,13.213,2.412,0.1825,7.472,18.958,13.119,0.0,1.1866,0.9909,1,0.1202,0.2556,1.4347,none,Normal
CUST02733,19.777,2.639,0.1334,12.343,26.423,19.605,0.0,1.1368,1.0833,0,0.0869,0.3111,1.3361,none,Normal
CUST02734,22.198,3.013,0.1357,15.366,26.94,23.096,0.0,1.247,0.9529,0,0.1296,0.1944,1.2136,none,Normal
CUST02735,11.038,2.063,0.1869,5.251,15.63,10.917,0.0,1.0672,1.2007,1,0.0644,0.2333,1.416,none,Normal
CUST02736,15.239,2.963,0.1944,7.961,20.782,15.64,0.0,1.3312,0.8615,0,0.1674,0.1611,1.3638,none,Normal
CUST02737,3.806,1.939,0.5094,0.0,9.653,3.397,0.0111,0.6777,0.7103,8,0.4437,0.1222,2.5359,none,Normal
CUST02738,16.434,2.021,0.123,10.453,21.31,16.508,0.0,0.9129,1.0309,1,0.061,0.3611,1.2967,none,Normal
CUST02739,19.595,2.874,0.1467,12.895,26.264,19.733,0.0,1.209,1.0846,0,0.114,0.2167,1.3403,none,Normal
CUST02740,20.672,3.62,0.1751,13.004,27.766,20.696,0.0,0.7614,1.0348,0,0.1477,0.1667,1.3431,none,Normal
CUST02741,9.52,2.061,0.2165,4.477,15.309,9.68,0.0,0.8776,0.7818,3,0.093,0.1722,1.6082,none,Normal
CUST02742,19.141,2.445,0.1277,13.701,27.45,18.838,0.0,1.1296,1.0381,0,0.0932,0.2944,1.4341,none,Normal
CUST02743,13.358,2.726,0.2041,7.306,20.444,13.16,0.0,1.3097,0.8693,2,0.1528,0.2,1.5305,none,Normal
CUST02744,17.028,3.159,0.1855,11.73,23.475,16.726,0.0,1.3587,1.0487,0,0.1717,0.1833,1.3786,none,Normal
CUST02745,24.726,2.778,0.1123,16.793,30.757,24.775,0.0,0.8989,1.0296,0,0.0641,0.3278,1.2439,none,Normal
CUST02746,18.42,2.359,0.128,11.671,24.526,18.521,0.0,1.078,0.8969,0,0.0629,0.2611,1.3315,none,Normal
CUST02747,2.258,2.061,0.9126,0.0,8.922,1.506,0.0389,0.4251,0.4252,21,0.7234,0.1222,3.9507,sudden_drop,Theft
CUST02748,14.221,3.595,0.2528,3.452,21.843,14.266,0.0,1.4372,1.1044,0,0.2035,0.1111,1.536,none,Normal
CUST02749,23.48,1.474,0.0628,18.424,26.891,23.654,0.0,1.0492,1.0226,0,0.0354,0.5556,1.1453,none,Normal
CUST02750,16.122,2.424,0.1503,10.43,22.745,16.008,0.0,1.1892,1.1555,0,0.0934,0.2389,1.4108,none,Normal
CUST02751,9.453,2.598,0.2748,3.553,17.055,9.57,0.0,0.7307,0.7493,2,0.1886,0.1333,1.8041,none,Normal
CUST02752,8.634,1.731,0.2004,3.934,12.806,8.589,0.0,0.9391,0.9142,6,0.0959,0.2167,1.4831,none,Normal
CUST02753,12.583,2.718,0.216,5.364,18.759,12.447,0.0,0.8725,1.2799,2,0.119,0.2278,1.4908,none,Normal
CUST02754,15.694,5.831,0.3715,0.088,22.936,16.983,0.0778,1.0261,0.8147,4,0.2625,0.2,1.4614,zero_stretches,Theft
CUST02755,21.362,2.217,0.1038,16.563,28.227,21.23,0.0,0.9825,1.0685,0,0.0444,0.3389,1.3214,none,Normal
CUST02756,4.253,2.921,0.6869,0.0,13.812,3.863,0.0833,0.356,0.7666,20,0.6063,0.0611,3.248,none,Normal
CUST02757,21.8,1.917,0.088,17.59,26.8,21.868,0.0,0.9626,0.9854,0,0.0401,0.3611,1.2293,none,Normal
CUST02758,3.831,1.193,0.3114,1.151,7.466,3.806,0.0,1.0631,0.7595,3,0.1768,0.1667,1.9491,none,Normal
CUST02759,22.312,3.143,0.1409,13.615,29.462,22.282,0.0,0.812,0.9898,0,0.1151,0.2333,1.3205,none,Normal
CUST02760,23.717,1.853,0.0781,17.692,26.85,24.134,0.0,0.9189,1.0154,0,0.0675,0.4222,1.1321,none,Normal
CUST02761,13.084,3.306,0.2526,5.349,20.406,13.133,0.0,1.4225,0.8186,0,0.1937,0.1222,1.5596,none,Normal
CUST02762,8.745,1.663,0.1902,4.786,12.376,8.785,0.0,0.9298,1.1722,0,0.0944,0.15,1.4152,none,Normal
CUST02763,23.83,3.747,0.1572,15.777,32.596,24.084,0.0,0.7892,0.8741,0,0.1247,0.1833,1.3679,none,Normal
CUST02764,1.946,2.35,1.2076,0.0,10.914,1.162,0.35,0.2642,0.5686,45,0.8947,0.0611,5.6095,none,Normal
CUST02765,19.284,1.59,0.0824,15.884,23.282,19.214,0.0,1.046,0.9825,0,0.0329,0.4389,1.2073,none,Normal
CUST02766,12.417,2.362,0.1903,7.7,18.689,12.547,0.0,0.9878,0.8764,0,0.0862,0.1444,1.5051,none,Normal
CUST02767,15.203,1.717,0.113,11.203,19.772,15.249,0.0,0.9134,1.011,0,0.0536,0.3167,1.3005,none,Normal
CUST02768,13.862,2.33,0.1681,6.341,21.424,13.867,0.0,0.8937,1.0978,1,0.0866,0.25,1.5456,none,Normal
CUST02769,19.373,2.509,0.1295,13.074,25.752,19.771,0.0,1.1782,0.9316,0,0.1095,0.2778,1.3293,none,Normal
CUST02770,8.376,1.19,0.1421,5.152,11.141,8.369,0.0,0.9739,1.0896,0,0.0607,0.2833,1.33,none,Normal
CUST02771,21.267,0.425,0.02,20.234,22.231,21.33,0.0,1.0021,1.018,0,0.0105,1.0,1.0453,none,Normal
CUST02772,5.528,3.073,0.5558,0.0,12.999,5.039,0.0111,0.4578,1.4411,23,0.4322,0.0556,2.3515,none,Normal
CUST02773,3.859,1.507,0.3904,0.909,9.198,3.515,0.0,0.7976,0.9925,5,0.3516,0.0944,2.3837,none,Normal
CUST02774,23.631,2.177,0.0921,16.715,30.054,23.542,0.0,1.0111,0.9605,0,0.04,0.4,1.2718,none,Normal
CUST02775,10.295,1.703,0.1654,5.745,14.181,10.373,0.0,1.0402,1.1277,0,0.1201,0.2222,1.3775,none,Normal
CUST02776,17.102,2.356,0.1378,10.49,22.443,17.363,0.0,0.8909,0.8909,0,0.0786,0.2667,1.3123,none,Normal
CUST02777,23.979,1.436,0.0599,20.562,27.18,24.073,0.0,1.0334,1.013,0,0.027,0.5389,1.1335,none,Normal
CUST02778,15.651,1.821,0.1164,11.135,19.454,15.803,0.0,0.9037,1.0241,0,0.0787,0.3222,1.243,none,Normal
CUST02779,13.282,1.49,0.1122,10.129,16.823,13.241,0.0,1.0854,0.851,0,0.059,0.3222,1.2666,none,Normal
CUST02780,21.231,3.766,0.1774,12.045,31.442,21.511,0.0,1.2912,1.0661,0,0.1386,0.1778,1.4809,none,Normal
CUST02781,19.136,2.678,0.14,14.543,24.919,18.836,0.0,0.81,0.9608,0,0.1201,0.2389,1.3022,none,Normal
CUST02782,19.44,2.115,0.1088,13.859,24.367,19.417,0.0,1.0547,1.1191,0,0.0695,0.3333,1.2534,none,Normal
CUST02783,11.448,1.054,0.0921,8.433,12.128,12.128,0.0,0.8892,1.0166,0,0.0776,0.6556,1.0594,flattened_cap,Theft
CUST02784,21.084,2.064,0.0979,14.823,26.583,21.037,0.0,1.0184,0.9283,0,0.0531,0.4,1.2608,none,Normal
CUST02785,11.818,1.928,0.1632,6.086,16.882,11.687,0.0,1.097,0.8008,0,0.0653,0.2389,1.4284,none,Normal
CUST02786,14.258,1.824,0.1279,10.046,17.551,14.433,0.0,1.0228,0.9387,0,0.0398,0.1889,1.231,none,Normal
CUST02787,14.128,3.972,0.2811,5.664,24.695,13.724,0.0,0.6461,0.9214,0,0.2404,0.1167,1.748,gradual_underreport,Theft
CUST02788,13.858,3.086,0.2227,7.257,21.078,13.692,0.0,0.7338,1.1663,1,0.1727,0.1722,1.521,none,Normal
CUST02789,20.867,2.475,0.1186,15.397,26.666,20.8,0.0,1.1568,1.0129,0,0.0861,0.3222,1.2779,none,Normal
CUST02790,8.35,2.614,0.3131,2.753,15.422,8.2,0.0,0.623,0.9421,4,0.2727,0.1111,1.8469,none,Normal
CUST02791,3.154,2.056,0.6519,0.0,6.962,3.017,0.0722,1.0719,2.566,42,0.1286,0.0556,2.2074,none,Normal
CUST02792,7.405,2.212,0.2987,1.2,14.64,7.493,0.0,1.1193,0.847,13,0.163,0.1056,1.9771,none,Normal
CUST02793,24.902,1.479,0.0594,21.304,28.397,24.84,0.0,0.9489,1.0801,0,0.03,0.5833,1.1404,none,Normal
CUST02794,7.451,2.399,0.3219,1.253,12.179,7.243,0.0,0.9517,1.4125,0,0.1552,0.1,1.6345,none,Normal
CUST02795,3.023,2.665,0.8818,0.0,11.316,2.924,0.2389,2.4195,0.732,41,0.5665,0.0333,3.7438,none,Normal
CUST02796,21.307,2.08,0.0976,16.366,25.629,21.607,0.0,0.8656,1.0018,0,0.0829,0.3389,1.2029,none,Normal
CUST02797,9.851,1.768,0.1794,5.782,14.39,9.985,0.0,1.3112,0.953,0,0.149,0.1833,1.4607,none,Normal
CUST02798,23.215,2.482,0.1069,16.366,30.087,23.32,0.0,1.0822,1.1042,0,0.0584,0.3278,1.296,none,Normal
CUST02799,4.047,1.678,0.4147,0.0,7.188,3.87,0.0056,0.7904,0.7374,10,0.1488,0.0611,1.7762,none,Normal
CUST02800,6.645,2.143,0.3226,2.919,11.769,6.344,0.0,1.6999,1.1905,0,0.2884,0.1278,1.7712,none,Normal
CUST02801,11.97,2.414,0.2017,6.359,18.53,11.691,0.0,1.3625,1.0466,0,0.1772,0.1944,1.548,none,Normal
CUST02802,11.896,3.652,0.307,4.72,21.095,11.775,0.0,0.6447,1.316,1,0.2526,0.15,1.7733,none,Normal
CUST02803,21.082,1.363,0.0647,17.461,25.613,21.138,0.0,0.9954,1.0284,0,0.0268,0.5167,1.2149,none,Normal
CUST02804,7.775,1.354,0.1741,4.644,10.756,7.77,0.0,0.8628,1.2752,0,0.0832,0.2,1.3834,none,Normal
CUST02805,3.552,1.639,0.4614,0.0,8.941,3.616,0.0167,1.1744,0.8804,29,0.2828,0.0778,2.5173,none,Normal
CUST02806,8.577,3.973,0.4632,1.896,19.175,7.997,0.0,0.4625,0.7647,4,0.3995,0.0667,2.2357,gradual_underreport,Theft
CUST02807,6.971,2.127,0.3051,1.973,13.101,7.017,0.0,1.2704,1.0811,10,0.1797,0.0944,1.8793,none,Normal
CUST02808,15.37,2.297,0.1495,10.805,20.978,15.437,0.0,1.1643,0.852,0,0.0909,0.2056,1.3648,none,Normal
CUST02809,23.178,2.432,0.1049,16.953,29.049,23.215,0.0,1.0261,1.0195,0,0.0233,0.3333,1.2533,none,Normal
CUST02810,8.289,2.195,0.2648,2.873,13.066,8.418,0.0,0.9317,1.296,8,0.0705,0.1278,1.5763,none,Normal
CUST02811,1.582,1.911,1.2083,0.0,7.737,0.646,0.2278,0.1115,0.8776,16,1.1699,0.0944,4.8916,gradual_underreport,Theft
CUST02812,9.147,6.196,0.6775,3.056,19.875,4.162,0.0,0.2588,0.9695,1,0.655,0.4778,2.173,sudden_drop,Theft
CUST02813,8.945,2.147,0.2401,4.232,15.223,8.84,0.0,0.972,0.8386,4,0.1279,0.1389,1.7018,none,Normal
CUST02814,20.653,1.245,0.0603,17.116,21.439,21.439,0.0,1.0672,1.0512,0,0.0362,0.7278,1.0381,flattened_cap,Theft
CUST02815,6.009,1.687,0.2808,1.998,9.541,6.123,0.0,0.786,0.8953,9,0.1879,0.1278,1.5878,gradual_underreport,Theft
CUST02816,15.427,5.143,0.3334,6.777,28.726,15.37,0.0,0.5762,0.9767,0,0.304,0.0556,1.8621,gradual_underreport,Theft
CUST02817,12.613,2.369,0.1878,7.888,18.52,12.576,0.0,1.3173,0.9902,0,0.1542,0.1556,1.4684,none,Normal
CUST02818,20.992,2.099,0.1,15.393,26.182,21.011,0.0,1.008,0.9799,0,0.0361,0.3333,1.2473,none,Normal
CUST02819,25.486,2.492,0.0978,19.694,29.93,25.458,0.0,1.0866,1.1114,0,0.06,0.3556,1.1744,none,Normal
CUST02820,14.775,3.579,0.2422,6.932,23.228,14.351,0.0,0.7042,1.1462,1,0.2055,0.1444,1.5721,none,Normal
CUST02821,1.91,1.493,0.782,0.0,6.146,1.597,0.1333,3.1859,0.872,26,0.6726,0.0778,3.2183,none,Normal
CUST02822,25.488,3.068,0.1204,17.199,32.788,25.798,0.0,1.1546,1.1037,0,0.0861,0.2944,1.2864,none,Normal
CUST02823,9.734,2.188,0.2248,4.3,14.344,9.708,0.0,0.8606,1.3937,0,0.0818,0.1556,1.4737,none,Normal
CUST02824,12.027,3.106,0.2583,4.285,17.724,12.216,0.0,1.409,0.8166,0,0.2165,0.1722,1.4737,none,Normal
CUST02825,6.086,2.598,0.4269,1.83,11.973,5.503,0.0,0.4914,0.9981,0,0.388,0.1333,1.9672,none,Normal
CUST02826,10.708,3.168,0.2958,1.039,18.511,10.883,0.0,1.4092,0.8611,7,0.2013,0.1111,1.7287,none,Normal
CUST02827,6.987,2.626,0.3758,1.757,13.268,7.071,0.0,1.5356,1.1631,3,0.2305,0.0833,1.899,none,Normal
CUST02828,5.239,1.707,0.3258,1.347,8.33,5.597,0.0,1.661,0.9223,1,0.2934,0.05,1.5898,none,Normal
CUST02829,13.404,1.329,0.0991,10.019,16.722,13.474,0.0,1.0583,0.9978,0,0.0505,0.4,1.2475,none,Normal
CUST02830,13.256,2.255,0.1701,9.091,19.384,13.276,0.0,0.8214,0.9283,0,0.127,0.1944,1.4623,none,Normal
CUST02831,5.088,1.923,0.3779,0.0,9.699,5.309,0.0056,0.9452,1.188,21,0.1661,0.0944,1.9064,none,Normal
CUST02832,10.598,1.788,0.1687,6.545,15.114,10.438,0.0,1.0146,1.0206,0,0.1345,0.2444,1.4261,none,Normal
CUST02833,2.616,1.954,0.747,0.0,7.915,2.151,0.0778,0.4818,0.94,26,0.6759,0.05,3.0262,none,Normal
CUST02834,18.021,3.566,0.1979,11.591,26.361,17.91,0.0,1.3709,1.0156,0,0.1715,0.1778,1.4628,none,Normal
CUST02835,7.987,3.481,0.4359,0.866,17.2,7.313,0.0,1.875,1.0988,6,0.3556,0.1111,2.1534,none,Normal
CUST02836,8.925,2.319,0.2598,3.729,13.064,9.228,0.0,1.4413,1.2102,0,0.228,0.1611,1.4637,none,Normal
CUST02837,7.829,1.117,0.1427,5.568,10.728,7.855,0.0,0.8699,1.0414,0,0.1011,0.2444,1.3703,none,Normal
CUST02838,3.585,2.511,0.7005,0.0,10.593,3.473,0.0889,0.6092,0.31,41,0.2853,0.0222,2.9551,none,Normal
CUST02839,12.348,2.123,0.1719,7.558,17.368,12.257,0.0,1.1246,0.9518,0,0.0696,0.2111,1.4065,none,Normal
CUST02840,10.422,1.506,0.1445,6.709,14.187,10.495,0.0,1.0955,0.8371,0,0.0663,0.2222,1.3613,none,Normal
CUST02841,17.006,2.639,0.1552,8.877,23.965,16.696,0.0,1.0389,0.9613,0,0.1021,0.2833,1.4092,none,Normal
CUST02842,7.209,2.042,0.2832,2.341,13.109,7.248,0.0,1.1904,1.0104,16,0.1433,0.1444,1.8184,none,Normal
CUST02843,1.172,0.653,0.5573,0.0,1.621,1.621,0.1889,0.8921,0.7569,32,0.2681,0.6278,1.3833,flattened_cap,Theft
CUST02844,18.163,2.821,0.1553,12.929,24.816,17.839,0.0,0.7945,0.8761,0,0.1288,0.25,1.3663,none,Normal
CUST02845,14.847,2.434,0.164,7.891,20.36,14.915,0.0,1.1068,0.8338,0,0.0739,0.2722,1.3713,none,Normal
CUST02846,11.017,3.554,0.3226,3.877,20.612,10.6,0.0,0.6272,0.8889,3,0.2651,0.1333,1.871,none,Normal
CUST02847,14.527,2.13,0.1466,7.561,18.062,14.832,0.0,1.1507,1.0471,0,0.1164,0.2667,1.2433,none,Normal
CUST02848,14.943,3.956,0.2647,3.506,22.829,15.11,0.0,0.6752,0.8583,1,0.2093,0.1167,1.5277,none,Normal
CUST02849,4.956,2.143,0.4323,0.693,9.034,5.058,0.0,0.7648,0.6567,18,0.1503,0.0667,1.8229,none,Normal
CUST02850,18.538,2.633,0.142,10.471,24.112,18.477,0.0,0.8893,1.0577,0,0.0695,0.2889,1.3006,none,Normal
CUST02851,18.524,1.982,0.107,14.784,24.125,18.425,0.0,0.8996,0.9354,0,0.0681,0.3556,1.3023,none,Normal
CUST02852,9.005,2.437,0.2707,3.481,15.148,9.049,0.0,1.2011,1.2962,1,0.1217,0.1222,1.6821,none,Normal
CUST02853,8.865,3.105,0.3502,2.913,15.342,8.777,0.0,0.5427,0.805,0,0.3205,0.1,1.7306,none,Normal
CUST02854,3.037,2.643,0.8703,0.0,11.358,2.628,0.2389,0.336,1.2995,51,0.6063,0.0667,3.7399,none,Normal
CUST02855,9.452,0.705,0.0746,7.21,9.881,9.881,0.0,1.0106,0.9202,0,0.0458,0.7,1.0454,flattened_cap,Theft
CUST02856,5.481,1.732,0.3161,2.107,8.969,5.446,0.0,1.0706,0.6922,3,0.0896,0.1056,1.6365,none,Normal
CUST02857,7.005,3.285,0.4689,0.231,16.824,6.526,0.0,1.6788,0.8246,16,0.3444,0.1,2.4016,none,Normal
CUST02858,19.248,1.99,0.1034,15.314,23.533,19.02,0.0,1.1527,1.041,0,0.0802,0.35,1.2226,none,Normal
CUST02859,11.83,2.862,0.2419,4.714,17.94,11.731,0.0,0.7351,0.9076,0,0.1804,0.1611,1.5165,none,Normal
CUST02860,2.236,1.98,0.8857,0.0,7.237,1.832,0.2278,0.816,0.6738,49,0.6277,0.0556,3.2364,none,Normal
CUST02861,15.113,2.05,0.1357,9.32,20.593,15.024,0.0,0.9188,1.0172,0,0.0938,0.2833,1.3626,none,Normal
CUST02862,12.123,2.637,0.2175,5.751,20.292,12.134,0.0,0.9313,0.7535,3,0.0943,0.1611,1.6738,none,Normal
CUST02863,9.748,2.536,0.2601,2.007,15.083,10.137,0.0,1.3636,0.8838,0,0.2187,0.1222,1.5472,none,Normal
CUST02864,10.356,1.153,0.1113,7.536,13.156,10.429,0.0,0.9163,0.8824,0,0.056,0.2611,1.2704,none,Normal
CUST02865,25.734,1.306,0.0507,21.628,28.406,25.921,0.0,0.9648,1.0152,0,0.0411,0.6389,1.1038,none,Normal
CUST02866,16.689,1.543,0.0924,12.307,20.354,16.796,0.0,0.9233,0.9634,0,0.0557,0.3722,1.2196,none,Normal
CUST02867,22.396,2.429,0.1085,15.965,27.352,22.523,0.0,1.1385,1.0475,0,0.0842,0.3222,1.2213,none,Normal
CUST02868,8.242,2.785,0.3379,2.049,15.004,8.457,0.0,0.6178,0.9292,3,0.2657,0.1,1.8204,none,Normal
CUST02869,14.842,2.447,0.1649,9.677,22.09,14.833,0.0,1.0002,0.9778,2,0.0449,0.2056,1.4883,none,Normal
CUST02870,19.212,3.21,0.1671,12.32,27.259,18.95,0.0,1.1801,0.9387,0,0.116,0.1944,1.4189,none,Normal
CUST02871,11.353,3.357,0.2957,4.716,19.739,10.862,0.0,0.7015,1.2239,4,0.2353,0.1667,1.7387,none,Normal
CUST02872,20.447,8.817,0.4312,5.586,29.382,25.168,0.0,1.0146,0.247,26,0.0294,0.2889,1.437,periodic_bypass,Theft
CUST02873,8.104,2.354,0.2905,3.036,15.491,8.237,0.0,0.7872,1.3429,5,0.1646,0.1167,1.9115,none,Normal
CUST02874,16.098,2.383,0.148,10.033,22.469,16.133,0.0,1.0959,0.9457,0,0.0689,0.2222,1.3957,none,Normal
CUST02875,10.141,5.684,0.5605,1.042,17.876,11.606,0.0,0.7168,0.1399,25,0.1829,0.0833,1.7628,periodic_bypass,Theft
CUST02876,13.501,6.736,0.499,2.497,22.059,16.197,0.0,0.9442,0.1791,26,0.0402,0.1333,1.6339,periodic_bypass,Theft
CUST02877,6.874,2.641,0.3842,0.44,12.698,6.826,0.0,1.1918,1.344,16,0.1876,0.0556,1.8473,none,Normal
CUST02878,2.692,2.579,0.9581,0.0,10.337,2.067,0.2222,3.739,1.008,42,0.755,0.0667,3.8407,none,Normal
CUST02879,20.342,1.791,0.088,16.565,25.666,20.37,0.0,1.0227,0.9342,0,0.03,0.4111,1.2617,none,Normal
CUST02880,15.392,2.238,0.1454,10.695,21.477,15.207,0.0,1.0071,0.8352,0,0.0453,0.2944,1.3953,none,Normal
CUST02881,9.336,1.902,0.2037,5.395,14.889,9.089,0.0,0.9051,0.8869,1,0.1395,0.2389,1.5948,none,Normal
CUST02882,17.508,1.513,0.0864,14.307,21.084,17.477,0.0,0.9765,0.8779,0,0.0277,0.3556,1.2043,none,Normal
CUST02883,7.175,2.355,0.3282,1.258,14.111,7.054,0.0,1.0081,1.4201,11,0.1792,0.1056,1.9666,none,Normal
CUST02884,13.197,6.313,0.4784,2.604,21.464,16.081,0.0,0.8557,0.2071,25,0.0952,0.0722,1.6264,periodic_bypass,Theft
CUST02885,14.816,0.797,0.0538,12.055,15.309,15.309,0.0,0.9743,0.9746,0,0.0251,0.7278,1.0333,flattened_cap,Theft
CUST02886,7.206,1.558,0.2161,3.573,11.056,7.152,0.0,1.189,1.0909,2,0.1594,0.2167,1.5342,none,Normal
CUST02887,12.925,3.9,0.3017,5.233,20.712,13.489,0.0,0.6177,0.8457,0,0.2601,0.1056,1.6025,gradual_underreport,Theft
CUST02888,21.031,2.598,0.1235,14.432,27.213,21.534,0.0,0.8273,0.9583,0,0.1076,0.2444,1.294,none,Normal
CUST02889,10.535,1.71,0.1623,6.776,14.696,10.51,0.0,1.1103,1.0703,0,0.0661,0.2611,1.3949,none,Normal
CUST02890,11.096,3.427,0.3088,5.052,18.386,10.615,0.0,1.6206,1.1545,0,0.2633,0.1389,1.657,none,Normal
CUST02891,13.426,2.553,0.1901,7.331,20.101,13.302,0.0,1.1358,0.8785,1,0.0796,0.2056,1.4972,none,Normal
CUST02892,6.018,1.62,0.2693,1.762,9.373,6.067,0.0,0.8595,0.6841,7,0.1216,0.1333,1.5575,none,Normal
CUST02893,16.84,2.156,0.128,12.363,21.32,16.825,0.0,0.8598,1.1129,0,0.082,0.3222,1.266,none,Normal
CUST02894,15.256,1.71,0.1121,11.361,19.672,15.172,0.0,1.0619,0.9663,0,0.0719,0.3444,1.2895,none,Normal
CUST02895,3.261,1.151,0.3529,0.0,3.977,3.977,0.0333,0.7214,0.7287,20,0.1974,0.6278,1.2195,flattened_cap,Theft
CUST02896,21.01,2.556,0.1217,15.045,27.563,21.165,0.0,0.9018,1.0263,0,0.0611,0.3111,1.3119,none,Normal
CUST02897,1.887,1.879,0.9958,0.0,8.827,1.41,0.2444,0.9462,0.7308,50,0.5824,0.0333,4.6781,none,Normal
CUST02898,17.27,1.172,0.0679,14.36,20.178,17.246,0.0,0.9739,0.9811,0,0.0272,0.5167,1.1683,none,Normal
CUST02899,16.385,3.522,0.215,9.534,26.427,16.222,0.0,0.7281,1.137,0,0.1807,0.1611,1.6129,gradual_underreport,Theft
CUST02900,5.418,3.213,0.593,1.751,12.327,3.16,0.0,0.296,0.7781,2,0.5385,0.1889,2.2749,sudden_drop,Theft
CUST02901,8.561,2.985,0.3487,1.766,17.23,8.718,0.0,0.8019,0.6173,12,0.1698,0.0889,2.0127,none,Normal
CUST02902,20.027,1.991,0.0994,15.483,23.461,20.484,0.0,0.8728,0.9963,0,0.0859,0.35,1.1715,none,Normal
CUST02903,25.324,2.795,0.1104,17.306,30.562,25.746,0.0,0.8798,1.0889,0,0.0808,0.3333,1.2069,none,Normal
CUST02904,9.591,7.624,0.7949,2.388,24.357,3.749,0.0,0.2142,1.1205,1,0.7579,0.3944,2.5395,sudden_drop,Theft
CUST02905,8.187,2.704,0.3303,1.799,14.196,8.53,0.0,1.5883,1.1686,2,0.2681,0.1167,1.7341,none,Normal
CUST02906,19.233,1.949,0.1013,15.122,24.244,19.292,0.0,1.1298,0.9755,0,0.0674,0.4056,1.2605,none,Normal
CUST02907,14.594,2.205,0.1511,9.427,19.048,14.787,0.0,1.1544,0.8801,0,0.0839,0.1944,1.3052,none,Normal
CUST02908,17.463,2.717,0.1556,10.185,24.782,17.583,0.0,1.0691,1.0377,0,0.0645,0.2222,1.4191,none,Normal
CUST02909,7.416,1.391,0.1875,3.862,11.089,7.3,0.0,0.8264,1.098,3,0.1071,0.2722,1.4953,none,Normal
CUST02910,10.118,3.414,0.3374,3.69,19.613,10.008,0.0,0.7584,0.6593,7,0.2127,0.1056,1.9384,none,Normal
CUST02911,18.224,0.998,0.0548,15.451,20.829,18.179,0.0,1.0162,1.0002,0,0.031,0.6056,1.1429,none,Normal
CUST02912,19.515,2.52,0.1291,13.579,24.793,19.606,0.0,1.0663,0.867,0,0.0527,0.2556,1.2704,none,Normal
CUST02913,17.097,1.641,0.096,13.698,21.299,17.285,0.0,1.1311,1.0638,0,0.0707,0.3278,1.2458,none,Normal
CUST02914,4.638,2.564,0.5529,0.0,10.938,4.364,0.0056,0.4238,1.4758,5,0.4552,0.0889,2.3584,none,Normal
CUST02915,16.675,3.081,0.1848,9.31,23.183,16.825,0.0,1.3521,0.9876,0,0.1727,0.1389,1.3903,none,Normal
CUST02916,25.421,1.748,0.0688,20.935,28.673,25.551,0.0,0.9289,1.0575,0,0.0457,0.5111,1.1279,none,Normal
CUST02917,22.12,1.398,0.0632,18.697,26.438,22.182,0.0,1.0107,0.954,0,0.0289,0.55,1.1952,none,Normal
CUST02918,12.105,7.087,0.5854,1.117,25.694,13.582,0.0,1.3845,0.1232,25,0.1887,0.0611,2.1225,periodic_bypass,Theft
CUST02919,23.399,0.841,0.036,21.459,25.585,23.399,0.0,0.9744,1.0375,0,0.0183,0.7889,1.0934,none,Normal
CUST02920,6.4,2.086,0.326,1.448,11.064,6.694,0.0,0.654,0.9529,3,0.2294,0.0944,1.7288,none,Normal
CUST02921,10.027,1.146,0.1142,5.106,10.655,10.655,0.0,1.0137,0.9323,1,0.0578,0.6833,1.0626,flattened_cap,Theft
CUST02922,20.888,2.96,0.1417,13.709,27.67,21.006,0.0,0.8919,1.0541,0,0.0726,0.2667,1.3247,none,Normal
CUST02923,5.553,3.793,0.6831,0.0,15.967,4.339,0.0389,0.4467,0.3326,41,0.4014,0.1111,2.8754,periodic_bypass,Theft
CUST02924,2.409,1.938,0.8046,0.0,8.199,2.068,0.1278,0.698,0.7599,50,0.4477,0.05,3.4035,none,Normal
CUST02925,3.768,2.956,0.7845,0.0,11.644,3.64,0.1611,0.4217,0.394,36,0.5781,0.0556,3.0907,none,Normal
CUST02926,5.206,2.535,0.487,0.0,12.041,5.325,0.0278,0.5247,1.1261,21,0.3547,0.0556,2.3128,none,Normal
CUST02927,19.919,1.922,0.0965,15.905,24.786,19.724,0.0,0.8966,0.9763,0,0.0714,0.3778,1.2443,none,Normal
CUST02928,12.843,3.246,0.2528,5.822,19.461,12.432,0.0,1.5092,0.9138,0,0.2305,0.1222,1.5154,none,Normal
CUST02929,5.138,2.339,0.4553,0.0,10.951,5.137,0.0167,1.2711,0.7774,33,0.1954,0.0833,2.1315,none,Normal
CUST02930,11.017,1.902,0.1727,4.426,17.496,11.028,0.0,1.0711,0.9845,3,0.0808,0.2111,1.5881,none,Normal
CUST02931,16.609,2.029,0.1222,10.985,21.647,16.602,0.0,1.0339,0.9238,0,0.0387,0.3278,1.3033,none,Normal
CUST02932,17.598,2.503,0.1423,11.18,22.831,17.958,0.0,0.8408,1.09,0,0.1006,0.2222,1.2974,none,Normal
CUST02933,10.197,1.999,0.1961,5.185,14.711,10.341,0.0,0.7697,0.8785,0,0.1523,0.1889,1.4427,none,Normal
CUST02934,18.364,2.154,0.1173,13.867,24.076,18.198,0.0,1.0383,1.0436,0,0.0411,0.3667,1.311,none,Normal
CUST02935,5.36,2.881,0.5374,0.507,13.241,4.732,0.0,0.4594,1.2912,19,0.4409,0.0833,2.4701,gradual_underreport,Theft
CUST02936,12.296,1.751,0.1424,8.659,16.286,12.203,0.0,0.9116,0.889,0,0.0635,0.2389,1.3245,none,Normal
CUST02937,22.478,3.954,0.1759,14.654,30.53,22.462,0.0,1.3117,1.0799,0,0.1502,0.1889,1.3583,none,Normal
CUST02938,16.657,0.833,0.05,13.037,17.135,17.135,0.0,0.9752,0.9867,0,0.0199,0.7667,1.0287,flattened_cap,Theft
CUST02939,18.988,0.939,0.0494,15.582,19.57,19.57,0.0,1.0265,0.9917,0,0.0185,0.7389,1.0306,flattened_cap,Theft
CUST02940,5.346,2.708,0.5066,0.0,11.751,5.359,0.0278,0.9145,0.8225,38,0.1676,0.0556,2.1983,none,Normal
CUST02941,7.035,3.345,0.4755,0.529,14.593,6.627,0.0,1.9027,0.6246,8,0.3561,0.0611,2.0745,none,Normal
CUST02942,4.021,2.87,0.7138,0.0,11.627,3.877,0.1222,0.3289,0.7289,33,0.5386,0.0333,2.8918,none,Normal
CUST02943,10.388,1.211,0.1166,7.024,12.835,10.45,0.0,1.0086,1.0139,0,0.0786,0.3222,1.2355,none,Normal
CUST02944,8.707,4.083,0.4689,1.461,15.864,9.803,0.0,1.2297,0.2632,26,0.1591,0.1,1.822,periodic_bypass,Theft
CUST02945,8.472,4.253,0.502,1.923,18.274,8.149,0.0,1.6006,0.3502,29,0.2639,0.0722,2.1571,periodic_bypass,Theft
CUST02946,9.354,1.998,0.2136,4.948,14.826,9.668,0.0,1.0313,0.7603,1,0.0736,0.1333,1.585,none,Normal
CUST02947,3.682,2.679,0.7276,0.0,10.47,3.692,0.1389,2.3739,0.8489,33,0.4956,0.0444,2.8435,none,Normal
CUST02948,3.833,2.316,0.6043,0.097,10.531,3.73,0.0056,0.9388,0.2794,35,0.1601,0.0333,2.7473,periodic_bypass,Theft
CUST02949,14.55,1.755,0.1206,10.128,17.808,14.449,0.0,1.1604,1.0387,0,0.089,0.3056,1.2239,none,Normal
CUST02950,7.426,2.837,0.3821,3.658,15.947,6.457,0.0,0.583,0.9358,2,0.346,0.1278,2.1475,gradual_underreport,Theft
CUST02951,21.537,2.171,0.1008,16.82,26.245,21.613,0.0,1.1159,0.914,0,0.0593,0.3611,1.2186,none,Normal
CUST02952,8.465,1.886,0.2228,3.702,12.899,8.573,0.0,1.2054,1.261,3,0.1132,0.1444,1.5238,none,Normal
CUST02953,13.45,5.098,0.3791,0.006,20.031,14.803,0.1111,0.8163,1.1494,5,0.2441,0.1833,1.4893,zero_stretches,Theft
CUST02954,15.842,0.777,0.0491,13.412,16.345,16.345,0.0,1.0164,1.0346,0,0.0161,0.7556,1.0318,flattened_cap,Theft
CUST02955,16.259,1.623,0.0999,12.206,19.726,16.332,0.0,1.0302,0.9717,0,0.0672,0.4056,1.2133,none,Normal
CUST02956,11.016,2.283,0.2072,6.689,16.753,10.843,0.0,1.3187,1.2019,0,0.1619,0.1778,1.5207,none,Normal
CUST02957,18.904,1.356,0.0717,15.909,21.88,18.895,0.0,1.1075,1.0437,0,0.0569,0.4444,1.1574,none,Normal
CUST02958,11.457,2.429,0.212,5.304,16.474,11.541,0.0,1.007,1.0203,0,0.1136,0.1778,1.4379,none,Normal
CUST02959,13.266,2.516,0.1897,7.296,18.718,13.263,0.0,1.0864,1.1226,2,0.0844,0.1889,1.411,none,Normal
CUST02960,8.586,2.623,0.3055,3.283,15.751,8.631,0.0,1.1335,0.7553,0,0.155,0.1056,1.8344,none,Normal
CUST02961,20.083,1.68,0.0837,16.564,23.833,19.812,0.0,0.8755,0.9803,0,0.0771,0.4667,1.1867,none,Normal
CUST02962,23.153,1.959,0.0846,18.965,28.47,22.983,0.0,1.0144,0.9817,0,0.0389,0.4222,1.2297,none,Normal
CUST02963,24.382,1.323,0.0543,21.167,27.103,24.327,0.0,1.0261,0.9683,0,0.0157,0.5611,1.1116,none,Normal
CUST02964,10.021,5.167,0.5157,4.284,19.646,6.001,0.0,0.3618,1.1337,2,0.4992,0.3333,1.9606,sudden_drop,Theft
CUST02965,12.108,2.682,0.2215,4.321,18.411,12.095,0.0,0.8183,1.0082,1,0.1219,0.1611,1.5205,none,Normal
CUST02966,21.939,2.111,0.0962,15.654,26.92,22.1,0.0,0.9461,0.9924,0,0.0534,0.3778,1.227,none,Normal
CUST02967,3.069,1.814,0.5911,0.0,7.938,3.103,0.0944,0.8497,0.7545,56,0.2568,0.0611,2.5864,none,Normal
CUST02968,24.749,1.953,0.0789,20.244,28.919,24.595,0.0,0.9464,1.1237,0,0.0331,0.4278,1.1685,none,Normal
CUST02969,16.077,1.368,0.0851,13.683,18.881,15.989,0.0,1.0262,1.0215,0,0.0192,0.3222,1.1744,none,Normal
CUST02970,2.756,2.013,0.7302,0.0,7.629,2.542,0.1444,1.1516,2.2069,46,0.182,0.05,2.7678,none,Normal
CUST02971,13.773,2.531,0.1837,6.647,22.179,13.651,0.0,0.8096,0.94,1,0.1326,0.25,1.6103,none,Normal
CUST02972,22.605,2.333,0.1032,15.829,27.966,22.749,0.0,1.0671,1.0513,0,0.0494,0.3333,1.2372,none,Normal
CUST02973,8.62,0.86,0.0998,5.559,9.131,9.131,0.0,1.0209,1.0504,0,0.0302,0.6833,1.0593,flattened_cap,Theft
CUST02974,21.134,1.831,0.0866,17.602,25.42,21.103,0.0,0.9559,1.0076,0,0.0688,0.3833,1.2028,none,Normal
CUST02975,16.819,2.032,0.1208,11.176,22.259,16.74,0.0,1.1371,0.9725,0,0.0796,0.3167,1.3235,none,Normal
CUST02976,14.778,2.42,0.1638,8.855,21.207,14.754,0.0,0.9614,1.1776,0,0.0405,0.2222,1.435,none,Normal
CUST02977,18.014,2.826,0.1569,10.877,25.341,17.892,0.0,1.1012,1.1254,0,0.0626,0.2167,1.4068,none,Normal
CUST02978,5.428,2.44,0.4495,0.267,12.669,5.302,0.0,0.8103,1.3572,22,0.2329,0.0889,2.3341,none,Normal
CUST02979,11.458,2.334,0.2037,5.233,15.871,11.582,0.0,1.3414,1.1526,0,0.1688,0.1611,1.3851,none,Normal
CUST02980,26.181,1.628,0.0622,22.273,30.75,26.199,0.0,0.9995,1.054,0,0.0242,0.5389,1.1745,none,Normal
CUST02981,6.444,3.146,0.4883,0.001,13.368,6.848,0.0556,0.6029,1.163,15,0.3621,0.0944,2.0745,zero_stretches,Theft
CUST02982,12.775,3.965,0.3103,4.228,21.034,12.64,0.0,0.607,1.0588,2,0.2652,0.1167,1.6465,none,Normal
CUST02983,16.467,3.989,0.2422,8.748,27.92,15.822,0.0,0.69,0.9454,0,0.2071,0.1667,1.6955,none,Normal
CUST02984,8.467,3.91,0.4618,2.384,20.01,7.658,0.0,0.4652,0.9761,5,0.4263,0.1,2.3633,gradual_underreport,Theft
CUST02985,15.075,2.448,0.1624,9.449,20.73,15.083,0.0,0.8592,0.7889,0,0.0867,0.2222,1.3751,none,Normal
CUST02986,24.64,2.624,0.1065,18.547,30.83,24.608,0.0,0.9026,1.1449,0,0.0568,0.3556,1.2512,none,Normal
CUST02987,18.509,2.334,0.1261,12.551,22.615,18.954,0.0,0.8542,1.1132,0,0.097,0.2889,1.2218,none,Normal
CUST02988,17.366,3.321,0.1912,9.233,26.154,17.077,0.0,1.3259,0.9618,0,0.1582,0.1833,1.5061,none,Normal
CUST02989,25.055,3.485,0.1391,17.544,32.613,25.039,0.0,0.8216,0.9781,0,0.1082,0.25,1.3017,none,Normal
CUST02990,11.354,2.264,0.1994,6.698,16.739,11.157,0.0,1.3245,1.133,0,0.1529,0.2056,1.4742,none,Normal
CUST02991,2.649,0.843,0.3181,0.907,5.046,2.565,0.0,0.7478,0.9183,8,0.231,0.1333,1.9047,sudden_drop,Theft
CUST02992,22.219,1.539,0.0693,18.441,24.64,22.604,0.0,1.0933,0.9982,0,0.0651,0.5,1.109,none,Normal
CUST02993,15.144,1.346,0.0889,11.362,19.044,15.278,0.0,0.9815,1.0612,0,0.045,0.4,1.2575,none,Normal
CUST02994,12.95,1.077,0.0832,10.024,15.28,12.992,0.0,1.0112,1.0482,0,0.0486,0.4,1.1799,none,Normal
CUST02995,17.217,2.791,0.1621,11.566,22.557,17.149,0.0,1.2343,1.1689,0,0.1159,0.2111,1.3102,none,Normal
CUST02996,12.041,1.577,0.131,8.156,15.836,12.038,0.0,0.9297,0.9815,0,0.0504,0.2778,1.3152,none,Normal
CUST02997,22.757,1.234,0.0542,18.818,26.221,22.79,0.0,1.0172,0.9536,0,0.016,0.6556,1.1523,none,Normal
CUST02998,3.45,2.348,0.6806,0.0,8.835,3.364,0.1167,0.4946,0.2811,39,0.364,0.0333,2.5605,none,Normal
CUST02999,3.553,2.208,0.6214,0.0,8.701,3.386,0.0556,0.5507,1.5901,42,0.3748,0.0611,2.449,none,Normal
CUST03000,6.924,2.655,0.3835,0.0,14.817,6.802,0.0111,0.9513,1.1945,13,0.2,0.1556,2.1401,none,Normal
